{
  "dataset": "isotropic1024coarse",
  "delta_aic_threshold": 10.0,
  "destroyed_rho_drop": 0.2,
  "field": "velocity",
  "point_count": 4,
  "protocols": {
    "blind": {
      "delta_aic": 995.6748250135738,
      "entropy_sum": 4.283784312815366,
      "mu_sum": 4.01742060159151,
      "runtime_ci_high": 0.46572761646943867,
      "runtime_ci_low": 0.1338816928195324,
      "runtime_slope": 0.24607659924165515,
      "runtime_sum": 1.0295332419583128,
      "spearman_pvalue": 0.0,
      "spearman_rho": 1.0,
      "step_count": 16
    },
    "destroyed": {
      "delta_aic": -0.0037048585199386252,
      "entropy_sum": -0.009772264516457352,
      "mu_sum": 3.878538685301236,
      "runtime_ci_high": 0.06951298896289965,
      "runtime_ci_low": 0.05246115756248498,
      "runtime_slope": 0.060057134305940174,
      "runtime_sum": 0.2321481872855873,
      "spearman_pvalue": 0.7235441226811103,
      "spearman_rho": 0.09411764705882353,
      "step_count": 16
    },
    "sighted": {
      "delta_aic": -0.05953079051647592,
      "entropy_sum": 4.874129926308614,
      "mu_sum": 4.9109952355725355,
      "runtime_ci_high": 0.07433427052766942,
      "runtime_ci_low": 0.049886274824857385,
      "runtime_slope": 0.06123598118298862,
      "runtime_sum": 0.30000000000000004,
      "spearman_pvalue": 0.0,
      "spearman_rho": 1.0,
      "step_count": 16
    }
  },
  "protocols_checked": [
    "sighted",
    "blind",
    "destroyed"
  ],
  "pvalue_threshold": 1e-06,
  "skipped_protocols": [],
  "slope_tolerance": 0.1,
  "spearman_threshold": 0.9,
  "status": true,
  "time_count": 4
}
