{
  "alpha_to_beta_losses": [
    71.66052307128906,
    40.030951232910155,
    42.31577835083008,
    36.90979286193848,
    35.48747909545899,
    33.155332794189455,
    32.114383392333984,
    31.19060935974121,
    31.014037399291993,
    31.03734001159668
  ],
  "beta_to_alpha_losses": [
    71.51947433471679,
    39.833976135253906,
    37.631084289550785,
    36.04020820617676,
    34.55663459777832,
    32.41384300231934,
    31.318071517944336,
    31.09752784729004,
    30.789511337280274,
    31.137248992919922
  ]
}