{
  "dataset": "isotropic1024coarse",
  "delta_aic": null,
  "entropy_sum": 4.874129926308614,
  "mu_sum": 4.9109952355725355,
  "protocol": "sighted",
  "runtime_ci_high": 0.07433427052766942,
  "runtime_ci_low": 0.049886274824857385,
  "runtime_slope": 0.06123598118298862,
  "runtime_sum": 0.30000000000000004,
  "spearman_pvalue": 0.0,
  "spearman_rho": 1.0,
  "step_count": 16
}
