Model,aK,ad,aT,offset,R2
ols,0.1405873924200217,178.28273908446118,107.61953242536087,-343.39577059755226,0.990729109725274
ols,0.1405873924200217,178.28273908446118,107.61953242536087,-343.39577059755226,0.990729109725274
ols,0.1405873924200217,178.28273908446118,107.61953242536087,-343.39577059755226,0.990729109725274
ols,0.14058739242002172,178.28273908446118,107.61953242536089,-343.39577059755226,0.9907291097252741
