{
  "intercept_tolerance": 0.05,
  "metadata_digest_matches": true,
  "pvalue_threshold": 1e-06,
  "rho_threshold": 0.9,
  "slope_target": 1.0,
  "status": true,
  "trial_count": 4,
  "trials": [
    {
      "entropy_residual": 1.1102230246251565e-16,
      "entropy_sum": 0.5556384748909321,
      "intercept": -0.005656232912656531,
      "intercept_close": true,
      "key": {
        "T": 0.75,
        "protocol": "blind",
        "seed": 0,
        "trial_id": 0
      },
      "mu_sum": 0.555638474890932,
      "p_value": 0.0,
      "p_value_ok": true,
      "rho": 0.9947826086956522,
      "rho_ok": true,
      "series_matches": true,
      "slope": 0.9850465119862539,
      "slope_ci": [
        0.672335080504509,
        1.2151623487268857
      ],
      "slope_covers_target": true,
      "summary_entropy_residual": 0.0,
      "summary_entropy_sum": 0.5556384749,
      "summary_intercept": -0.0056562329,
      "summary_matches_ledger": true,
      "summary_mu_sum": 0.5556384749,
      "summary_p_value": 0.0,
      "summary_rho": 0.9947826087,
      "summary_slope": 0.985046512,
      "summary_slope_ci": [
        0.6723350805,
        1.2151623487
      ]
    },
    {
      "entropy_residual": -2.7755575615628914e-17,
      "entropy_sum": -0.17020158434697025,
      "intercept": -0.0006208247434095187,
      "intercept_close": true,
      "key": {
        "T": 0.75,
        "protocol": "blind",
        "seed": 0,
        "trial_id": 1
      },
      "mu_sum": -0.17020158434697022,
      "p_value": 0.0,
      "p_value_ok": true,
      "rho": 0.9982608695652174,
      "rho_ok": true,
      "series_matches": true,
      "slope": 1.0023023548785388,
      "slope_ci": [
        0.7574058093142498,
        1.1997807431826049
      ],
      "slope_covers_target": true,
      "summary_entropy_residual": 0.0,
      "summary_entropy_sum": -0.1702015843,
      "summary_intercept": -0.0006208247,
      "summary_matches_ledger": true,
      "summary_mu_sum": -0.1702015843,
      "summary_p_value": 0.0,
      "summary_rho": 0.9982608696,
      "summary_slope": 1.0023023549,
      "summary_slope_ci": [
        0.7574058093,
        1.1997807432
      ]
    },
    {
      "entropy_residual": 0.0,
      "entropy_sum": 0.4733008693137685,
      "intercept": 0.0009559990727891366,
      "intercept_close": true,
      "key": {
        "T": 1.25,
        "protocol": "blind",
        "seed": 0,
        "trial_id": 0
      },
      "mu_sum": 0.4733008693137685,
      "p_value": 0.0,
      "p_value_ok": true,
      "rho": 0.9956521739130435,
      "rho_ok": true,
      "series_matches": true,
      "slope": 1.0066368822031035,
      "slope_ci": [
        0.5576380995093382,
        1.4787392244711883
      ],
      "slope_covers_target": true,
      "summary_entropy_residual": 0.0,
      "summary_entropy_sum": 0.4733008693,
      "summary_intercept": 0.0009559991,
      "summary_matches_ledger": true,
      "summary_mu_sum": 0.4733008693,
      "summary_p_value": 0.0,
      "summary_rho": 0.9956521739,
      "summary_slope": 1.0066368822,
      "summary_slope_ci": [
        0.5576380995,
        1.4787392245
      ]
    },
    {
      "entropy_residual": 0.0,
      "entropy_sum": 1.9006697344997754,
      "intercept": 0.0001688217372172382,
      "intercept_close": true,
      "key": {
        "T": 1.25,
        "protocol": "blind",
        "seed": 0,
        "trial_id": 1
      },
      "mu_sum": 1.9006697344997754,
      "p_value": 0.0,
      "p_value_ok": true,
      "rho": 0.9973913043478261,
      "rho_ok": true,
      "series_matches": true,
      "slope": 0.988906318060205,
      "slope_ci": [
        0.7067425450292305,
        1.4600589341788428
      ],
      "slope_covers_target": true,
      "summary_entropy_residual": -0.0,
      "summary_entropy_sum": 1.9006697345,
      "summary_intercept": 0.0001688217,
      "summary_matches_ledger": true,
      "summary_mu_sum": 1.9006697345,
      "summary_p_value": 0.0,
      "summary_rho": 0.9973913043,
      "summary_slope": 0.9889063181,
      "summary_slope_ci": [
        0.706742545,
        1.4600589342
      ]
    }
  ]
}
