{
  "dataset": "convection_cells_01",
  "delta_aic_threshold": 10.0,
  "oos_median_abs_pct_error": 0.01678684961802545,
  "oos_threshold": 0.1,
  "protocols": {
    "blind": {
      "delta_aic": 553.2621289833756,
      "entropy_residual": 0.4500000000000002,
      "entropy_sum": 6.47044073705634,
      "mu_sum": 6.02044073705634,
      "slope": 1.0269987398258391,
      "slope_ci_high": 6.657744304817325,
      "slope_ci_low": -30.649458345031626,
      "slope_intercept": 0.03394267456557298,
      "spearman_pvalue": 7.431743208430708e-21,
      "spearman_rho": 0.9623515200690814,
      "step_count": 9
    },
    "destroyed": {
      "delta_aic": -0.24692445095332083,
      "entropy_residual": -6.0967103888576775,
      "entropy_sum": -0.07626965180133759,
      "mu_sum": 6.02044073705634,
      "slope": -0.025774308237357522,
      "slope_ci_high": 28.772766880406564,
      "slope_ci_low": -0.2892133343902888,
      "slope_intercept": -0.0012707904041957575,
      "spearman_pvalue": 0.34730467830803335,
      "spearman_rho": -0.3347309635022892,
      "step_count": 9
    },
    "sighted": {
      "delta_aic": -10.492060658342165,
      "entropy_residual": -0.00018474341067253874,
      "entropy_sum": 6.020255993645668,
      "mu_sum": 6.02044073705634,
      "slope": 0.9998879428479154,
      "slope_ci_high": 1.0005818946835212,
      "slope_ci_low": 0.9977006399683269,
      "slope_intercept": 2.0596177911280655e-05,
      "spearman_pvalue": 3.6094916516582618e-183,
      "spearman_rho": 0.9958246164193104,
      "step_count": 9
    }
  },
  "pvalue_threshold": 1e-06,
  "spearman_threshold": 0.9,
  "status": true
}
