{
  "dataset": "optical_tweezers_01",
  "delta_aic_threshold": 10.0,
  "oos_median_abs_pct_error": 0.0060386219722706035,
  "oos_threshold": 0.1,
  "protocols": {
    "blind": {
      "delta_aic": 553.2621289833756,
      "entropy_residual": 0.4500000000000002,
      "entropy_sum": 6.5161652907412115,
      "mu_sum": 6.066165290741211,
      "slope": 1.0268671471080524,
      "slope_ci_high": 6.62535225817536,
      "slope_ci_low": -30.518410233431464,
      "slope_intercept": 0.0338925663886972,
      "spearman_pvalue": 7.431743208430708e-21,
      "spearman_rho": 0.9623515200690814,
      "step_count": 9
    },
    "destroyed": {
      "delta_aic": -0.24692445095332083,
      "entropy_residual": -6.142434942542549,
      "entropy_sum": -0.07626965180133759,
      "mu_sum": 6.066165290741211,
      "slope": -0.02564046424752886,
      "slope_ci_high": 28.65027478796691,
      "slope_ci_low": -0.2878045800665592,
      "slope_intercept": -0.0012278681429625238,
      "spearman_pvalue": 0.34730467830803335,
      "spearman_rho": -0.3347309635022892,
      "step_count": 9
    },
    "sighted": {
      "delta_aic": -10.492060658342165,
      "entropy_residual": 0.0003282930079935298,
      "entropy_sum": 6.066493583749205,
      "mu_sum": 6.066165290741211,
      "slope": 0.9998179386648129,
      "slope_ci_high": 1.0009449765281866,
      "slope_ci_low": 0.9962715687757998,
      "slope_intercept": 0.00010396136494705832,
      "spearman_pvalue": 3.6094916516582618e-183,
      "spearman_rho": 0.9958246164193104,
      "step_count": 9
    }
  },
  "pvalue_threshold": 1e-06,
  "spearman_threshold": 0.9,
  "status": true
}
