{
  "problem": "tseitin",
  "timestamp": 1761980452,
  "scaling_analysis": {
    "partitions": [
      6,
      8,
      10,
      12,
      14,
      16,
      18
    ],
    "mu_blind_avg": [
      15.0,
      26.0,
      46.666666666666664,
      42.666666666666664,
      107.33333333333333,
      133.33333333333334,
      172.0
    ],
    "mu_sighted_avg": [
      285.0,
      348.0,
      435.0,
      530.0,
      641.0,
      768.0,
      911.0
    ],
    "mu_answer_avg": [
      9.0,
      12.0,
      15.0,
      18.0,
      21.0,
      24.0,
      27.0
    ],
    "num_vars": [
      9,
      12,
      15,
      18,
      21,
      24,
      27
    ],
    "mu_answer_per_var": [
      1.0,
      1.0,
      1.0,
      1.0,
      1.0,
      1.0,
      1.0
    ],
    "exp_slope": 0.2039420248376002,
    "exp_intercept": 1.5925358220125148,
    "exp_r2": 0.9575789480788277,
    "ans_slope": 1.4999999999999996,
    "ans_intercept": 7.105427357601002e-15,
    "ans_r2": 1.0,
    "sighted_quad_slope": 1.8809523809523794,
    "sighted_quad_r2": 0.9999508637839677,
    "exp_slope_ci": [
      0.17101424859818248,
      0.23872691437797464
    ],
    "ans_slope_ci": [
      1.4999999999999993,
      1.5000000000000007
    ],
    "ratio_slope": 0.4087301587301587,
    "ratio": [
      1.6666666666666667,
      2.1666666666666665,
      3.1111111111111107,
      2.3703703703703702,
      5.111111111111111,
      5.555555555555556,
      6.37037037037037
    ],
    "ratio_ci": [
      0.2177777777777777,
      0.5250432080985054,
      0.6144267226698918,
      0.7960399242767439,
      1.1711174362047196,
      2.526099015194753,
      2.5052333701040967
    ],
    "aic_exp": -20.668096152877485,
    "aic_poly": -20.668096152877496,
    "aic_const": 27.08463256919277,
    "aic_linear": -467.7259903589937,
    "monotonicity_p": 0.003,
    "runtime_correlation": {
      "rho": 0.901686625033285,
      "p_value": 2.3921684521328297e-08
    }
  }
}