{
  "dataset": "optical_tweezers_01",
  "delta_aic": null,
  "entropy_residual": -6.142434942542549,
  "entropy_sum": -0.07626965180133759,
  "mu_sum": 6.066165290741211,
  "protocol": "destroyed",
  "slope": -0.02564046424752886,
  "slope_ci_high": 28.65027478796691,
  "slope_ci_low": -0.2878045800665592,
  "slope_intercept": -0.0012278681429625238,
  "spearman_pvalue": 0.34730467830803335,
  "spearman_rho": -0.3347309635022892,
  "step_count": 9
}
