{
  "dataset": "single_particle_03",
  "delta_aic": 553.2621289833756,
  "entropy_residual": 0.4500000000000002,
  "entropy_sum": 6.434239029552893,
  "mu_sum": 5.984239029552893,
  "protocol": "blind",
  "slope": 1.0271044168911532,
  "slope_ci_high": 6.683759699157793,
  "slope_ci_low": -30.754708615006116,
  "slope_intercept": 0.03398230722054629,
  "spearman_pvalue": 7.431743208430708e-21,
  "spearman_rho": 0.9623515200690814,
  "step_count": 9
}
