{
  "dataset": "single_particle_03",
  "delta_aic": null,
  "entropy_residual": -6.06050868135423,
  "entropy_sum": -0.07626965180133759,
  "mu_sum": 5.984239029552893,
  "protocol": "destroyed",
  "slope": -0.025881784057550063,
  "slope_ci_high": 28.871145453174627,
  "slope_ci_low": -0.2903447487664582,
  "slope_intercept": -0.001304741672031106,
  "spearman_pvalue": 0.34730467830803335,
  "spearman_rho": -0.3347309635022892,
  "step_count": 9
}
