{
  "dataset": "single_particle_03",
  "delta_aic": null,
  "entropy_residual": -0.0006813526671525238,
  "entropy_sum": 5.983557676885741,
  "mu_sum": 5.984239029552893,
  "protocol": "sighted",
  "slope": 0.9998450420421812,
  "slope_ci_high": 1.0008049804666077,
  "slope_ci_low": 0.9968152987792129,
  "slope_intercept": -1.929039611059391e-05,
  "spearman_pvalue": 3.6094916516582618e-183,
  "spearman_rho": 0.9958246164193104,
  "step_count": 9
}
