{
  "delta_aic_threshold": 10.0,
  "metadata_digest_matches": true,
  "status": true,
  "trial_count": 12,
  "trials": [
    {
      "blind_delta_aic_ok": true,
      "key": {
        "domain": "compression",
        "protocol": "blind",
        "seed": 0,
        "trial_id": 0
      },
      "ledger": {
        "domain_aic_exponential": -172.5366835109396,
        "domain_aic_polynomial": -68.80813129949821,
        "domain_delta_aic": 103.7285522114414,
        "domain_slope": 3.013238208276394,
        "domain_slope_ci_high": 3.0706948474603717,
        "domain_slope_ci_low": 2.9557815690924167,
        "mu_total_bits": 1.2175883584174658,
        "runtime_total": 4.057404714735443,
        "structure_integrity": 0.5
      },
      "sighted_flatness": true,
      "structure_ok": true,
      "summary": {
        "domain_aic_exponential": -172.5366835109,
        "domain_aic_polynomial": -68.8081312995,
        "domain_delta_aic": 103.7285522114,
        "domain_slope": 3.0132382083,
        "domain_slope_ci_high": 3.0706948475,
        "domain_slope_ci_low": 2.9557815691,
        "mu_total_bits": 1.2175883584,
        "runtime_total": 4.0574047147,
        "structure_integrity": 0.5
      },
      "summary_matches_ledger": true
    },
    {
      "blind_delta_aic_ok": true,
      "key": {
        "domain": "compression",
        "protocol": "blind",
        "seed": 0,
        "trial_id": 1
      },
      "ledger": {
        "domain_aic_exponential": -172.5366835109396,
        "domain_aic_polynomial": -68.80813129949821,
        "domain_delta_aic": 103.7285522114414,
        "domain_slope": 3.013238208276394,
        "domain_slope_ci_high": 3.0706948474603717,
        "domain_slope_ci_low": 2.9557815690924167,
        "mu_total_bits": 1.1997646027714566,
        "runtime_total": 4.003526988198473,
        "structure_integrity": 0.5
      },
      "sighted_flatness": true,
      "structure_ok": true,
      "summary": {
        "domain_aic_exponential": -172.5366835109,
        "domain_aic_polynomial": -68.8081312995,
        "domain_delta_aic": 103.7285522114,
        "domain_slope": 3.0132382083,
        "domain_slope_ci_high": 3.0706948475,
        "domain_slope_ci_low": 2.9557815691,
        "mu_total_bits": 1.1997646028,
        "runtime_total": 4.0035269882,
        "structure_integrity": 0.5
      },
      "summary_matches_ledger": true
    },
    {
      "blind_delta_aic_ok": true,
      "key": {
        "domain": "compression",
        "protocol": "blind",
        "seed": 0,
        "trial_id": 2
      },
      "ledger": {
        "domain_aic_exponential": -172.5366835109396,
        "domain_aic_polynomial": -68.80813129949821,
        "domain_delta_aic": 103.7285522114414,
        "domain_slope": 3.013238208276394,
        "domain_slope_ci_high": 3.0706948474603717,
        "domain_slope_ci_low": 2.9557815690924167,
        "mu_total_bits": 1.2228470399978266,
        "runtime_total": 4.07343876276148,
        "structure_integrity": 0.5
      },
      "sighted_flatness": true,
      "structure_ok": true,
      "summary": {
        "domain_aic_exponential": -172.5366835109,
        "domain_aic_polynomial": -68.8081312995,
        "domain_delta_aic": 103.7285522114,
        "domain_slope": 3.0132382083,
        "domain_slope_ci_high": 3.0706948475,
        "domain_slope_ci_low": 2.9557815691,
        "mu_total_bits": 1.22284704,
        "runtime_total": 4.0734387628,
        "structure_integrity": 0.5
      },
      "summary_matches_ledger": true
    },
    {
      "blind_delta_aic_ok": true,
      "key": {
        "domain": "ldpc",
        "protocol": "blind",
        "seed": 0,
        "trial_id": 0
      },
      "ledger": {
        "domain_aic_exponential": -172.5366835109396,
        "domain_aic_polynomial": -75.6340339831936,
        "domain_delta_aic": 96.90264952774601,
        "domain_slope": 3.5503027382229693,
        "domain_slope_ci_high": 3.5904695580543486,
        "domain_slope_ci_low": 3.51013591839159,
        "mu_total_bits": 1.3960320036165375,
        "runtime_total": 4.795135266871194,
        "structure_integrity": 0.5
      },
      "sighted_flatness": true,
      "structure_ok": true,
      "summary": {
        "domain_aic_exponential": -172.5366835109,
        "domain_aic_polynomial": -75.6340339832,
        "domain_delta_aic": 96.9026495277,
        "domain_slope": 3.5503027382,
        "domain_slope_ci_high": 3.5904695581,
        "domain_slope_ci_low": 3.5101359184,
        "mu_total_bits": 1.3960320036,
        "runtime_total": 4.7951352669,
        "structure_integrity": 0.5
      },
      "summary_matches_ledger": true
    },
    {
      "blind_delta_aic_ok": true,
      "key": {
        "domain": "ldpc",
        "protocol": "blind",
        "seed": 0,
        "trial_id": 1
      },
      "ledger": {
        "domain_aic_exponential": -172.5366835109396,
        "domain_aic_polynomial": -75.6340339831936,
        "domain_delta_aic": 96.90264952774601,
        "domain_slope": 3.5503027382229693,
        "domain_slope_ci_high": 3.5904695580543486,
        "domain_slope_ci_low": 3.51013591839159,
        "mu_total_bits": 1.408169684970765,
        "runtime_total": 4.838985923977064,
        "structure_integrity": 0.5
      },
      "sighted_flatness": true,
      "structure_ok": true,
      "summary": {
        "domain_aic_exponential": -172.5366835109,
        "domain_aic_polynomial": -75.6340339832,
        "domain_delta_aic": 96.9026495277,
        "domain_slope": 3.5503027382,
        "domain_slope_ci_high": 3.5904695581,
        "domain_slope_ci_low": 3.5101359184,
        "mu_total_bits": 1.408169685,
        "runtime_total": 4.838985924,
        "structure_integrity": 0.5
      },
      "summary_matches_ledger": true
    },
    {
      "blind_delta_aic_ok": true,
      "key": {
        "domain": "ldpc",
        "protocol": "blind",
        "seed": 0,
        "trial_id": 2
      },
      "ledger": {
        "domain_aic_exponential": -172.5366835109396,
        "domain_aic_polynomial": -75.6340339831936,
        "domain_delta_aic": 96.90264952774601,
        "domain_slope": 3.5503027382229693,
        "domain_slope_ci_high": 3.5904695580543486,
        "domain_slope_ci_low": 3.51013591839159,
        "mu_total_bits": 1.3606463180079702,
        "runtime_total": 4.66954974980449,
        "structure_integrity": 0.5
      },
      "sighted_flatness": true,
      "structure_ok": true,
      "summary": {
        "domain_aic_exponential": -172.5366835109,
        "domain_aic_polynomial": -75.6340339832,
        "domain_delta_aic": 96.9026495277,
        "domain_slope": 3.5503027382,
        "domain_slope_ci_high": 3.5904695581,
        "domain_slope_ci_low": 3.5101359184,
        "mu_total_bits": 1.360646318,
        "runtime_total": 4.6695497498,
        "structure_integrity": 0.5
      },
      "summary_matches_ledger": true
    },
    {
      "blind_delta_aic_ok": true,
      "key": {
        "domain": "compression",
        "protocol": "blind",
        "seed": 1,
        "trial_id": 0
      },
      "ledger": {
        "domain_aic_exponential": -172.5366835109396,
        "domain_aic_polynomial": -68.80813129949821,
        "domain_delta_aic": 103.7285522114414,
        "domain_slope": 3.013238208276394,
        "domain_slope_ci_high": 3.0706948474603717,
        "domain_slope_ci_low": 2.9557815690924167,
        "mu_total_bits": 1.2721357813702934,
        "runtime_total": 4.226837610332339,
        "structure_integrity": 0.5
      },
      "sighted_flatness": true,
      "structure_ok": true,
      "summary": {
        "domain_aic_exponential": -172.5366835109,
        "domain_aic_polynomial": -68.8081312995,
        "domain_delta_aic": 103.7285522114,
        "domain_slope": 3.0132382083,
        "domain_slope_ci_high": 3.0706948475,
        "domain_slope_ci_low": 2.9557815691,
        "mu_total_bits": 1.2721357814,
        "runtime_total": 4.2268376103,
        "structure_integrity": 0.5
      },