{
  "slope": {
    "value": 0.959291818995274,
    "ci_lower": 0.9408783050027831,
    "ci_upper": 0.977705332987765,
    "pass": false
  },
  "intercept": {
    "value": -3.2863825141013177e-11,
    "ci_lower": -1.354716325980832e-10,
    "ci_upper": 6.974398231605684e-11,
    "median_e_ratio": 0.010568676549687862,
    "pass": true
  },
  "r_squared": {
    "value": 0.9357747167536808,
    "pass": false
  },
  "bland_altman": {
    "mean_bias_percent": -5.034547625874718,
    "pass": false
  },
  "controls": {
    "constant_mu": {
      "energy_change_percent": 0.53256694462227,
      "p_value": 0.8683938267707833,
      "pass": true
    },
    "constant_time": {
      "slope": 0.9304117089850612,
      "slope_ci": [
        0.8514724895828096,
        1.0093509283873128
      ],
      "p_value": NaN,
      "pass": false
    }
  },
  "invariance": {
    "temperature": {
      "slopes": [
        0.9683349258929013,
        0.9420122602084202,
        0.9671068690069801
      ],
      "all_slopes_in_range": false,
      "anova_p_value": 0.7779434856416805,
      "pass": false
    },
    "dvfs": {
      "slopes": [
        0.948428985694067,
        0.9573059046692143,
        0.9728621416369561
      ],
      "all_slopes_in_range": false,
      "pass": false
    }
  },
  "overall_pass": false
}