{
  "dataset": "brownian_beads_02",
  "delta_aic_threshold": 10.0,
  "oos_median_abs_pct_error": 0.011209824757244895,
  "oos_threshold": 0.1,
  "protocols": {
    "blind": {
      "delta_aic": 553.2621289833756,
      "entropy_residual": 0.4500000000000002,
      "entropy_sum": 6.49407532199445,
      "mu_sum": 6.04407532199445,
      "slope": 1.0269304610261236,
      "slope_ci_high": 6.640936770934257,
      "slope_ci_low": -30.581460290499592,
      "slope_intercept": 0.033916781112895644,
      "spearman_pvalue": 7.431743208430708e-21,
      "spearman_rho": 0.9623515200690814,
      "step_count": 9
    },
    "destroyed": {
      "delta_aic": -0.24692445095332083,
      "entropy_residual": -6.120344973795787,
      "entropy_sum": -0.07626965180133759,
      "mu_sum": 6.04407532199445,
      "slope": -0.025704862922621495,
      "slope_ci_high": 28.709208360194847,
      "slope_ci_low": -0.2884823647040518,
      "slope_intercept": -0.001248609887822957,
      "spearman_pvalue": 0.34730467830803335,
      "spearman_rho": -0.3347309635022892,
      "step_count": 9
    },
    "sighted": {
      "delta_aic": -10.492060658342165,
      "entropy_residual": 1.9714029781958686e-05,
      "entropy_sum": 6.044095036024232,
      "mu_sum": 6.04407532199445,
      "slope": 0.9998574305354692,
      "slope_ci_high": 1.000740171898025,
      "slope_ci_low": 0.9970775063924335,
      "slope_intercept": 5.4781876178244815e-05,
      "spearman_pvalue": 3.6094916516582618e-183,
      "spearman_rho": 0.9958246164193104,
      "step_count": 9
    }
  },
  "pvalue_threshold": 1e-06,
  "spearman_threshold": 0.9,
  "status": true
}
