{
  "dataset": "single_particle_03",
  "delta_aic_threshold": 10.0,
  "oos_median_abs_pct_error": 0.025419205171767947,
  "oos_threshold": 0.1,
  "protocols": {
    "blind": {
      "delta_aic": 553.2621289833756,
      "entropy_residual": 0.4500000000000002,
      "entropy_sum": 6.434239029552893,
      "mu_sum": 5.984239029552893,
      "slope": 1.0271044168911532,
      "slope_ci_high": 6.683759699157793,
      "slope_ci_low": -30.754708615006116,
      "slope_intercept": 0.03398230722054629,
      "spearman_pvalue": 7.431743208430708e-21,
      "spearman_rho": 0.9623515200690814,
      "step_count": 9
    },
    "destroyed": {
      "delta_aic": -0.24692445095332083,
      "entropy_residual": -6.06050868135423,
      "entropy_sum": -0.07626965180133759,
      "mu_sum": 5.984239029552893,
      "slope": -0.025881784057550063,
      "slope_ci_high": 28.871145453174627,
      "slope_ci_low": -0.2903447487664582,
      "slope_intercept": -0.001304741672031106,
      "spearman_pvalue": 0.34730467830803335,
      "spearman_rho": -0.3347309635022892,
      "step_count": 9
    },
    "sighted": {
      "delta_aic": -10.492060658342165,
      "entropy_residual": -0.0006813526671525238,
      "entropy_sum": 5.983557676885741,
      "mu_sum": 5.984239029552893,
      "slope": 0.9998450420421812,
      "slope_ci_high": 1.0008049804666077,
      "slope_ci_low": 0.9968152987792129,
      "slope_intercept": -1.929039611059391e-05,
      "spearman_pvalue": 3.6094916516582618e-183,
      "spearman_rho": 0.9958246164193104,
      "step_count": 9
    }
  },
  "pvalue_threshold": 1e-06,
  "spearman_threshold": 0.9,
  "status": true
}
