{
  "timestamp": "2025-11-30T22:22:09.115584",
  "total_runs": 16,
  "families": {
    "tseitin": {
      "blind": {
        "count": 8,
        "avg_time": 0.21418270468711853,
        "avg_decisions": 1674.375,
        "avg_mu": 10986.0
      },
      "sighted": {
        "count": 8,
        "avg_time": 0.00021988153457641602,
        "avg_decisions": 0.0,
        "avg_mu": 14.75
      },
      "speedup_mu": 744.8135593220339
    }
  }
}