{
  "problem": "tseitin",
  "timestamp": 1764639258,
  "scaling_analysis": {
    "partitions": [
      6,
      8
    ],
    "mu_blind_avg": [
      68.0,
      196.0
    ],
    "mu_blind_raw": [
      68.0,
      196.0
    ],
    "mu_sighted_avg": [
      285.0,
      348.0
    ],
    "mu_answer_avg": [
      9.0,
      12.0
    ],
    "num_vars": [
      9,
      12
    ],
    "mu_answer_per_var": [
      1.0,
      1.0
    ],
    "exp_slope": 0.5293034770272048,
    "exp_intercept": 1.0436868430128783,
    "exp_r2": 1.0,
    "ans_slope": 0.0,
    "ans_intercept": 1.0,
    "ans_r2": 1.0,
    "sighted_quad_slope": null,
    "sighted_quad_r2": null,
    "exp_slope_ci": [
      0.0,
      0.5293034770272048
    ],
    "ans_slope_ci": [
      0.0,
      0.0
    ],
    "ratio_slope": 4.388888888888887,
    "ratio": [
      7.555555555555555,
      16.333333333333332
    ],
    "ratio_raw": [
      7.555555555555555,
      16.333333333333332
    ],
    "ratio_ci": [
      0.0,
      0.0
    ],
    "ratio_slope_ci": [
      0.0,
      63.999999999999986
    ],
    "aic_exp": -117.70353975886138,
    "aic_poly": Infinity,
    "aic_const": Infinity,
    "aic_linear": Infinity,
    "delta_aic_exp_poly": null,
    "monotonicity_p": 1.0,
    "runtime_correlation": {
      "rho": -0.9999999999999999,
      "p_value": NaN
    }
  }
}