{
  "seed": 0,
  "T": 1.0,
  "F": 0.01,
  "n_trials": 80,
  "n_walkers": 40000,
  "steps": 5000,
  "D_median": 1.2517991298743485,
  "D_mad": 0.006736279267029244,
  "mu_median": 1.0019455469526792,
  "mu_mad": 0.007380254670673547,
  "Dminus_median": 0.2502040073867118,
  "Dminus_mad": 0.007672818034746287
}