{
  "problem_name": "random3sat_n20_r4.26_seed0",
  "n": 20,
  "seed": 0,
  "timestamp": 1762056955.9807987,
  "input": {
    "num_clauses": 85,
    "num_variables": 20
  },
  "graph_metrics": {
    "num_nodes": 20,
    "num_edges": 137,
    "avg_degree": 13.7,
    "density": 0.7210526315789474
  },
  "partitions": {
    "louvain": {
      "num_clusters": 3,
      "assignment": {
        "4": 0,
        "5": 0,
        "9": 0,
        "10": 0,
        "12": 0,
        "13": 0,
        "16": 0,
        "20": 0,
        "17": 1,
        "2": 1,
        "6": 1,
        "11": 1,
        "14": 1,
        "15": 1,
        "1": 2,
        "18": 2,
        "3": 2,
        "19": 2,
        "7": 2,
        "8": 2
      }
    },
    "spectral": {
      "num_clusters": 2,
      "assignment": {
        "1": 0,
        "2": 0,
        "3": 0,
        "4": 1,
        "5": 1,
        "6": 0,
        "7": 0,
        "8": 0,
        "9": 1,
        "10": 1,
        "11": 0,
        "12": 1,
        "13": 1,
        "14": 0,
        "15": 0,
        "16": 1,
        "17": 1,
        "18": 0,
        "19": 0,
        "20": 1
      }
    },
    "degree": {
      "num_clusters": 2,
      "assignment": {
        "7": 0,
        "16": 1,
        "2": 0,
        "3": 1,
        "11": 0,
        "20": 1,
        "10": 0,
        "4": 1,
        "5": 0,
        "13": 1,
        "15": 0,
        "1": 1,
        "19": 0,
        "14": 1,
        "17": 0,
        "8": 1,
        "18": 0,
        "9": 1,
        "12": 0,
        "6": 1
      }
    },
    "balanced": {
      "num_clusters": 2,
      "assignment": {
        "1": 0,
        "2": 1,
        "3": 0,
        "4": 1,
        "5": 0,
        "6": 1,
        "7": 0,
        "8": 1,
        "9": 0,
        "10": 1,
        "11": 0,
        "12": 1,
        "13": 0,
        "14": 1,
        "15": 0,
        "16": 1,
        "17": 0,
        "18": 1,
        "19": 0,
        "20": 1
      }
    }
  },
  "consistency_analysis": {
    "vi_matrix": {
      "louvain": {
        "louvain": 0.0,
        "spectral": 0.9681895934558726,
        "degree": 2.485475297227334,
        "balanced": 2.485475297227334
      },
      "spectral": {
        "louvain": 0.9681895934558726,
        "spectral": 0.0,
        "degree": 1.9781761404668603,
        "balanced": 1.9781761404668603
      },
      "degree": {
        "louvain": 2.485475297227334,
        "spectral": 1.9781761404668603,
        "degree": 0.0,
        "balanced": 1.9419011889093372
      },
      "balanced": {
        "louvain": 2.485475297227334,
        "spectral": 1.9781761404668603,
        "degree": 1.9419011889093372,
        "balanced": 0.0
      }
    },
    "avg_vi": 1.9728989429589332,
    "max_vi": 2.485475297227334,
    "std_vi": 0.5059523154857297,
    "computed_verdict": "SPURIOUS",
    "ground_truth_verdict": "SPURIOUS"
  },
  "metadata": {
    "problem_type": "random_3sat",
    "num_variables": 20,
    "num_clauses": 85,
    "clause_to_var_ratio": 4.26,
    "is_structured": false,
    "phase_transition": true
  }
}