{
  "problem_name": "random3sat_n20_r4.26_seed1",
  "n": 20,
  "seed": 1,
  "timestamp": 1762056955.992036,
  "input": {
    "num_clauses": 85,
    "num_variables": 20
  },
  "graph_metrics": {
    "num_nodes": 20,
    "num_edges": 142,
    "avg_degree": 14.2,
    "density": 0.7473684210526316
  },
  "partitions": {
    "louvain": {
      "num_clusters": 3,
      "assignment": {
        "4": 0,
        "5": 0,
        "6": 0,
        "7": 0,
        "10": 0,
        "11": 0,
        "13": 0,
        "14": 0,
        "19": 0,
        "16": 1,
        "2": 1,
        "3": 1,
        "18": 1,
        "8": 1,
        "9": 1,
        "12": 1,
        "1": 2,
        "20": 2,
        "17": 2,
        "15": 2
      }
    },
    "spectral": {
      "num_clusters": 2,
      "assignment": {
        "1": 1,
        "2": 0,
        "3": 0,
        "4": 1,
        "5": 0,
        "6": 1,
        "7": 1,
        "8": 0,
        "9": 0,
        "10": 0,
        "11": 1,
        "12": 0,
        "13": 1,
        "14": 1,
        "15": 0,
        "16": 0,
        "17": 0,
        "18": 0,
        "19": 0,
        "20": 0
      }
    },
    "degree": {
      "num_clusters": 2,
      "assignment": {
        "3": 0,
        "9": 1,
        "14": 0,
        "19": 1,
        "11": 0,
        "6": 1,
        "7": 0,
        "13": 1,
        "16": 0,
        "1": 1,
        "15": 0,
        "17": 1,
        "2": 0,
        "8": 1,
        "10": 0,
        "18": 1,
        "4": 0,
        "20": 1,
        "12": 0,
        "5": 1
      }
    },
    "balanced": {
      "num_clusters": 2,
      "assignment": {
        "1": 0,
        "2": 1,
        "3": 0,
        "4": 1,
        "5": 0,
        "6": 1,
        "7": 0,
        "8": 1,
        "9": 0,
        "10": 1,
        "11": 0,
        "12": 1,
        "13": 0,
        "14": 1,
        "15": 0,
        "16": 1,
        "17": 0,
        "18": 1,
        "19": 0,
        "20": 1
      }
    }
  },
  "consistency_analysis": {
    "vi_matrix": {
      "louvain": {
        "louvain": 0.0,
        "spectral": 1.729797066575363,
        "degree": 2.41902702038019,
        "balanced": 2.3335517231528553
      },
      "spectral": {
        "louvain": 1.729797066575363,
        "spectral": 0.0,
        "degree": 1.9181734383098703,
        "balanced": 1.9181734383098703
      },
      "degree": {
        "louvain": 2.41902702038019,
        "spectral": 1.9181734383098703,
        "degree": 0.0,
        "balanced": 1.9419011889093372
      },
      "balanced": {
        "louvain": 2.3335517231528553,
        "spectral": 1.9181734383098703,
        "degree": 1.9419011889093372,
        "balanced": 0.0
      }
    },
    "avg_vi": 2.0434373126062475,
    "max_vi": 2.41902702038019,
    "std_vi": 0.2467440862329856,
    "computed_verdict": "SPURIOUS",
    "ground_truth_verdict": "SPURIOUS"
  },
  "metadata": {
    "problem_type": "random_3sat",
    "num_variables": 20,
    "num_clauses": 85,
    "clause_to_var_ratio": 4.26,
    "is_structured": false,
    "phase_transition": true
  }
}