{
  "problem_name": "random3sat_n30_r4.26_seed1",
  "n": 30,
  "seed": 1,
  "timestamp": 1762056956.0238357,
  "input": {
    "num_clauses": 127,
    "num_variables": 30
  },
  "graph_metrics": {
    "num_nodes": 30,
    "num_edges": 252,
    "avg_degree": 16.8,
    "density": 0.5793103448275863
  },
  "partitions": {
    "louvain": {
      "num_clusters": 3,
      "assignment": {
        "1": 0,
        "4": 0,
        "11": 0,
        "13": 0,
        "14": 0,
        "17": 0,
        "20": 0,
        "21": 0,
        "26": 0,
        "27": 0,
        "29": 0,
        "30": 0,
        "2": 1,
        "5": 1,
        "6": 1,
        "7": 1,
        "9": 1,
        "10": 1,
        "18": 1,
        "19": 1,
        "23": 1,
        "28": 1,
        "3": 2,
        "8": 2,
        "12": 2,
        "15": 2,
        "16": 2,
        "22": 2,
        "24": 2,
        "25": 2
      }
    },
    "spectral": {
      "num_clusters": 3,
      "assignment": {
        "1": 0,
        "2": 1,
        "3": 2,
        "4": 1,
        "5": 1,
        "6": 1,
        "7": 1,
        "8": 2,
        "9": 1,
        "10": 1,
        "11": 0,
        "12": 2,
        "13": 0,
        "14": 0,
        "15": 2,
        "16": 2,
        "17": 0,
        "18": 1,
        "19": 1,
        "20": 0,
        "21": 0,
        "22": 2,
        "23": 1,
        "24": 2,
        "25": 2,
        "26": 1,
        "27": 0,
        "28": 1,
        "29": 0,
        "30": 0
      }
    },
    "degree": {
      "num_clusters": 3,
      "assignment": {
        "10": 0,
        "17": 1,
        "26": 2,
        "28": 0,
        "3": 1,
        "19": 2,
        "13": 0,
        "8": 1,
        "20": 2,
        "27": 0,
        "30": 1,
        "6": 2,
        "1": 0,
        "7": 1,
        "5": 2,
        "22": 0,
        "23": 1,
        "25": 2,
        "11": 0,
        "18": 1,
        "29": 2,
        "14": 0,
        "24": 1,
        "4": 2,
        "9": 0,
        "16": 1,
        "12": 2,
        "15": 0,
        "21": 1,
        "2": 2
      }
    },
    "balanced": {
      "num_clusters": 3,
      "assignment": {
        "1": 0,
        "2": 1,
        "3": 2,
        "4": 0,
        "5": 1,
        "6": 2,
        "7": 0,
        "8": 1,
        "9": 2,
        "10": 0,
        "11": 1,
        "12": 2,
        "13": 0,
        "14": 1,
        "15": 2,
        "16": 0,
        "17": 1,
        "18": 2,
        "19": 0,
        "20": 1,
        "21": 2,
        "22": 0,
        "23": 1,
        "24": 2,
        "25": 0,
        "26": 1,
        "27": 2,
        "28": 0,
        "29": 1,
        "30": 2
      }
    }
  },
  "consistency_analysis": {
    "vi_matrix": {
      "louvain": {
        "louvain": 4.440892098500626e-16,
        "spectral": 0.5200179373186833,
        "degree": 3.0716022614097973,
        "balanced": 2.977608292461993
      },
      "spectral": {
        "louvain": 0.5200179373186833,
        "spectral": 4.440892098500626e-16,
        "degree": 2.970950594454668,
        "balanced": 2.964292896447343
      },
      "degree": {
        "louvain": 3.0716022614097973,
        "spectral": 2.970950594454668,
        "degree": 4.440892098500626e-16,
        "balanced": 2.9709505944546684
      },
      "balanced": {
        "louvain": 2.977608292461993,
        "spectral": 2.964292896447343,
        "degree": 2.9709505944546684,
        "balanced": 4.440892098500626e-16
      }
    },
    "avg_vi": 2.5792370960911923,
    "max_vi": 3.0716022614097973,
    "std_vi": 0.9216519144956609,
    "computed_verdict": "SPURIOUS",
    "ground_truth_verdict": "SPURIOUS"
  },
  "metadata": {
    "problem_type": "random_3sat",
    "num_variables": 30,
    "num_clauses": 127,
    "clause_to_var_ratio": 4.26,
    "is_structured": false,
    "phase_transition": true
  }
}