{
  "problem_name": "random3sat_n30_r4.26_seed0",
  "n": 30,
  "seed": 0,
  "timestamp": 1762056956.0080118,
  "input": {
    "num_clauses": 127,
    "num_variables": 30
  },
  "graph_metrics": {
    "num_nodes": 30,
    "num_edges": 249,
    "avg_degree": 16.6,
    "density": 0.5724137931034483
  },
  "partitions": {
    "louvain": {
      "num_clusters": 4,
      "assignment": {
        "1": 0,
        "9": 0,
        "11": 0,
        "14": 0,
        "15": 0,
        "17": 0,
        "19": 0,
        "22": 0,
        "24": 0,
        "27": 0,
        "29": 0,
        "3": 1,
        "6": 1,
        "8": 1,
        "10": 1,
        "12": 1,
        "13": 1,
        "21": 1,
        "23": 1,
        "2": 2,
        "20": 2,
        "4": 2,
        "5": 2,
        "7": 2,
        "25": 2,
        "26": 2,
        "28": 2,
        "16": 3,
        "18": 3,
        "30": 3
      }
    },
    "spectral": {
      "num_clusters": 3,
      "assignment": {
        "1": 1,
        "2": 0,
        "3": 0,
        "4": 1,
        "5": 0,
        "6": 0,
        "7": 0,
        "8": 0,
        "9": 0,
        "10": 0,
        "11": 2,
        "12": 1,
        "13": 0,
        "14": 2,
        "15": 1,
        "16": 1,
        "17": 2,
        "18": 1,
        "19": 2,
        "20": 1,
        "21": 1,
        "22": 2,
        "23": 1,
        "24": 2,
        "25": 0,
        "26": 0,
        "27": 1,
        "28": 0,
        "29": 2,
        "30": 1
      }
    },
    "degree": {
      "num_clusters": 3,
      "assignment": {
        "20": 0,
        "26": 1,
        "16": 2,
        "11": 0,
        "12": 1,
        "28": 2,
        "30": 0,
        "13": 1,
        "2": 2,
        "4": 0,
        "19": 1,
        "21": 2,
        "29": 0,
        "22": 1,
        "5": 2,
        "14": 0,
        "17": 1,
        "24": 2,
        "27": 0,
        "3": 1,
        "10": 2,
        "18": 0,
        "1": 1,
        "7": 2,
        "8": 0,
        "25": 1,
        "23": 2,
        "9": 0,
        "6": 1,
        "15": 2
      }
    },
    "balanced": {
      "num_clusters": 3,
      "assignment": {
        "1": 0,
        "2": 1,
        "3": 2,
        "4": 0,
        "5": 1,
        "6": 2,
        "7": 0,
        "8": 1,
        "9": 2,
        "10": 0,
        "11": 1,
        "12": 2,
        "13": 0,
        "14": 1,
        "15": 2,
        "16": 0,
        "17": 1,
        "18": 2,
        "19": 0,
        "20": 1,
        "21": 2,
        "22": 0,
        "23": 1,
        "24": 2,
        "25": 0,
        "26": 1,
        "27": 2,
        "28": 0,
        "29": 1,
        "30": 2
      }
    }
  },
  "consistency_analysis": {
    "vi_matrix": {
      "louvain": {
        "louvain": 0.0,
        "spectral": 2.182076423197545,
        "degree": 3.1245807400198014,
        "balanced": 2.9652234383155887
      },
      "spectral": {
        "louvain": 2.182076423197545,
        "spectral": 0.0,
        "degree": 2.9235077419804494,
        "balanced": 2.9041414716168954
      },
      "degree": {
        "louvain": 3.1245807400198014,
        "spectral": 2.9235077419804494,
        "degree": 4.440892098500626e-16,
        "balanced": 2.944926626083789
      },
      "balanced": {
        "louvain": 2.9652234383155887,
        "spectral": 2.9041414716168954,
        "degree": 2.944926626083789,
        "balanced": 4.440892098500626e-16
      }
    },
    "avg_vi": 2.840742740202345,
    "max_vi": 3.1245807400198014,
    "std_vi": 0.303211834158196,
    "computed_verdict": "SPURIOUS",
    "ground_truth_verdict": "SPURIOUS"
  },
  "metadata": {
    "problem_type": "random_3sat",
    "num_variables": 30,
    "num_clauses": 127,
    "clause_to_var_ratio": 4.26,
    "is_structured": false,
    "phase_transition": true
  }
}