{
  "delta": 0.05,
  "metadata_digest_matches": true,
  "status": true,
  "trial_count": 4,
  "trials": [
    {
      "cost_proxy": 1.0570651851248398,
      "diffusion": 0.30000000000000004,
      "drift_velocity": 0.23999999999999996,
      "key": {
        "T": 0.75,
        "protocol": "sighted",
        "seed": 0,
        "trial_id": 0
      },
      "mobility": 0.3999999999999999,
      "msd": 0.31440000000000007,
      "mu_answer_sum": 2.3039999999999994,
      "residual": 1.1102230246251565e-16,
      "summary_cost_proxy": 1.0570651851,
      "summary_diffusion": 0.3,
      "summary_drift_velocity": 0.24,
      "summary_matches_ledger": true,
      "summary_mobility": 0.4,
      "summary_msd": 0.3144,
      "summary_mu_answer_sum": 2.304,
      "summary_residual": 0.0,
      "within_delta": true
    },
    {
      "cost_proxy": 1.0633059245365388,
      "diffusion": 0.3,
      "drift_velocity": 0.24,
      "key": {
        "T": 0.75,
        "protocol": "sighted",
        "seed": 0,
        "trial_id": 1
      },
      "mobility": 0.3999999999999999,
      "msd": 0.3144,
      "mu_answer_sum": 2.304,
      "residual": 5.551115123125783e-17,
      "summary_cost_proxy": 1.0633059245,
      "summary_diffusion": 0.3,
      "summary_drift_velocity": 0.24,
      "summary_matches_ledger": true,
      "summary_mobility": 0.4,
      "summary_msd": 0.3144,
      "summary_mu_answer_sum": 2.304,
      "summary_residual": 0.0,
      "within_delta": true
    },
    {
      "cost_proxy": 0.794474015686089,
      "diffusion": 0.5000000000000001,
      "drift_velocity": 0.24000000000000002,
      "key": {
        "T": 1.25,
        "protocol": "sighted",
        "seed": 0,
        "trial_id": 0
      },
      "mobility": 0.39999999999999986,
      "msd": 0.5144000000000001,
      "mu_answer_sum": 1.3824,
      "residual": 2.7755575615628914e-16,
      "summary_cost_proxy": 0.7944740157,
      "summary_diffusion": 0.5,
      "summary_drift_velocity": 0.24,
      "summary_matches_ledger": true,
      "summary_mobility": 0.4,
      "summary_msd": 0.5144,
      "summary_mu_answer_sum": 1.3824,
      "summary_residual": 0.0,
      "within_delta": true
    },
    {
      "cost_proxy": 1.5786558645727078,
      "diffusion": 0.5000000000000002,
      "drift_velocity": 0.23999999999999996,
      "key": {
        "T": 1.25,
        "protocol": "sighted",
        "seed": 0,
        "trial_id": 1
      },
      "mobility": 0.3999999999999999,
      "msd": 0.5144000000000002,
      "mu_answer_sum": 1.3823999999999999,
      "residual": 3.3306690738754696e-16,
      "summary_cost_proxy": 1.5786558646,
      "summary_diffusion": 0.5,
      "summary_drift_velocity": 0.24,
      "summary_matches_ledger": true,
      "summary_mobility": 0.4,
      "summary_msd": 0.5144,
      "summary_mu_answer_sum": 1.3824,
      "summary_residual": 0.0,
      "within_delta": true
    }
  ]
}
