{
  "timestamp": "2025-11-30T23:21:08.512560",
  "total_runs": 4,
  "families": {
    "tseitin": {
      "blind": {
        "count": 2,
        "avg_time": 0.05098593235015869,
        "avg_decisions": 527.0,
        "avg_mu": 2843.0
      },
      "sighted": {
        "count": 2,
        "avg_time": 0.00014770030975341797,
        "avg_decisions": 0.0,
        "avg_mu": 14.0
      },
      "speedup_mu": 203.07142857142858
    }
  }
}