source_path	line	syntax	raw_span	token	occurrence_kind	declaration_kind	logical_identity	resolution
.github/CONTRIBUTING.md	3	markdown_code	make install-hooks	hooks	nonproof	nonproof_token		excluded_nonproof_token
.github/CONTRIBUTING.md	3	markdown_code	make install-hooks	install	nonproof	nonproof_token		excluded_nonproof_token
.github/CONTRIBUTING.md	3	markdown_code	make install-hooks	make	nonproof	nonproof_token		excluded_nonproof_token
.github/CONTRIBUTING.md	4	markdown_code	postCreateCommand	postCreateCommand	nonproof	nonproof_token		excluded_nonproof_token
.github/CONTRIBUTING.md	9	markdown_code	requirements.txt	requirements.txt	nonproof	nonproof_token		excluded_nonproof_token
.github/CONTRIBUTING.md	12	markdown_code	git stash push --keep-index --include-untracked	git	nonproof	nonproof_token		excluded_nonproof_token
.github/CONTRIBUTING.md	12	markdown_code	git stash push --keep-index --include-untracked	include	nonproof	nonproof_token		excluded_nonproof_token
.github/CONTRIBUTING.md	12	markdown_code	git stash push --keep-index --include-untracked	index	nonproof	nonproof_token		excluded_nonproof_token
.github/CONTRIBUTING.md	12	markdown_code	git stash push --keep-index --include-untracked	keep	nonproof	nonproof_token		excluded_nonproof_token
.github/CONTRIBUTING.md	12	markdown_code	git stash push --keep-index --include-untracked	push	nonproof	Definition		Definition@coq/kernel/nfi/PermanentCertificationEntropy.v:272
.github/CONTRIBUTING.md	12	markdown_code	git stash push --keep-index --include-untracked	stash	nonproof	nonproof_token		excluded_nonproof_token
.github/CONTRIBUTING.md	12	markdown_code	git stash push --keep-index --include-untracked	untracked	nonproof	nonproof_token		excluded_nonproof_token
.github/CONTRIBUTING.md	17	markdown_code	CI=true --strict-backends	CI	nonproof	nonproof_token		excluded_nonproof_token
.github/CONTRIBUTING.md	17	markdown_code	CI=true --strict-backends	backends	nonproof	nonproof_token		excluded_nonproof_token
.github/CONTRIBUTING.md	17	markdown_code	CI=true --strict-backends	strict	nonproof	nonproof_token		excluded_nonproof_token
.github/CONTRIBUTING.md	17	markdown_code	CI=true --strict-backends	true	nonproof	nonproof_token		excluded_nonproof_token
.github/CONTRIBUTING.md	21	markdown_code	git diff --cached	cached	nonproof	nonproof_token		excluded_nonproof_token
.github/CONTRIBUTING.md	21	markdown_code	git diff --cached	diff	nonproof	nonproof_token		excluded_nonproof_token
.github/CONTRIBUTING.md	21	markdown_code	git diff --cached	git	nonproof	nonproof_token		excluded_nonproof_token
.github/CONTRIBUTING.md	26	markdown_code	CI	CI	nonproof	nonproof_token		excluded_nonproof_token
.github/CONTRIBUTING.md	26	markdown_code	CI (Full)	CI	nonproof	nonproof_token		excluded_nonproof_token
.github/CONTRIBUTING.md	26	markdown_code	CI (Full)	Full	nonproof	nonproof_token		excluded_nonproof_token
.github/CONTRIBUTING.md	36	markdown_code	403: Resource not accessible by integration	Resource	nonproof	nonproof_token		excluded_nonproof_token
.github/CONTRIBUTING.md	36	markdown_code	403: Resource not accessible by integration	accessible	nonproof	nonproof_token		excluded_nonproof_token
.github/CONTRIBUTING.md	36	markdown_code	403: Resource not accessible by integration	by	nonproof	nonproof_token		excluded_nonproof_token
.github/CONTRIBUTING.md	36	markdown_code	403: Resource not accessible by integration	integration	nonproof	nonproof_token		excluded_nonproof_token
.github/CONTRIBUTING.md	36	markdown_code	403: Resource not accessible by integration	not	nonproof	nonproof_token		excluded_nonproof_token
.github/CONTRIBUTING.md	38	markdown_code	permissions:	permissions	nonproof	nonproof_token		excluded_nonproof_token
.github/CONTRIBUTING.md	44	markdown_code	python3 scripts/reproduce_coq.py	python3	nonproof	nonproof_token		excluded_nonproof_token
.github/CONTRIBUTING.md	44	markdown_code	python3 scripts/reproduce_coq.py	reproduce_coq.py	nonproof	nonproof_token		excluded_nonproof_token
.github/CONTRIBUTING.md	44	markdown_code	python3 scripts/reproduce_coq.py	scripts	nonproof	nonproof_token		excluded_nonproof_token
.github/CONTRIBUTING.md	60	markdown_code	GH_TOKEN	GH_TOKEN	nonproof	nonproof_token		excluded_nonproof_token
.github/CONTRIBUTING.md	61	markdown_code	GH_TOKEN	GH_TOKEN	nonproof	nonproof_token		excluded_nonproof_token
.github/CONTRIBUTING.md	61	markdown_code	GITHUB_TOKEN	GITHUB_TOKEN	nonproof	nonproof_token		excluded_nonproof_token
PATENT_PLEDGE.md	7	markdown_code	TECHNICAL_DISCLOSURE.md	TECHNICAL_DISCLOSURE.md	nonproof	nonproof_token		excluded_nonproof_token
PATENT_PLEDGE.md	13	markdown_code	TECHNICAL_DISCLOSURE.md	TECHNICAL_DISCLOSURE.md	nonproof	nonproof_token		excluded_nonproof_token
PATENT_PLEDGE.md	17	markdown_code	TECHNICAL_DISCLOSURE.md	TECHNICAL_DISCLOSURE.md	nonproof	nonproof_token		excluded_nonproof_token
README.md	35	markdown_code	a2_from_merging_price_and_permanence	a2_from_merging_price_and_permanence	proof	Theorem	Kernel.PermanentCertification.a2_from_merging_price_and_permanence	unique_suffix
README.md	35	markdown_code	cert_not_function_of_forget	cert_not_function_of_forget	proof	Theorem	Kernel.ProjectionNonExistence.cert_not_function_of_forget	unique_suffix
README.md	35	markdown_code	latch_core_honest	latch_core_honest	proof	Theorem	Kernel.RecordAxisDiscrimination.latch_core_honest	unique_suffix
README.md	35	markdown_code	mu_not_function_of_bare_observable	mu_not_function_of_bare_observable	proof	Theorem	Kernel.ProjectionNonExistence.mu_not_function_of_bare_observable	unique_suffix
README.md	35	markdown_code	permanent_flip_is_not_injective	permanent_flip_is_not_injective	proof	Theorem	Kernel.PermanentCertification.permanent_flip_is_not_injective	unique_suffix
README.md	35	markdown_code	uniqueness_round4_holds	uniqueness_round4_holds	proof	Theorem	Kernel.StructuralRecordAxis.uniqueness_round4_holds	unique_suffix
README.md	86	markdown_code	ClassicalDedekindReals.sig_forall_dec	ClassicalDedekindReals.sig_forall_dec	nonproof	nonproof_token		excluded_nonproof_token
README.md	86	markdown_code	ClassicalDedekindReals.sig_not_dec	ClassicalDedekindReals.sig_not_dec	nonproof	nonproof_token		excluded_nonproof_token
README.md	86	markdown_code	Classical_Prop.classic	Classical_Prop.classic	nonproof	nonproof_token		excluded_nonproof_token
README.md	86	markdown_code	Eqdep.Eq_rect_eq.eq_rect_eq	Eqdep.Eq_rect_eq.eq_rect_eq	nonproof	nonproof_token		excluded_nonproof_token
README.md	88	markdown_code	make assumption-receipt-check	assumption	nonproof	nonproof_token		excluded_nonproof_token
README.md	88	markdown_code	make assumption-receipt-check	check	nonproof	nonproof_token		excluded_nonproof_token
README.md	88	markdown_code	make assumption-receipt-check	make	nonproof	nonproof_token		excluded_nonproof_token
README.md	88	markdown_code	make assumption-receipt-check	receipt	nonproof	nonproof_token		excluded_nonproof_token
README.md	90	markdown_code	make assumption-receipt	assumption	nonproof	nonproof_token		excluded_nonproof_token
README.md	90	markdown_code	make assumption-receipt	make	nonproof	nonproof_token		excluded_nonproof_token
README.md	90	markdown_code	make assumption-receipt	receipt	nonproof	nonproof_token		excluded_nonproof_token
README.md	94	markdown_code	make verify	make	nonproof	nonproof_token		excluded_nonproof_token
README.md	94	markdown_code	make verify	verify	nonproof	nonproof_token		excluded_nonproof_token
README.md	97	markdown_code	Closed under the global context	Closed	nonproof	nonproof_token		excluded_nonproof_token
README.md	97	markdown_code	Closed under the global context	context	nonproof	nonproof_token		excluded_nonproof_token
README.md	97	markdown_code	Closed under the global context	global	nonproof	nonproof_token		excluded_nonproof_token
README.md	97	markdown_code	Closed under the global context	the	nonproof	nonproof_token		excluded_nonproof_token
README.md	97	markdown_code	Closed under the global context	under	nonproof	nonproof_token		excluded_nonproof_token
README.md	97	markdown_code	Print Assumptions	Assumptions	nonproof	nonproof_token		excluded_nonproof_token
README.md	97	markdown_code	Print Assumptions	Print	nonproof	nonproof_token		excluded_nonproof_token
README.md	99	markdown_code	Admitted	Admitted	nonproof	nonproof_token		excluded_nonproof_token
README.md	100	markdown_code	make verify	make	nonproof	nonproof_token		excluded_nonproof_token
README.md	100	markdown_code	make verify	verify	nonproof	nonproof_token		excluded_nonproof_token
README.md	116	markdown_code	scripts/comment_hygiene.py	comment_hygiene.py	nonproof	nonproof_token		excluded_nonproof_token
README.md	116	markdown_code	scripts/comment_hygiene.py	scripts	nonproof	nonproof_token		excluded_nonproof_token
README.md	124	markdown_code	CertificationSystem	CertificationSystem	nonproof	Record		Record@coq/kernel/nfi/UniversalCertificationCost.v:30
README.md	125	markdown_code	universal_nfi_any_substrate	universal_nfi_any_substrate	proof	Theorem	Kernel.UniversalCertificationCost.universal_nfi_any_substrate	unique_suffix
README.md	126	markdown_code	vm_certified	vm_certified	nonproof	nonproof_token		excluded_nonproof_token
README.md	130	markdown_code	CommitmentPredicateAdequacy.v	CommitmentPredicateAdequacy.v	nonproof	nonproof_token		excluded_nonproof_token
README.md	145	markdown_code	thiele_trace_fold_initial	thiele_trace_fold_initial	proof	Theorem	Kernel.ThieleInitiality.thiele_trace_fold_initial	unique_suffix
README.md	151	markdown_code	CERTIFY	CERTIFY	nonproof	nonproof_token		excluded_nonproof_token
README.md	152	markdown_code	MORPH_ASSERT	MORPH_ASSERT	nonproof	nonproof_token		excluded_nonproof_token
README.md	153	markdown_code	CHSH_LASSERT	CHSH_LASSERT	nonproof	nonproof_token		excluded_nonproof_token
README.md	158	markdown_code	WFDrivenRun	WFDrivenRun	nonproof	Fixpoint		Fixpoint@coq/kami_hw/GraphReconstructionBridge.v:3955
README.md	166	markdown_code	list StrictClassicalState	StrictClassicalState	nonproof	Record		Record@coq/NecessityOfMuLedger.v:75;Record@coq/ThieleMachineComplete.v:4247
README.md	166	markdown_code	list StrictClassicalState	list	nonproof	nonproof_token		excluded_nonproof_token
README.md	171	markdown_code	bare_setting_no_sound_complete_verifier	bare_setting_no_sound_complete_verifier	proof	Theorem	VerifierImpossibility.bare_setting_no_sound_complete_verifier	unique_suffix
README.md	175	markdown_code	VMState	VMState	nonproof	Record		Record@coq/ThieleMachineComplete.v:1582;Record@coq/kernel/foundation/VMState.v:1931
README.md	175	markdown_code	substrate_escape_succeeds	substrate_escape_succeeds	proof	Theorem	VerifierEscape_Substrate.substrate_escape_succeeds	unique_suffix
README.md	175	markdown_code	vm_mu	vm_mu	nonproof	nonproof_token		excluded_nonproof_token
README.md	176	markdown_code	commitment_contract_verifier	commitment_contract_verifier	proof	Theorem	VerifierEscape_Hardness.commitment_contract_verifier	unique_suffix
README.md	177	markdown_code	interactive_escape_succeeds	interactive_escape_succeeds	proof	Theorem	VerifierEscape_Interaction.interactive_escape_succeeds	unique_suffix
README.md	181	markdown_code	V_does_not_factor_through_classical	V_does_not_factor_through_classical	proof	Theorem	VerifierExhaustiveness.V_does_not_factor_through_classical	unique_suffix
README.md	182	markdown_code	proj t_A = proj t_B	proj	nonproof	nonproof_token		excluded_nonproof_token
README.md	182	markdown_code	proj t_A = proj t_B	proj	nonproof	nonproof_token		excluded_nonproof_token
README.md	182	markdown_code	proj t_A = proj t_B	t_A	nonproof	nonproof_token		excluded_nonproof_token
README.md	182	markdown_code	proj t_A = proj t_B	t_B	nonproof	nonproof_token		excluded_nonproof_token
README.md	217	markdown_code	CERTIFY 0	CERTIFY	nonproof	nonproof_token		excluded_nonproof_token
README.md	217	markdown_code	mu = 1	mu	nonproof	Definition		Definition@coq/nofi/Instance_Kernel.v:57;Definition@coq/thermodynamic/LandauerDerived.v:227
README.md	217	markdown_code	pc = 1	pc	nonproof	nonproof_token		excluded_nonproof_token
README.md	218	markdown_code	PNEW [] 0	PNEW	nonproof	nonproof_token		excluded_nonproof_token
README.md	218	markdown_code	mu = 0	mu	nonproof	Definition		Definition@coq/nofi/Instance_Kernel.v:57;Definition@coq/thermodynamic/LandauerDerived.v:227
README.md	218	markdown_code	pc = 1	pc	nonproof	nonproof_token		excluded_nonproof_token
README.md	222	markdown_code	(memory, registers, pc)	memory	nonproof	nonproof_token		excluded_nonproof_token
README.md	222	markdown_code	(memory, registers, pc)	pc	nonproof	nonproof_token		excluded_nonproof_token
README.md	222	markdown_code	(memory, registers, pc)	registers	nonproof	nonproof_token		excluded_nonproof_token
README.md	258	markdown_code	f	f	nonproof	nonproof_token		excluded_nonproof_token
README.md	259	markdown_code	f	f	nonproof	nonproof_token		excluded_nonproof_token
README.md	260	markdown_code	congruence	congruence	nonproof	nonproof_token		excluded_nonproof_token
README.md	262	markdown_code	Print Assumptions ReceiptTheorem	Assumptions	nonproof	nonproof_token		excluded_nonproof_token
README.md	262	markdown_code	Print Assumptions ReceiptTheorem	Print	nonproof	nonproof_token		excluded_nonproof_token
README.md	262	markdown_code	Print Assumptions ReceiptTheorem	ReceiptTheorem	proof	Theorem	ReceiptTheorem.ReceiptTheorem	unique_suffix
README.md	295	markdown_code	f (strict_shadow s) = st_mu s	f	nonproof	nonproof_token		excluded_nonproof_token
README.md	295	markdown_code	f (strict_shadow s) = st_mu s	s	nonproof	nonproof_token		excluded_nonproof_token
README.md	295	markdown_code	f (strict_shadow s) = st_mu s	s	nonproof	nonproof_token		excluded_nonproof_token
README.md	295	markdown_code	f (strict_shadow s) = st_mu s	st_mu	nonproof	nonproof_token		excluded_nonproof_token
README.md	295	markdown_code	f (strict_shadow s) = st_mu s	strict_shadow	nonproof	Definition		Definition@coq/NecessityOfMuLedger.v:84;Definition@coq/ThieleMachineComplete.v:4253
README.md	295	markdown_code	f : shadow -> nat	f	nonproof	nonproof_token		excluded_nonproof_token
README.md	295	markdown_code	f : shadow -> nat	nat	nonproof	nonproof_token		excluded_nonproof_token
README.md	295	markdown_code	f : shadow -> nat	shadow	nonproof	nonproof_token		excluded_nonproof_token
README.md	295	markdown_code	make verify	make	nonproof	nonproof_token		excluded_nonproof_token
README.md	295	markdown_code	make verify	verify	nonproof	nonproof_token		excluded_nonproof_token
README.md	295	markdown_code	no_mu_oracle	no_mu_oracle	nonproof	nonproof_token		excluded_nonproof_token
README.md	295	markdown_code	s	s	nonproof	nonproof_token		excluded_nonproof_token
README.md	296	markdown_code	ReceiptTheorem	ReceiptTheorem	proof	Theorem	ReceiptTheorem.ReceiptTheorem	unique_suffix
README.md	296	markdown_code	VMState	VMState	nonproof	Record		Record@coq/ThieleMachineComplete.v:1582;Record@coq/kernel/foundation/VMState.v:1931
README.md	296	markdown_code	f (strict_shadow s) = vm_mu s	f	nonproof	nonproof_token		excluded_nonproof_token
README.md	296	markdown_code	f (strict_shadow s) = vm_mu s	s	nonproof	nonproof_token		excluded_nonproof_token
README.md	296	markdown_code	f (strict_shadow s) = vm_mu s	s	nonproof	nonproof_token		excluded_nonproof_token
README.md	296	markdown_code	f (strict_shadow s) = vm_mu s	strict_shadow	nonproof	Definition		Definition@coq/NecessityOfMuLedger.v:84;Definition@coq/ThieleMachineComplete.v:4253
README.md	296	markdown_code	f (strict_shadow s) = vm_mu s	vm_mu	nonproof	nonproof_token		excluded_nonproof_token
README.md	296	markdown_code	f : StrictClassicalState -> nat	StrictClassicalState	nonproof	Record		Record@coq/NecessityOfMuLedger.v:75;Record@coq/ThieleMachineComplete.v:4247
README.md	296	markdown_code	f : StrictClassicalState -> nat	f	nonproof	nonproof_token		excluded_nonproof_token
README.md	296	markdown_code	f : StrictClassicalState -> nat	nat	nonproof	nonproof_token		excluded_nonproof_token
README.md	296	markdown_code	mu	mu	nonproof	Definition		Definition@coq/nofi/Instance_Kernel.v:57;Definition@coq/thermodynamic/LandauerDerived.v:227
README.md	297	markdown_code	mu	mu	nonproof	Definition		Definition@coq/nofi/Instance_Kernel.v:57;Definition@coq/thermodynamic/LandauerDerived.v:227
README.md	297	markdown_code	no_free_certification_certified	no_free_certification_certified	proof	Theorem	Kernel.AbstractNoFI.no_free_certification_certified	unique_suffix
README.md	297	markdown_code	vm_certified	vm_certified	nonproof	nonproof_token		excluded_nonproof_token
README.md	298	markdown_code	CertificationSystem	CertificationSystem	nonproof	Record		Record@coq/kernel/nfi/UniversalCertificationCost.v:30
README.md	298	markdown_code	cs_total_cost = 0	cs_total_cost	nonproof	Fixpoint		Fixpoint@coq/kernel/nfi/UniversalCertificationCost.v:71
README.md	298	markdown_code	universal_nfi_any_substrate	universal_nfi_any_substrate	proof	Theorem	Kernel.UniversalCertificationCost.universal_nfi_any_substrate	unique_suffix
README.md	299	markdown_code	CostFunctional	CostFunctional	nonproof	Record		Record@coq/ThieleMachineComplete.v:5572;Record@coq/kernel/mu_calculus/MuInitiality.v:285
README.md	299	markdown_code	mu	mu	nonproof	Definition		Definition@coq/nofi/Instance_Kernel.v:57;Definition@coq/thermodynamic/LandauerDerived.v:227
README.md	299	markdown_code	mu	mu	nonproof	Definition		Definition@coq/nofi/Instance_Kernel.v:57;Definition@coq/thermodynamic/LandauerDerived.v:227
README.md	299	markdown_code	mu	mu	nonproof	Definition		Definition@coq/nofi/Instance_Kernel.v:57;Definition@coq/thermodynamic/LandauerDerived.v:227
README.md	299	markdown_code	mu_is_universal	mu_is_universal	proof	Theorem	Kernel.MuInitiality.mu_is_universal	explicit_binding
README.md	300	markdown_code	CertificationSystem	CertificationSystem	nonproof	Record		Record@coq/kernel/nfi/UniversalCertificationCost.v:30
README.md	300	markdown_code	CostBearingSystem	CostBearingSystem	nonproof	Record		Record@coq/kernel/nfi/HonestCostTracking.v:34
README.md	300	markdown_code	honest_cost_tracking_strict_restriction	honest_cost_tracking_strict_restriction	proof	Theorem	Kernel.HonestCostTracking.honest_cost_tracking_strict_restriction	unique_suffix
README.md	301	markdown_code	PositionalVerifier	PositionalVerifier	nonproof	Record		Record@coq/kernel/nfi/VerificationCostSeparation.v:280
README.md	301	markdown_code	free_world_honesty_verifier_must_inspect_every_cert_position	free_world_honesty_verifier_must_inspect_every_cert_position	proof	Theorem	Kernel.VerificationCostSeparation.free_world_honesty_verifier_must_inspect_every_cert_position	unique_suffix
README.md	302	markdown_code	k	k	nonproof	nonproof_token		excluded_nonproof_token
README.md	302	markdown_code	k	k	nonproof	nonproof_token		excluded_nonproof_token
README.md	302	markdown_code	k	k	nonproof	nonproof_token		excluded_nonproof_token
README.md	302	markdown_code	k	k	nonproof	nonproof_token		excluded_nonproof_token
README.md	302	markdown_code	level_k_certification_cost_floor	level_k_certification_cost_floor	proof	Theorem	Kernel.MuHierarchyTheorem.level_k_certification_cost_floor	unique_suffix
README.md	302	markdown_code	mu	mu	nonproof	Definition		Definition@coq/nofi/Instance_Kernel.v:57;Definition@coq/thermodynamic/LandauerDerived.v:227
README.md	302	markdown_code	mu	mu	nonproof	Definition		Definition@coq/nofi/Instance_Kernel.v:57;Definition@coq/thermodynamic/LandauerDerived.v:227
README.md	302	markdown_code	mu	mu	nonproof	Definition		Definition@coq/nofi/Instance_Kernel.v:57;Definition@coq/thermodynamic/LandauerDerived.v:227
README.md	303	markdown_code	2^n	n	nonproof	nonproof_token		excluded_nonproof_token
README.md	303	markdown_code	non_adaptive_sat_lower_bound	non_adaptive_sat_lower_bound	proof	Theorem	Kernel.NonAdaptiveLowerBound.non_adaptive_sat_lower_bound	unique_suffix
README.md	304	markdown_code	S² > 8	S	nonproof	Definition		Definition@coq/kernel/quantum/BoxCHSH.v:55;Definition@coq/nofi/Instance_Kernel.v:40
README.md	304	markdown_code	algebraically_coherent	algebraically_coherent	nonproof	Definition		Definition@coq/kernel/category/AlgebraicCoherence.v:48
README.md	304	markdown_code	algebraically_coherent_tsirelson_general	algebraically_coherent_tsirelson_general	proof	Theorem	Kernel.AlgebraicCoherence.algebraically_coherent_tsirelson_general	unique_suffix
README.md	305	markdown_code	(vm_apply s i)	i	nonproof	nonproof_token		excluded_nonproof_token
README.md	305	markdown_code	(vm_apply s i)	s	nonproof	nonproof_token		excluded_nonproof_token
README.md	305	markdown_code	(vm_apply s i)	vm_apply	nonproof	Definition		Definition@coq/ThieleMachineComplete.v:3534;Definition@coq/kernel/foundation/SimulationProof.v:262
README.md	305	markdown_code	full_efe_uniform_two_vertex	full_efe_uniform_two_vertex	proof	Theorem	Kernel.EinsteinEquationsFull.full_efe_uniform_two_vertex	unique_suffix
README.md	305	markdown_code	i	i	nonproof	nonproof_token		excluded_nonproof_token
README.md	305	markdown_code	instruction_cost i	i	nonproof	nonproof_token		excluded_nonproof_token
README.md	305	markdown_code	instruction_cost i	instruction_cost	nonproof	Definition		Definition@coq/ThieleMachineComplete.v:2319;Definition@coq/kernel/foundation/VMStep.v:231
README.md	305	markdown_code	mu	mu	nonproof	Definition		Definition@coq/nofi/Instance_Kernel.v:57;Definition@coq/thermodynamic/LandauerDerived.v:227
README.md	305	markdown_code	mu	mu	nonproof	Definition		Definition@coq/nofi/Instance_Kernel.v:57;Definition@coq/thermodynamic/LandauerDerived.v:227
README.md	305	markdown_code	s	s	nonproof	nonproof_token		excluded_nonproof_token
README.md	305	markdown_code	vm_apply_mu	vm_apply_mu	proof	Lemma	Kernel.MuLedgerConservation.vm_apply_mu	explicit_binding
README.md	306	markdown_code	WFDrivenPrecondition	WFDrivenPrecondition	nonproof	Definition		Definition@coq/kami_hw/GraphReconstructionBridge.v:3828
README.md	306	markdown_code	abs_full_snapshot (kami_step ks i) = vm_apply (abs_full_snapshot ks) i	abs_full_snapshot	nonproof	Definition		Definition@coq/kami_hw/FullAbstraction.v:45
README.md	306	markdown_code	abs_full_snapshot (kami_step ks i) = vm_apply (abs_full_snapshot ks) i	abs_full_snapshot	nonproof	Definition		Definition@coq/kami_hw/FullAbstraction.v:45
README.md	306	markdown_code	abs_full_snapshot (kami_step ks i) = vm_apply (abs_full_snapshot ks) i	i	nonproof	nonproof_token		excluded_nonproof_token
README.md	306	markdown_code	abs_full_snapshot (kami_step ks i) = vm_apply (abs_full_snapshot ks) i	i	nonproof	nonproof_token		excluded_nonproof_token
README.md	306	markdown_code	abs_full_snapshot (kami_step ks i) = vm_apply (abs_full_snapshot ks) i	kami_step	nonproof	Definition		Definition@coq/ThieleMachineComplete.v:8779;Definition@coq/kami_hw/Abstraction.v:817
README.md	306	markdown_code	abs_full_snapshot (kami_step ks i) = vm_apply (abs_full_snapshot ks) i	ks	nonproof	nonproof_token		excluded_nonproof_token
README.md	306	markdown_code	abs_full_snapshot (kami_step ks i) = vm_apply (abs_full_snapshot ks) i	ks	nonproof	nonproof_token		excluded_nonproof_token
README.md	306	markdown_code	abs_full_snapshot (kami_step ks i) = vm_apply (abs_full_snapshot ks) i	vm_apply	nonproof	Definition		Definition@coq/ThieleMachineComplete.v:3534;Definition@coq/kernel/foundation/SimulationProof.v:262
README.md	306	markdown_code	abs_phase1	abs_phase1	nonproof	Definition		Definition@coq/ThieleMachineComplete.v:8672;Definition@coq/kami_hw/Abstraction.v:498
README.md	306	markdown_code	driven_step_wf	driven_step_wf	proof	Theorem	KamiHW.GraphReconstructionBridge.driven_step_wf	unique_suffix
README.md	306	markdown_code	driven_step_wf	driven_step_wf	proof	Theorem	KamiHW.GraphReconstructionBridge.driven_step_wf	unique_suffix
README.md	306	markdown_code	rtl_inventory_arithmetic	rtl_inventory_arithmetic	proof	Theorem	KamiHW.RTLGapRegistry.rtl_inventory_arithmetic	unique_suffix
README.md	306	markdown_code	rtl_step_correct	rtl_step_correct	nonproof	nonproof_token		excluded_nonproof_token
README.md	306	markdown_code	tests/test_verilog_cosim.py	test_verilog_cosim.py	nonproof	nonproof_token		excluded_nonproof_token
README.md	306	markdown_code	tests/test_verilog_cosim.py	tests	nonproof	nonproof_token		excluded_nonproof_token
README.md	306	markdown_code	vm_apply	vm_apply	nonproof	Definition		Definition@coq/ThieleMachineComplete.v:3534;Definition@coq/kernel/foundation/SimulationProof.v:262
README.md	307	markdown_code	CHSH_LASSERT	CHSH_LASSERT	nonproof	nonproof_token		excluded_nonproof_token
README.md	307	markdown_code	CHSH_LASSERT	CHSH_LASSERT	nonproof	nonproof_token		excluded_nonproof_token
README.md	307	markdown_code	chsh_lassert_no_trap_implies_npa_psd	chsh_lassert_no_trap_implies_npa_psd	proof	Theorem	Kernel.QuantumPartitionPSD.chsh_lassert_no_trap_implies_npa_psd	unique_suffix
README.md	308	markdown_code	S² > 8	S	nonproof	Definition		Definition@coq/kernel/quantum/BoxCHSH.v:55;Definition@coq/nofi/Instance_Kernel.v:40
README.md	308	markdown_code	S² ≤ 8	S	nonproof	Definition		Definition@coq/kernel/quantum/BoxCHSH.v:55;Definition@coq/nofi/Instance_Kernel.v:40
README.md	308	markdown_code	deterministic_strategy_elliptope	deterministic_strategy_elliptope	proof	Theorem	Kernel.ElliptopeCompletion.deterministic_strategy_elliptope	unique_suffix
README.md	308	markdown_code	elliptope_tsirelson	elliptope_tsirelson	proof	Theorem	Kernel.ElliptopeCompletion.elliptope_tsirelson	unique_suffix
README.md	308	markdown_code	pr_box_not_elliptope	pr_box_not_elliptope	proof	Theorem	Kernel.ElliptopeCompletion.pr_box_not_elliptope	unique_suffix
README.md	309	markdown_code	elliptope_check_full	elliptope_check_full	nonproof	Definition		Definition@coq/kernel/quantum/ElliptopeGate.v:741
README.md	309	markdown_code	elliptope_check_full_sound	elliptope_check_full_sound	proof	Theorem	Kernel.ElliptopeGate.elliptope_check_full_sound	unique_suffix
README.md	312	markdown_code	nothing_at_stake_is_free_forgery	nothing_at_stake_is_free_forgery	proof	Theorem	Kernel.PoSFinality.nothing_at_stake_is_free_forgery	unique_suffix
README.md	312	markdown_code	slashing_finality_floor	slashing_finality_floor	proof	Theorem	Kernel.PoSFinality.slashing_finality_floor	unique_suffix
README.md	312	markdown_code	universal_nfi_any_substrate	universal_nfi_any_substrate	proof	Theorem	Kernel.UniversalCertificationCost.universal_nfi_any_substrate	unique_suffix
README.md	313	markdown_code	GasSchedule	GasSchedule	nonproof	Definition		Definition@coq/kernel/reductions/GasMetering.v:78
README.md	313	markdown_code	gas_schedule_exactness	gas_schedule_exactness	proof	Theorem	Kernel.GasMetering.gas_schedule_exactness	unique_suffix
README.md	314	markdown_code	V : TEEReport -> bool	TEEReport	nonproof	Record		Record@coq/kernel/reductions/TEEAttestation.v:67
README.md	314	markdown_code	V : TEEReport -> bool	V	nonproof	Definition		Definition@coq/kernel/curvature/DiscreteTopology.v:50
README.md	314	markdown_code	V : TEEReport -> bool	bool	nonproof	nonproof_token		excluded_nonproof_token
README.md	314	markdown_code	attestation_cannot_factor_through_bare_transcript	attestation_cannot_factor_through_bare_transcript	proof	Theorem	Kernel.TEEAttestation.attestation_cannot_factor_through_bare_transcript	unique_suffix
README.md	314	markdown_code	factors_classical report_projection V	V	nonproof	Definition		Definition@coq/kernel/curvature/DiscreteTopology.v:50
README.md	314	markdown_code	factors_classical report_projection V	factors_classical	nonproof	Definition		Definition@coq/VerifierExhaustiveness.v:52
README.md	314	markdown_code	factors_classical report_projection V	report_projection	nonproof	Definition		Definition@coq/kernel/reductions/TEEAttestation.v:75
README.md	315	markdown_code	abstract_bare_verifier_impossible	abstract_bare_verifier_impossible	proof	Theorem	Kernel.TransparencyLog.abstract_bare_verifier_impossible	unique_suffix
README.md	316	markdown_code	bare_pcc_impossible	bare_pcc_impossible	proof	Theorem	Kernel.ProofCarryingVerifier.bare_pcc_impossible	unique_suffix
README.md	316	markdown_code	k	k	nonproof	nonproof_token		excluded_nonproof_token
README.md	316	markdown_code	k	k	nonproof	nonproof_token		excluded_nonproof_token
README.md	316	markdown_code	k	k	nonproof	nonproof_token		excluded_nonproof_token
README.md	316	markdown_code	k	k	nonproof	nonproof_token		excluded_nonproof_token
README.md	316	markdown_code	level_k_verification_floor	level_k_verification_floor	proof	Theorem	Kernel.ProofCarryingVerifier.level_k_verification_floor	unique_suffix
README.md	331	markdown_code	WFDrivenRun	WFDrivenRun	nonproof	Fixpoint		Fixpoint@coq/kami_hw/GraphReconstructionBridge.v:3955
README.md	332	markdown_code	demon_refutes_incremental	demon_refutes_incremental	proof	Theorem	Kernel.KnowledgeNarrowingMinimal.demon_refutes_incremental	unique_suffix
README.md	332	markdown_code	free_incremental_narrowing_with_three	free_incremental_narrowing_with_three	proof	Theorem	Kernel.KnowledgeNarrowingMinimal.free_incremental_narrowing_with_three	unique_suffix
README.md	332	markdown_code	no_free_incremental_narrowing_below_three	no_free_incremental_narrowing_below_three	proof	Theorem	Kernel.KnowledgeNarrowingMinimal.no_free_incremental_narrowing_below_three	unique_suffix
README.md	332	markdown_code	observer_narrowing_can_be_free	observer_narrowing_can_be_free	proof	Theorem	Kernel.KnowledgeNarrowing.observer_narrowing_can_be_free	unique_suffix
README.md	332	markdown_code	run_narrowing_priced_log	run_narrowing_priced_log	proof	Theorem	Kernel.KnowledgeNarrowing.run_narrowing_priced_log	unique_suffix
README.md	332	markdown_code	wipe_costs_at_least_one	wipe_costs_at_least_one	proof	Theorem	Kernel.KnowledgeNarrowing.wipe_costs_at_least_one	unique_suffix
README.md	333	markdown_code	L_halting_undecidable	L_halting_undecidable	proof	Theorem	Kernel.LRecursion.L_halting_undecidable	unique_suffix
README.md	333	markdown_code	L_rice	L_rice	proof	Theorem	Kernel.LRecursion.L_rice	unique_suffix
README.md	333	markdown_code	second_recursion	second_recursion	proof	Theorem	Kernel.LRecursion.second_recursion	unique_suffix
README.md	334	markdown_code	surcharged_core_equiv_mod_schedule	surcharged_core_equiv_mod_schedule	proof	Theorem	Kernel.StructuralScheduleUniqueness.surcharged_core_equiv_mod_schedule	unique_suffix
README.md	334	markdown_code	toggle_not_latch	toggle_not_latch	proof	Theorem	Kernel.StructuralRecordAxis.toggle_not_latch	unique_suffix
README.md	334	markdown_code	uniqueness_round1_refuted	uniqueness_round1_refuted	proof	Theorem	Kernel.StructuralUniqueness.uniqueness_round1_refuted	unique_suffix
README.md	334	markdown_code	uniqueness_round2_refuted	uniqueness_round2_refuted	proof	Theorem	Kernel.StructuralUniqueness.uniqueness_round2_refuted	unique_suffix
README.md	334	markdown_code	uniqueness_round3a_refuted	uniqueness_round3a_refuted	proof	Theorem	Kernel.StructuralScheduleUniqueness.uniqueness_round3a_refuted	unique_suffix
README.md	334	markdown_code	uniqueness_round3b_holds	uniqueness_round3b_holds	proof	Theorem	Kernel.StructuralScheduleUniqueness.uniqueness_round3b_holds	unique_suffix
README.md	334	markdown_code	uniqueness_round4_holds	uniqueness_round4_holds	proof	Theorem	Kernel.StructuralRecordAxis.uniqueness_round4_holds	unique_suffix
README.md	335	markdown_code	F1_physical_premises_incompatible	F1_physical_premises_incompatible	proof	Theorem	Kernel.F1_StrongForm.F1_physical_premises_incompatible	unique_suffix
README.md	361	markdown_code	thielecpu/vm.py	thielecpu	nonproof	nonproof_token		excluded_nonproof_token
README.md	361	markdown_code	thielecpu/vm.py	vm.py	nonproof	nonproof_token		excluded_nonproof_token
README.md	386	markdown_code	make coq-gate	coq	nonproof	nonproof_token		excluded_nonproof_token
README.md	386	markdown_code	make coq-gate	gate	nonproof	nonproof_token		excluded_nonproof_token
README.md	386	markdown_code	make coq-gate	make	nonproof	nonproof_token		excluded_nonproof_token
README.md	411	markdown_code	iverilog	iverilog	nonproof	nonproof_token		excluded_nonproof_token
README.md	411	markdown_code	ocamlfind	ocamlfind	nonproof	nonproof_token		excluded_nonproof_token
README.md	411	markdown_code	verilator	verilator	nonproof	nonproof_token		excluded_nonproof_token
README.md	411	markdown_code	yosys	yosys	nonproof	nonproof_token		excluded_nonproof_token
README.md	412	markdown_code	ubuntu-latest	latest	nonproof	nonproof_token		excluded_nonproof_token
README.md	412	markdown_code	ubuntu-latest	ubuntu	nonproof	nonproof_token		excluded_nonproof_token
README.md	419	markdown_code	coinor-csdp	coinor	nonproof	nonproof_token		excluded_nonproof_token
README.md	419	markdown_code	coinor-csdp	csdp	nonproof	nonproof_token		excluded_nonproof_token
README.md	419	markdown_code	psatz	psatz	nonproof	nonproof_token		excluded_nonproof_token
README.md	419	markdown_code	psatz	psatz	nonproof	nonproof_token		excluded_nonproof_token
README.md	421	markdown_code	coq-gate	coq	nonproof	nonproof_token		excluded_nonproof_token
README.md	421	markdown_code	coq-gate	gate	nonproof	nonproof_token		excluded_nonproof_token
README.md	432	markdown_code	artifacts/reproduction/	artifacts	nonproof	nonproof_token		excluded_nonproof_token
README.md	432	markdown_code	artifacts/reproduction/	reproduction	nonproof	nonproof_token		excluded_nonproof_token
README.md	434	markdown_code	coqchk	coqchk	nonproof	nonproof_token		excluded_nonproof_token
README.md	449	markdown_code	COQPATH	COQPATH	nonproof	nonproof_token		excluded_nonproof_token
README.md	449	markdown_code	make install	install	nonproof	nonproof_token		excluded_nonproof_token
README.md	449	markdown_code	make install	make	nonproof	nonproof_token		excluded_nonproof_token
README.md	450	markdown_code	make verify	make	nonproof	nonproof_token		excluded_nonproof_token
README.md	450	markdown_code	make verify	verify	nonproof	nonproof_token		excluded_nonproof_token
README.md	450	markdown_code	pytest	pytest	nonproof	nonproof_token		excluded_nonproof_token
README.md	452	markdown_code	CoreExecution	CoreExecution	nonproof	nonproof_token		excluded_nonproof_token
README.md	452	markdown_code	CoreRules	CoreRules	nonproof	nonproof_token		excluded_nonproof_token
README.md	452	markdown_code	CoreTyping	CoreTyping	nonproof	nonproof_token		excluded_nonproof_token
README.md	452	markdown_code	DispatchReset	DispatchReset	nonproof	nonproof_token		excluded_nonproof_token
README.md	482	markdown_code	iverilog	iverilog	nonproof	nonproof_token		excluded_nonproof_token
README.md	492	markdown_code	make verify	make	nonproof	nonproof_token		excluded_nonproof_token
README.md	492	markdown_code	make verify	verify	nonproof	nonproof_token		excluded_nonproof_token
README.md	493	markdown_code	make ocaml-runner	make	nonproof	nonproof_token		excluded_nonproof_token
README.md	493	markdown_code	make ocaml-runner	ocaml	nonproof	nonproof_token		excluded_nonproof_token
README.md	493	markdown_code	make ocaml-runner	runner	nonproof	nonproof_token		excluded_nonproof_token
README.md	494	markdown_code	make test	make	nonproof	nonproof_token		excluded_nonproof_token
README.md	494	markdown_code	make test	test	nonproof	nonproof_token		excluded_nonproof_token
README.md	495	markdown_code	make canonical-extract	canonical	nonproof	nonproof_token		excluded_nonproof_token
README.md	495	markdown_code	make canonical-extract	extract	nonproof	nonproof_token		excluded_nonproof_token
README.md	495	markdown_code	make canonical-extract	make	nonproof	nonproof_token		excluded_nonproof_token
README.md	496	markdown_code	make canonical-e2e	canonical	nonproof	nonproof_token		excluded_nonproof_token
README.md	496	markdown_code	make canonical-e2e	e2e	nonproof	nonproof_token		excluded_nonproof_token
README.md	496	markdown_code	make canonical-e2e	make	nonproof	nonproof_token		excluded_nonproof_token
README.md	497	markdown_code	make rtl-synth	make	nonproof	nonproof_token		excluded_nonproof_token
README.md	497	markdown_code	make rtl-synth	rtl	nonproof	nonproof_token		excluded_nonproof_token
README.md	497	markdown_code	make rtl-synth	synth	nonproof	nonproof_token		excluded_nonproof_token
README.md	498	markdown_code	make rtl-cosim	cosim	nonproof	nonproof_token		excluded_nonproof_token
README.md	498	markdown_code	make rtl-cosim	make	nonproof	nonproof_token		excluded_nonproof_token
README.md	498	markdown_code	make rtl-cosim	rtl	nonproof	nonproof_token		excluded_nonproof_token
README.md	499	markdown_code	make rtl-verify	make	nonproof	nonproof_token		excluded_nonproof_token
README.md	499	markdown_code	make rtl-verify	rtl	nonproof	nonproof_token		excluded_nonproof_token
README.md	499	markdown_code	make rtl-verify	verify	nonproof	nonproof_token		excluded_nonproof_token
README.md	500	markdown_code	coqchk	coqchk	nonproof	nonproof_token		excluded_nonproof_token
README.md	500	markdown_code	make proof-undeniable	make	nonproof	nonproof_token		excluded_nonproof_token
README.md	500	markdown_code	make proof-undeniable	proof	nonproof	nonproof_token		excluded_nonproof_token
README.md	500	markdown_code	make proof-undeniable	undeniable	nonproof	nonproof_token		excluded_nonproof_token
README.md	501	markdown_code	make closeout-gate	closeout	nonproof	nonproof_token		excluded_nonproof_token
README.md	501	markdown_code	make closeout-gate	gate	nonproof	nonproof_token		excluded_nonproof_token
README.md	501	markdown_code	make closeout-gate	make	nonproof	nonproof_token		excluded_nonproof_token
README.md	503	markdown_code	make help	help	nonproof	nonproof_token		excluded_nonproof_token
README.md	503	markdown_code	make help	make	nonproof	nonproof_token		excluded_nonproof_token
README.md	510	markdown_code	Print Assumptions	Assumptions	nonproof	nonproof_token		excluded_nonproof_token
README.md	510	markdown_code	Print Assumptions	Print	nonproof	nonproof_token		excluded_nonproof_token
README.md	515	markdown_code	classic	classic	nonproof	nonproof_token		excluded_nonproof_token
README.md	515	markdown_code	eq_rect_eq	eq_rect_eq	nonproof	nonproof_token		excluded_nonproof_token
README.md	515	markdown_code	functional_extensionality_dep	functional_extensionality_dep	nonproof	nonproof_token		excluded_nonproof_token
README.md	515	markdown_code	sig_forall_dec	sig_forall_dec	nonproof	nonproof_token		excluded_nonproof_token
README.md	515	markdown_code	sig_not_dec	sig_not_dec	nonproof	nonproof_token		excluded_nonproof_token
README.md	539	markdown_code	rtl_inventory_arithmetic	rtl_inventory_arithmetic	proof	Theorem	KamiHW.RTLGapRegistry.rtl_inventory_arithmetic	unique_suffix
README.md	544	markdown_code	PDISCOVER	PDISCOVER	nonproof	nonproof_token		excluded_nonproof_token
README.md	544	markdown_code	PMERGE	PMERGE	nonproof	nonproof_token		excluded_nonproof_token
README.md	544	markdown_code	PNEW	PNEW	nonproof	nonproof_token		excluded_nonproof_token
README.md	544	markdown_code	PSPLIT	PSPLIT	nonproof	nonproof_token		excluded_nonproof_token
README.md	545	markdown_code	LASSERT	LASSERT	nonproof	nonproof_token		excluded_nonproof_token
README.md	545	markdown_code	LASSERT	LASSERT	nonproof	nonproof_token		excluded_nonproof_token
README.md	545	markdown_code	LJOIN	LJOIN	nonproof	nonproof_token		excluded_nonproof_token
README.md	545	markdown_code	MDLACC	MDLACC	nonproof	nonproof_token		excluded_nonproof_token
README.md	546	markdown_code	ADD	ADD	nonproof	nonproof_token		excluded_nonproof_token
README.md	546	markdown_code	HALT	HALT	nonproof	nonproof_token		excluded_nonproof_token
README.md	546	markdown_code	JUMP	JUMP	nonproof	nonproof_token		excluded_nonproof_token
README.md	546	markdown_code	LOAD	LOAD	nonproof	nonproof_token		excluded_nonproof_token
README.md	546	markdown_code	STORE	STORE	nonproof	nonproof_token		excluded_nonproof_token
README.md	547	markdown_code	CERTIFY	CERTIFY	nonproof	nonproof_token		excluded_nonproof_token
README.md	547	markdown_code	CHSH_TRIAL	CHSH_TRIAL	nonproof	nonproof_token		excluded_nonproof_token
README.md	547	markdown_code	REVEAL	REVEAL	nonproof	nonproof_token		excluded_nonproof_token
README.md	547	markdown_code	TENSOR_GET	TENSOR_GET	nonproof	nonproof_token		excluded_nonproof_token
README.md	547	markdown_code	TENSOR_SET	TENSOR_SET	nonproof	nonproof_token		excluded_nonproof_token
README.md	548	markdown_code	COMPOSE	COMPOSE	nonproof	nonproof_token		excluded_nonproof_token
README.md	548	markdown_code	MORPH	MORPH	nonproof	nonproof_token		excluded_nonproof_token
README.md	548	markdown_code	MORPH_ASSERT	MORPH_ASSERT	nonproof	nonproof_token		excluded_nonproof_token
README.md	548	markdown_code	MORPH_ID	MORPH_ID	nonproof	nonproof_token		excluded_nonproof_token
README.md	549	markdown_code	CHSH_LASSERT	CHSH_LASSERT	nonproof	nonproof_token		excluded_nonproof_token
README.md	549	markdown_code	S(mu_delta) ≥ 1	S	nonproof	Definition		Definition@coq/kernel/quantum/BoxCHSH.v:55;Definition@coq/nofi/Instance_Kernel.v:40
README.md	549	markdown_code	S(mu_delta) ≥ 1	mu_delta	nonproof	nonproof_token		excluded_nonproof_token
README.md	549	markdown_code	chsh_lassert_no_trap_implies_npa_psd	chsh_lassert_no_trap_implies_npa_psd	proof	Theorem	Kernel.QuantumPartitionPSD.chsh_lassert_no_trap_implies_npa_psd	unique_suffix
README.md	549	markdown_code	vm_witness	vm_witness	nonproof	nonproof_token		excluded_nonproof_token
README.md	551	markdown_code	CHSH_LASSERT	CHSH_LASSERT	nonproof	nonproof_token		excluded_nonproof_token
README.md	551	markdown_code	instr_chsh_lassert_1ab*	instr_chsh_lassert_1ab	nonproof	nonproof_token		excluded_nonproof_token
README.md	552	markdown_code	EmbedStep.v	EmbedStep.v	nonproof	nonproof_token		excluded_nonproof_token
README.md	552	markdown_code	coq/kami_hw/Abstraction.v	Abstraction.v	nonproof	nonproof_token		excluded_nonproof_token
README.md	552	markdown_code	coq/kami_hw/Abstraction.v	coq	nonproof	nonproof_token		excluded_nonproof_token
README.md	552	markdown_code	coq/kami_hw/Abstraction.v	kami_hw	nonproof	nonproof_token		excluded_nonproof_token
README.md	577	markdown_code	mu	mu	nonproof	Definition		Definition@coq/nofi/Instance_Kernel.v:57;Definition@coq/thermodynamic/LandauerDerived.v:227
TECHNICAL_DISCLOSURE.md	18	markdown_code	CERTIFY	CERTIFY	nonproof	nonproof_token		excluded_nonproof_token
TECHNICAL_DISCLOSURE.md	28	markdown_code	instruction_cost(i)	i	nonproof	nonproof_token		excluded_nonproof_token
TECHNICAL_DISCLOSURE.md	28	markdown_code	instruction_cost(i)	instruction_cost	nonproof	Definition		Definition@coq/ThieleMachineComplete.v:2319;Definition@coq/kernel/foundation/VMStep.v:231
TECHNICAL_DISCLOSURE.md	28	markdown_code	mu_delta	mu_delta	nonproof	nonproof_token		excluded_nonproof_token
TECHNICAL_DISCLOSURE.md	28	markdown_code	vm_mu	vm_mu	nonproof	nonproof_token		excluded_nonproof_token
TECHNICAL_DISCLOSURE.md	28	markdown_code	vm_mu	vm_mu	nonproof	nonproof_token		excluded_nonproof_token
TECHNICAL_DISCLOSURE.md	28	markdown_code	vm_mu : nat	nat	nonproof	nonproof_token		excluded_nonproof_token
TECHNICAL_DISCLOSURE.md	28	markdown_code	vm_mu : nat	vm_mu	nonproof	nonproof_token		excluded_nonproof_token
TECHNICAL_DISCLOSURE.md	31	markdown_code	mu_delta	mu_delta	nonproof	nonproof_token		excluded_nonproof_token
TECHNICAL_DISCLOSURE.md	32	markdown_code	S(mu_delta)	S	nonproof	Definition		Definition@coq/kernel/quantum/BoxCHSH.v:55;Definition@coq/nofi/Instance_Kernel.v:40
TECHNICAL_DISCLOSURE.md	32	markdown_code	S(mu_delta)	mu_delta	nonproof	nonproof_token		excluded_nonproof_token
TECHNICAL_DISCLOSURE.md	32	markdown_code	mu_delta + 1	mu_delta	nonproof	nonproof_token		excluded_nonproof_token
TECHNICAL_DISCLOSURE.md	32	markdown_code	mu_delta = 0	mu_delta	nonproof	nonproof_token		excluded_nonproof_token
TECHNICAL_DISCLOSURE.md	34	markdown_code	|payload|_bits + S(mu_delta)	S	nonproof	Definition		Definition@coq/kernel/quantum/BoxCHSH.v:55;Definition@coq/nofi/Instance_Kernel.v:40
TECHNICAL_DISCLOSURE.md	34	markdown_code	|payload|_bits + S(mu_delta)	mu_delta	nonproof	nonproof_token		excluded_nonproof_token
TECHNICAL_DISCLOSURE.md	34	markdown_code	|payload|_bits + S(mu_delta)	payload	nonproof	nonproof_token		excluded_nonproof_token
TECHNICAL_DISCLOSURE.md	36	markdown_code	flen	flen	nonproof	nonproof_token		excluded_nonproof_token
TECHNICAL_DISCLOSURE.md	36	markdown_code	flen × 8 + S(mu_delta)	S	nonproof	Definition		Definition@coq/kernel/quantum/BoxCHSH.v:55;Definition@coq/nofi/Instance_Kernel.v:40
TECHNICAL_DISCLOSURE.md	36	markdown_code	flen × 8 + S(mu_delta)	flen	nonproof	nonproof_token		excluded_nonproof_token
TECHNICAL_DISCLOSURE.md	36	markdown_code	flen × 8 + S(mu_delta)	mu_delta	nonproof	nonproof_token		excluded_nonproof_token
TECHNICAL_DISCLOSURE.md	38	markdown_code	MuCostDerivation.v	MuCostDerivation.v	nonproof	nonproof_token		excluded_nonproof_token
TECHNICAL_DISCLOSURE.md	38	markdown_code	S(δ)	S	nonproof	Definition		Definition@coq/kernel/quantum/BoxCHSH.v:55;Definition@coq/nofi/Instance_Kernel.v:40
TECHNICAL_DISCLOSURE.md	40	markdown_code	ObservationPolicy.v	ObservationPolicy.v	nonproof	nonproof_token		excluded_nonproof_token
TECHNICAL_DISCLOSURE.md	40	markdown_code	joint_floor_is_least	joint_floor_is_least	proof	Theorem	Kernel.ObservationPolicy.joint_floor_is_least	unique_suffix
TECHNICAL_DISCLOSURE.md	42	markdown_code	thielecpu/hardware/rtl/thiele_cpu_kami.v	hardware	nonproof	nonproof_token		excluded_nonproof_token
TECHNICAL_DISCLOSURE.md	42	markdown_code	thielecpu/hardware/rtl/thiele_cpu_kami.v	rtl	nonproof	nonproof_token		excluded_nonproof_token
TECHNICAL_DISCLOSURE.md	42	markdown_code	thielecpu/hardware/rtl/thiele_cpu_kami.v	thiele_cpu_kami.v	nonproof	nonproof_token		excluded_nonproof_token
TECHNICAL_DISCLOSURE.md	42	markdown_code	thielecpu/hardware/rtl/thiele_cpu_kami.v	thielecpu	nonproof	nonproof_token		excluded_nonproof_token
TECHNICAL_DISCLOSURE.md	42	markdown_code	vm_mu	vm_mu	nonproof	nonproof_token		excluded_nonproof_token
TECHNICAL_DISCLOSURE.md	50	markdown_code	vm_mu	vm_mu	nonproof	nonproof_token		excluded_nonproof_token
TECHNICAL_DISCLOSURE.md	55	markdown_code	csr_cert_addr	csr_cert_addr	nonproof	nonproof_token		excluded_nonproof_token
TECHNICAL_DISCLOSURE.md	56	markdown_code	vm_certified	vm_certified	nonproof	nonproof_token		excluded_nonproof_token
TECHNICAL_DISCLOSURE.md	58	markdown_code	AbstractNoFI.v	AbstractNoFI.v	nonproof	nonproof_token		excluded_nonproof_token
TECHNICAL_DISCLOSURE.md	58	markdown_code	NoFreeInsight.v	NoFreeInsight.v	nonproof	nonproof_token		excluded_nonproof_token
TECHNICAL_DISCLOSURE.md	60	markdown_code	coq/kernel/nfi/AbstractNoFI.v	AbstractNoFI.v	nonproof	nonproof_token		excluded_nonproof_token
TECHNICAL_DISCLOSURE.md	60	markdown_code	coq/kernel/nfi/AbstractNoFI.v	coq	nonproof	nonproof_token		excluded_nonproof_token
TECHNICAL_DISCLOSURE.md	60	markdown_code	coq/kernel/nfi/AbstractNoFI.v	kernel	nonproof	nonproof_token		excluded_nonproof_token
TECHNICAL_DISCLOSURE.md	60	markdown_code	coq/kernel/nfi/AbstractNoFI.v	nfi	nonproof	nonproof_token		excluded_nonproof_token
TECHNICAL_DISCLOSURE.md	60	markdown_code	coq/kernel/nfi/UniversalCertificationCost.v	UniversalCertificationCost.v	nonproof	nonproof_token		excluded_nonproof_token
TECHNICAL_DISCLOSURE.md	60	markdown_code	coq/kernel/nfi/UniversalCertificationCost.v	coq	nonproof	nonproof_token		excluded_nonproof_token
TECHNICAL_DISCLOSURE.md	60	markdown_code	coq/kernel/nfi/UniversalCertificationCost.v	kernel	nonproof	nonproof_token		excluded_nonproof_token
TECHNICAL_DISCLOSURE.md	60	markdown_code	coq/kernel/nfi/UniversalCertificationCost.v	nfi	nonproof	nonproof_token		excluded_nonproof_token
TECHNICAL_DISCLOSURE.md	60	markdown_code	no_free_certification	no_free_certification	proof	Theorem	Kernel.AbstractNoFI.no_free_certification	unique_suffix
TECHNICAL_DISCLOSURE.md	60	markdown_code	universal_nfi_any_substrate	universal_nfi_any_substrate	proof	Theorem	Kernel.UniversalCertificationCost.universal_nfi_any_substrate	unique_suffix
TECHNICAL_DISCLOSURE.md	62	markdown_code	FiniteCertMachine.v	FiniteCertMachine.v	nonproof	nonproof_token		excluded_nonproof_token
TECHNICAL_DISCLOSURE.md	62	markdown_code	PermanentCertificationEntropy.v	PermanentCertificationEntropy.v	nonproof	nonproof_token		excluded_nonproof_token
TECHNICAL_DISCLOSURE.md	62	markdown_code	PermanentRecordPricing.v	PermanentRecordPricing.v	nonproof	nonproof_token		excluded_nonproof_token
TECHNICAL_DISCLOSURE.md	62	markdown_code	a2_from_merging_price_and_permanence	a2_from_merging_price_and_permanence	proof	Theorem	Kernel.PermanentCertification.a2_from_merging_price_and_permanence	unique_suffix
TECHNICAL_DISCLOSURE.md	62	markdown_code	coq/kernel/nfi/PermanentCertification.v	PermanentCertification.v	nonproof	nonproof_token		excluded_nonproof_token
TECHNICAL_DISCLOSURE.md	62	markdown_code	coq/kernel/nfi/PermanentCertification.v	coq	nonproof	nonproof_token		excluded_nonproof_token
TECHNICAL_DISCLOSURE.md	62	markdown_code	coq/kernel/nfi/PermanentCertification.v	kernel	nonproof	nonproof_token		excluded_nonproof_token
TECHNICAL_DISCLOSURE.md	62	markdown_code	coq/kernel/nfi/PermanentCertification.v	nfi	nonproof	nonproof_token		excluded_nonproof_token
TECHNICAL_DISCLOSURE.md	62	markdown_code	known_state_flip_forces_no_heat	known_state_flip_forces_no_heat	proof	Theorem	Kernel.PermanentCertificationEntropy.known_state_flip_forces_no_heat	unique_suffix
TECHNICAL_DISCLOSURE.md	62	markdown_code	vm_prices_certifying_merge_leaves_others_free	vm_prices_certifying_merge_leaves_others_free	proof	Theorem	Kernel.FiniteCertMachine.vm_prices_certifying_merge_leaves_others_free	unique_suffix
TECHNICAL_DISCLOSURE.md	62	markdown_code	vm_runs_finite_trace	vm_runs_finite_trace	proof	Theorem	Kernel.FiniteCertMachine.vm_runs_finite_trace	unique_suffix
TECHNICAL_DISCLOSURE.md	64	markdown_code	coq/kernel/nfi/ShadowPricing.v	ShadowPricing.v	nonproof	nonproof_token		excluded_nonproof_token
TECHNICAL_DISCLOSURE.md	64	markdown_code	coq/kernel/nfi/ShadowPricing.v	coq	nonproof	nonproof_token		excluded_nonproof_token
TECHNICAL_DISCLOSURE.md	64	markdown_code	coq/kernel/nfi/ShadowPricing.v	kernel	nonproof	nonproof_token		excluded_nonproof_token
TECHNICAL_DISCLOSURE.md	64	markdown_code	coq/kernel/nfi/ShadowPricing.v	nfi	nonproof	nonproof_token		excluded_nonproof_token
TECHNICAL_DISCLOSURE.md	64	markdown_code	shadow_cannot_price_exactly	shadow_cannot_price_exactly	proof	Theorem	Kernel.ShadowPricing.shadow_cannot_price_exactly	unique_suffix
TECHNICAL_DISCLOSURE.md	72	markdown_code	MuInitiality.v	MuInitiality.v	nonproof	nonproof_token		excluded_nonproof_token
TECHNICAL_DISCLOSURE.md	76	markdown_code	TraceStateDescent.v	TraceStateDescent.v	nonproof	nonproof_token		excluded_nonproof_token
TECHNICAL_DISCLOSURE.md	82	markdown_code	coq/kernel/mu_calculus/MuHierarchyTheorem.v	MuHierarchyTheorem.v	nonproof	nonproof_token		excluded_nonproof_token
TECHNICAL_DISCLOSURE.md	82	markdown_code	coq/kernel/mu_calculus/MuHierarchyTheorem.v	coq	nonproof	nonproof_token		excluded_nonproof_token
TECHNICAL_DISCLOSURE.md	82	markdown_code	coq/kernel/mu_calculus/MuHierarchyTheorem.v	kernel	nonproof	nonproof_token		excluded_nonproof_token
TECHNICAL_DISCLOSURE.md	82	markdown_code	coq/kernel/mu_calculus/MuHierarchyTheorem.v	mu_calculus	nonproof	nonproof_token		excluded_nonproof_token
TECHNICAL_DISCLOSURE.md	82	markdown_code	mu_hierarchy_theorem	mu_hierarchy_theorem	proof	Theorem	Kernel.MuHierarchyTheorem.mu_hierarchy_theorem	unique_suffix
TECHNICAL_DISCLOSURE.md	88	markdown_code	S(mu_delta) = mu_delta + 1 ≥ 1	S	nonproof	Definition		Definition@coq/kernel/quantum/BoxCHSH.v:55;Definition@coq/nofi/Instance_Kernel.v:40
TECHNICAL_DISCLOSURE.md	88	markdown_code	S(mu_delta) = mu_delta + 1 ≥ 1	mu_delta	nonproof	nonproof_token		excluded_nonproof_token
TECHNICAL_DISCLOSURE.md	88	markdown_code	S(mu_delta) = mu_delta + 1 ≥ 1	mu_delta	nonproof	nonproof_token		excluded_nonproof_token
TECHNICAL_DISCLOSURE.md	88	markdown_code	vm_certified	vm_certified	nonproof	nonproof_token		excluded_nonproof_token
TECHNICAL_DISCLOSURE.md	88	markdown_code	vm_certified = true	true	nonproof	nonproof_token		excluded_nonproof_token
TECHNICAL_DISCLOSURE.md	88	markdown_code	vm_certified = true	vm_certified	nonproof	nonproof_token		excluded_nonproof_token
TECHNICAL_DISCLOSURE.md	90	markdown_code	certified	certified	nonproof	nonproof_token		excluded_nonproof_token
TECHNICAL_DISCLOSURE.md	90	markdown_code	mu	mu	nonproof	Definition		Definition@coq/nofi/Instance_Kernel.v:57;Definition@coq/thermodynamic/LandauerDerived.v:227
TECHNICAL_DISCLOSURE.md	98	markdown_code	cost	cost	nonproof	nonproof_token		excluded_nonproof_token
TECHNICAL_DISCLOSURE.md	98	markdown_code	creg	creg	nonproof	nonproof_token		excluded_nonproof_token
TECHNICAL_DISCLOSURE.md	98	markdown_code	creg	creg	nonproof	nonproof_token		excluded_nonproof_token
TECHNICAL_DISCLOSURE.md	98	markdown_code	flen	flen	nonproof	nonproof_token		excluded_nonproof_token
TECHNICAL_DISCLOSURE.md	98	markdown_code	freg	freg	nonproof	nonproof_token		excluded_nonproof_token
TECHNICAL_DISCLOSURE.md	98	markdown_code	freg	freg	nonproof	nonproof_token		excluded_nonproof_token
TECHNICAL_DISCLOSURE.md	98	markdown_code	kind	kind	nonproof	nonproof_token		excluded_nonproof_token
TECHNICAL_DISCLOSURE.md	100	markdown_code	flen	flen	nonproof	nonproof_token		excluded_nonproof_token
TECHNICAL_DISCLOSURE.md	100	markdown_code	kind = true	kind	nonproof	nonproof_token		excluded_nonproof_token
TECHNICAL_DISCLOSURE.md	100	markdown_code	kind = true	true	nonproof	nonproof_token		excluded_nonproof_token
TECHNICAL_DISCLOSURE.md	102	markdown_code	LASSERT_TRAP_PC = 0xF00	LASSERT_TRAP_PC	nonproof	Definition		Definition@coq/ThieleMachineComplete.v:2467;Definition@coq/kernel/foundation/VMStep.v:550
TECHNICAL_DISCLOSURE.md	102	markdown_code	StateSpaceCounting.v	StateSpaceCounting.v	nonproof	nonproof_token		excluded_nonproof_token
TECHNICAL_DISCLOSURE.md	102	markdown_code	flen	flen	nonproof	nonproof_token		excluded_nonproof_token
TECHNICAL_DISCLOSURE.md	102	markdown_code	flen	flen	nonproof	nonproof_token		excluded_nonproof_token
TECHNICAL_DISCLOSURE.md	102	markdown_code	lassert_honest_cost	lassert_honest_cost	proof	Theorem	Kernel.StateSpaceCounting.StateSpaceCounting.lassert_honest_cost	unique_suffix
TECHNICAL_DISCLOSURE.md	102	markdown_code	lassert_honest_mu_cost	lassert_honest_mu_cost	proof	Corollary	Kernel.StateSpaceCounting.StateSpaceCounting.lassert_honest_mu_cost	unique_suffix
TECHNICAL_DISCLOSURE.md	102	markdown_code	vm_err	vm_err	nonproof	nonproof_token		excluded_nonproof_token
TECHNICAL_DISCLOSURE.md	104	markdown_code	vm_mem	vm_mem	nonproof	nonproof_token		excluded_nonproof_token
TECHNICAL_DISCLOSURE.md	112	markdown_code	vm_graph	vm_graph	nonproof	nonproof_token		excluded_nonproof_token
TECHNICAL_DISCLOSURE.md	116	markdown_code	NecessityOfMuLedger.v	NecessityOfMuLedger.v	nonproof	nonproof_token		excluded_nonproof_token
TECHNICAL_DISCLOSURE.md	116	markdown_code	PartitionSeparation.v	PartitionSeparation.v	nonproof	nonproof_token		excluded_nonproof_token
TECHNICAL_DISCLOSURE.md	124	markdown_code	vm_witness	vm_witness	nonproof	nonproof_token		excluded_nonproof_token
TECHNICAL_DISCLOSURE.md	124	markdown_code	wc_diff_00	wc_diff_00	nonproof	nonproof_token		excluded_nonproof_token
TECHNICAL_DISCLOSURE.md	124	markdown_code	wc_diff_01	wc_diff_01	nonproof	nonproof_token		excluded_nonproof_token
TECHNICAL_DISCLOSURE.md	124	markdown_code	wc_diff_10	wc_diff_10	nonproof	nonproof_token		excluded_nonproof_token
TECHNICAL_DISCLOSURE.md	124	markdown_code	wc_diff_11	wc_diff_11	nonproof	nonproof_token		excluded_nonproof_token
TECHNICAL_DISCLOSURE.md	124	markdown_code	wc_same_00	wc_same_00	nonproof	nonproof_token		excluded_nonproof_token
TECHNICAL_DISCLOSURE.md	124	markdown_code	wc_same_01	wc_same_01	nonproof	nonproof_token		excluded_nonproof_token
TECHNICAL_DISCLOSURE.md	124	markdown_code	wc_same_10	wc_same_10	nonproof	nonproof_token		excluded_nonproof_token
TECHNICAL_DISCLOSURE.md	124	markdown_code	wc_same_11	wc_same_11	nonproof	nonproof_token		excluded_nonproof_token
TECHNICAL_DISCLOSURE.md	128	markdown_code	CHSH.v	CHSH.v	nonproof	nonproof_token		excluded_nonproof_token
TECHNICAL_DISCLOSURE.md	128	markdown_code	CHSHStatisticalBridge.v	CHSHStatisticalBridge.v	nonproof	nonproof_token		excluded_nonproof_token
TECHNICAL_DISCLOSURE.md	128	markdown_code	|S| ≤ 2	S	nonproof	Definition		Definition@coq/kernel/quantum/BoxCHSH.v:55;Definition@coq/nofi/Instance_Kernel.v:40
TECHNICAL_DISCLOSURE.md	130	markdown_code	AlgebraicCoherence.v	AlgebraicCoherence.v	nonproof	nonproof_token		excluded_nonproof_token
TECHNICAL_DISCLOSURE.md	130	markdown_code	algebraically_coherent	algebraically_coherent	nonproof	Definition		Definition@coq/kernel/category/AlgebraicCoherence.v:48
TECHNICAL_DISCLOSURE.md	130	markdown_code	|S| ≤ 2√2	S	nonproof	Definition		Definition@coq/kernel/quantum/BoxCHSH.v:55;Definition@coq/nofi/Instance_Kernel.v:40
TECHNICAL_DISCLOSURE.md	132	markdown_code	column_contractive_check_witness_sound	column_contractive_check_witness_sound	proof	Lemma	Kernel.MuLedgerQuantumBridge.column_contractive_check_witness_sound	unique_suffix
TECHNICAL_DISCLOSURE.md	132	markdown_code	column_contractive_iff_npa_psd	column_contractive_iff_npa_psd	proof	Corollary	Kernel.QuantumPartitionPSD.column_contractive_iff_npa_psd	unique_suffix
TECHNICAL_DISCLOSURE.md	132	markdown_code	coq/kernel/nfi/MuLedgerQuantumBridge.v	MuLedgerQuantumBridge.v	nonproof	nonproof_token		excluded_nonproof_token
TECHNICAL_DISCLOSURE.md	132	markdown_code	coq/kernel/nfi/MuLedgerQuantumBridge.v	coq	nonproof	nonproof_token		excluded_nonproof_token
TECHNICAL_DISCLOSURE.md	132	markdown_code	coq/kernel/nfi/MuLedgerQuantumBridge.v	kernel	nonproof	nonproof_token		excluded_nonproof_token
TECHNICAL_DISCLOSURE.md	132	markdown_code	coq/kernel/nfi/MuLedgerQuantumBridge.v	nfi	nonproof	nonproof_token		excluded_nonproof_token
TECHNICAL_DISCLOSURE.md	132	markdown_code	coq/kernel/quantum/ConstructivePSD.v	ConstructivePSD.v	nonproof	nonproof_token		excluded_nonproof_token
TECHNICAL_DISCLOSURE.md	132	markdown_code	coq/kernel/quantum/ConstructivePSD.v	coq	nonproof	nonproof_token		excluded_nonproof_token
TECHNICAL_DISCLOSURE.md	132	markdown_code	coq/kernel/quantum/ConstructivePSD.v	kernel	nonproof	nonproof_token		excluded_nonproof_token
TECHNICAL_DISCLOSURE.md	132	markdown_code	coq/kernel/quantum/ConstructivePSD.v	quantum	nonproof	nonproof_token		excluded_nonproof_token
TECHNICAL_DISCLOSURE.md	132	markdown_code	coq/kernel/quantum/QuantumPartitionPSD.v	QuantumPartitionPSD.v	nonproof	nonproof_token		excluded_nonproof_token
TECHNICAL_DISCLOSURE.md	132	markdown_code	coq/kernel/quantum/QuantumPartitionPSD.v	coq	nonproof	nonproof_token		excluded_nonproof_token
TECHNICAL_DISCLOSURE.md	132	markdown_code	coq/kernel/quantum/QuantumPartitionPSD.v	kernel	nonproof	nonproof_token		excluded_nonproof_token
TECHNICAL_DISCLOSURE.md	132	markdown_code	coq/kernel/quantum/QuantumPartitionPSD.v	quantum	nonproof	nonproof_token		excluded_nonproof_token
TECHNICAL_DISCLOSURE.md	132	markdown_code	npa_psd_implies_column_contractive	npa_psd_implies_column_contractive	proof	Theorem	Kernel.QuantumPartitionPSD.npa_psd_implies_column_contractive	unique_suffix
TECHNICAL_DISCLOSURE.md	132	markdown_code	quadratic_nonneg_discriminant	quadratic_nonneg_discriminant	proof	Lemma	Kernel.ConstructivePSD.quadratic_nonneg_discriminant	unique_suffix
TECHNICAL_DISCLOSURE.md	132	markdown_code	zero_marginal_npa_column_contractive_implies_psd	zero_marginal_npa_column_contractive_implies_psd	proof	Lemma	Kernel.MuLedgerQuantumBridge.zero_marginal_npa_column_contractive_implies_psd	unique_suffix
TECHNICAL_DISCLOSURE.md	140	markdown_code	VMStep.v	VMStep.v	nonproof	nonproof_token		excluded_nonproof_token
TECHNICAL_DISCLOSURE.md	140	markdown_code	build/thiele_core.ml	build	nonproof	nonproof_token		excluded_nonproof_token
TECHNICAL_DISCLOSURE.md	140	markdown_code	build/thiele_core.ml	thiele_core.ml	nonproof	nonproof_token		excluded_nonproof_token
TECHNICAL_DISCLOSURE.md	140	markdown_code	coq/kernel/foundation/VMState.v	VMState.v	nonproof	nonproof_token		excluded_nonproof_token
TECHNICAL_DISCLOSURE.md	140	markdown_code	coq/kernel/foundation/VMState.v	coq	nonproof	nonproof_token		excluded_nonproof_token
TECHNICAL_DISCLOSURE.md	140	markdown_code	coq/kernel/foundation/VMState.v	foundation	nonproof	nonproof_token		excluded_nonproof_token
TECHNICAL_DISCLOSURE.md	140	markdown_code	coq/kernel/foundation/VMState.v	kernel	nonproof	nonproof_token		excluded_nonproof_token
TECHNICAL_DISCLOSURE.md	140	markdown_code	thielecpu/hardware/rtl/thiele_cpu_kami.v	hardware	nonproof	nonproof_token		excluded_nonproof_token
TECHNICAL_DISCLOSURE.md	140	markdown_code	thielecpu/hardware/rtl/thiele_cpu_kami.v	rtl	nonproof	nonproof_token		excluded_nonproof_token
TECHNICAL_DISCLOSURE.md	140	markdown_code	thielecpu/hardware/rtl/thiele_cpu_kami.v	thiele_cpu_kami.v	nonproof	nonproof_token		excluded_nonproof_token
TECHNICAL_DISCLOSURE.md	140	markdown_code	thielecpu/hardware/rtl/thiele_cpu_kami.v	thielecpu	nonproof	nonproof_token		excluded_nonproof_token
TECHNICAL_DISCLOSURE.md	142	markdown_code	True	True	nonproof	nonproof_token		excluded_nonproof_token
TECHNICAL_DISCLOSURE.md	142	markdown_code	WFDrivenPrecondition	WFDrivenPrecondition	nonproof	Definition		Definition@coq/kami_hw/GraphReconstructionBridge.v:3828
TECHNICAL_DISCLOSURE.md	142	markdown_code	coq/kami_hw/Abstraction.v	Abstraction.v	nonproof	nonproof_token		excluded_nonproof_token
TECHNICAL_DISCLOSURE.md	142	markdown_code	coq/kami_hw/Abstraction.v	coq	nonproof	nonproof_token		excluded_nonproof_token
TECHNICAL_DISCLOSURE.md	142	markdown_code	coq/kami_hw/Abstraction.v	kami_hw	nonproof	nonproof_token		excluded_nonproof_token
TECHNICAL_DISCLOSURE.md	142	markdown_code	coq/kami_hw/GraphReconstructionBridge.v	GraphReconstructionBridge.v	nonproof	nonproof_token		excluded_nonproof_token
TECHNICAL_DISCLOSURE.md	142	markdown_code	coq/kami_hw/GraphReconstructionBridge.v	coq	nonproof	nonproof_token		excluded_nonproof_token
TECHNICAL_DISCLOSURE.md	142	markdown_code	coq/kami_hw/GraphReconstructionBridge.v	kami_hw	nonproof	nonproof_token		excluded_nonproof_token
TECHNICAL_DISCLOSURE.md	142	markdown_code	coq/kami_hw/RTLGapRegistry.v	RTLGapRegistry.v	nonproof	nonproof_token		excluded_nonproof_token
TECHNICAL_DISCLOSURE.md	142	markdown_code	coq/kami_hw/RTLGapRegistry.v	coq	nonproof	nonproof_token		excluded_nonproof_token
TECHNICAL_DISCLOSURE.md	142	markdown_code	coq/kami_hw/RTLGapRegistry.v	kami_hw	nonproof	nonproof_token		excluded_nonproof_token
TECHNICAL_DISCLOSURE.md	142	markdown_code	coupling_desc_safe	coupling_desc_safe	nonproof	Definition		Definition@coq/kami_hw/GraphReconstructionBridge.v:776
TECHNICAL_DISCLOSURE.md	142	markdown_code	coupling_desc_safe_kami_step_preserved	coupling_desc_safe_kami_step_preserved	proof	Theorem	KamiHW.GraphReconstructionBridge.coupling_desc_safe_kami_step_preserved	unique_suffix
TECHNICAL_DISCLOSURE.md	142	markdown_code	coupling_wf_kami_step_preserved	coupling_wf_kami_step_preserved	proof	Theorem	KamiHW.GraphReconstructionBridge.coupling_wf_kami_step_preserved	unique_suffix
TECHNICAL_DISCLOSURE.md	142	markdown_code	driven_step_wf	driven_step_wf	proof	Theorem	KamiHW.GraphReconstructionBridge.driven_step_wf	unique_suffix
TECHNICAL_DISCLOSURE.md	142	markdown_code	kami_register_write_matches_vm	kami_register_write_matches_vm	proof	Theorem	KamiHW.Abstraction.kami_register_write_matches_vm	unique_suffix
TECHNICAL_DISCLOSURE.md	142	markdown_code	kami_step	kami_step	nonproof	Definition		Definition@coq/ThieleMachineComplete.v:8779;Definition@coq/kami_hw/Abstraction.v:817
TECHNICAL_DISCLOSURE.md	142	markdown_code	morph_table_wf_kami_step_preserved	morph_table_wf_kami_step_preserved	proof	Theorem	KamiHW.GraphReconstructionBridge.morph_table_wf_kami_step_preserved	unique_suffix
TECHNICAL_DISCLOSURE.md	142	markdown_code	rtl_gap_registry_empty	rtl_gap_registry_empty	proof	Theorem	KamiHW.RTLGapRegistry.rtl_gap_registry_empty	unique_suffix
TECHNICAL_DISCLOSURE.md	142	markdown_code	rtl_inventory_arithmetic	rtl_inventory_arithmetic	proof	Theorem	KamiHW.RTLGapRegistry.rtl_inventory_arithmetic	unique_suffix
TECHNICAL_DISCLOSURE.md	142	markdown_code	vm_apply	vm_apply	nonproof	Definition		Definition@coq/ThieleMachineComplete.v:3534;Definition@coq/kernel/foundation/SimulationProof.v:262
TECHNICAL_DISCLOSURE.md	144	markdown_code	GraphReconstructionBridge.v	GraphReconstructionBridge.v	nonproof	nonproof_token		excluded_nonproof_token
TECHNICAL_DISCLOSURE.md	144	markdown_code	WFDrivenRun fuel trace ks	WFDrivenRun	nonproof	Fixpoint		Fixpoint@coq/kami_hw/GraphReconstructionBridge.v:3955
TECHNICAL_DISCLOSURE.md	144	markdown_code	WFDrivenRun fuel trace ks	fuel	nonproof	nonproof_token		excluded_nonproof_token
TECHNICAL_DISCLOSURE.md	144	markdown_code	WFDrivenRun fuel trace ks	ks	nonproof	nonproof_token		excluded_nonproof_token
TECHNICAL_DISCLOSURE.md	144	markdown_code	WFDrivenRun fuel trace ks	trace	nonproof	nonproof_token		excluded_nonproof_token
TECHNICAL_DISCLOSURE.md	144	markdown_code	driven_trace_commutes	driven_trace_commutes	proof	Theorem	KamiHW.GraphReconstructionBridge.driven_trace_commutes	unique_suffix
TECHNICAL_DISCLOSURE.md	158	markdown_code	SoundStructuralShortcut	SoundStructuralShortcut	nonproof	Record		Record@coq/kernel/nfi/HonestNoFI_TheoremsWithoutAssumptions.v:501
TECHNICAL_DISCLOSURE.md	158	markdown_code	coq/kernel/nfi/HonestNoFI_TheoremsWithoutAssumptions.v	HonestNoFI_TheoremsWithoutAssumptions.v	nonproof	nonproof_token		excluded_nonproof_token
TECHNICAL_DISCLOSURE.md	158	markdown_code	coq/kernel/nfi/HonestNoFI_TheoremsWithoutAssumptions.v	coq	nonproof	nonproof_token		excluded_nonproof_token
TECHNICAL_DISCLOSURE.md	158	markdown_code	coq/kernel/nfi/HonestNoFI_TheoremsWithoutAssumptions.v	kernel	nonproof	nonproof_token		excluded_nonproof_token
TECHNICAL_DISCLOSURE.md	158	markdown_code	coq/kernel/nfi/HonestNoFI_TheoremsWithoutAssumptions.v	nfi	nonproof	nonproof_token		excluded_nonproof_token
TECHNICAL_DISCLOSURE.md	158	markdown_code	structural_entitlement_representation	structural_entitlement_representation	proof	Theorem	Kernel.HonestNoFI_TheoremsWithoutAssumptions.structural_entitlement_representation	unique_suffix
TECHNICAL_DISCLOSURE.md	171	markdown_code	NecessityAbstract.v	NecessityAbstract.v	nonproof	nonproof_token		excluded_nonproof_token
TECHNICAL_DISCLOSURE.md	171	markdown_code	NecessityOfMuLedger.v	NecessityOfMuLedger.v	nonproof	nonproof_token		excluded_nonproof_token
TECHNICAL_DISCLOSURE.md	177	markdown_code	scripts/comment_hygiene.py	comment_hygiene.py	nonproof	nonproof_token		excluded_nonproof_token
TECHNICAL_DISCLOSURE.md	177	markdown_code	scripts/comment_hygiene.py	scripts	nonproof	nonproof_token		excluded_nonproof_token
TECHNICAL_DISCLOSURE.md	177	markdown_code	scripts/inquisitor.py	inquisitor.py	nonproof	nonproof_token		excluded_nonproof_token
TECHNICAL_DISCLOSURE.md	177	markdown_code	scripts/inquisitor.py	scripts	nonproof	nonproof_token		excluded_nonproof_token
TECHNICAL_DISCLOSURE.md	191	markdown_code	Proof. intros; lazy in *; assumption. Qed.	Proof.	nonproof	nonproof_token		excluded_nonproof_token
TECHNICAL_DISCLOSURE.md	191	markdown_code	Proof. intros; lazy in *; assumption. Qed.	Qed.	nonproof	nonproof_token		excluded_nonproof_token
TECHNICAL_DISCLOSURE.md	191	markdown_code	Proof. intros; lazy in *; assumption. Qed.	assumption.	nonproof	nonproof_token		excluded_nonproof_token
TECHNICAL_DISCLOSURE.md	191	markdown_code	Proof. intros; lazy in *; assumption. Qed.	in	nonproof	nonproof_token		excluded_nonproof_token
TECHNICAL_DISCLOSURE.md	191	markdown_code	Proof. intros; lazy in *; assumption. Qed.	intros	nonproof	nonproof_token		excluded_nonproof_token
TECHNICAL_DISCLOSURE.md	191	markdown_code	Proof. intros; lazy in *; assumption. Qed.	lazy	nonproof	nonproof_token		excluded_nonproof_token
TECHNICAL_DISCLOSURE.md	191	markdown_code	Proof. intros; lazy; exact I. Qed.	I.	nonproof	nonproof_token		excluded_nonproof_token
TECHNICAL_DISCLOSURE.md	191	markdown_code	Proof. intros; lazy; exact I. Qed.	Proof.	nonproof	nonproof_token		excluded_nonproof_token
TECHNICAL_DISCLOSURE.md	191	markdown_code	Proof. intros; lazy; exact I. Qed.	Qed.	nonproof	nonproof_token		excluded_nonproof_token
TECHNICAL_DISCLOSURE.md	191	markdown_code	Proof. intros; lazy; exact I. Qed.	exact	nonproof	nonproof_token		excluded_nonproof_token
TECHNICAL_DISCLOSURE.md	191	markdown_code	Proof. intros; lazy; exact I. Qed.	intros	nonproof	nonproof_token		excluded_nonproof_token
TECHNICAL_DISCLOSURE.md	191	markdown_code	Proof. intros; lazy; exact I. Qed.	lazy	nonproof	nonproof_token		excluded_nonproof_token
TECHNICAL_DISCLOSURE.md	191	markdown_code	True	True	nonproof	nonproof_token		excluded_nonproof_token
TECHNICAL_DISCLOSURE.md	191	markdown_code	artifacts/vacuity_audit.json	artifacts	nonproof	nonproof_token		excluded_nonproof_token
TECHNICAL_DISCLOSURE.md	191	markdown_code	artifacts/vacuity_audit.json	vacuity_audit.json	nonproof	nonproof_token		excluded_nonproof_token
TECHNICAL_DISCLOSURE.md	191	markdown_code	coqc	coqc	nonproof	nonproof_token		excluded_nonproof_token
TECHNICAL_DISCLOSURE.md	191	markdown_code	scripts/vacuity_gate.py	scripts	nonproof	nonproof_token		excluded_nonproof_token
TECHNICAL_DISCLOSURE.md	191	markdown_code	scripts/vacuity_gate.py	vacuity_gate.py	nonproof	nonproof_token		excluded_nonproof_token
TECHNICAL_DISCLOSURE.md	193	markdown_code	EXPECT_CLEAR	EXPECT_CLEAR	nonproof	nonproof_token		excluded_nonproof_token
TECHNICAL_DISCLOSURE.md	193	markdown_code	EXPECT_VACUOUS_HYP	EXPECT_VACUOUS_HYP	nonproof	nonproof_token		excluded_nonproof_token
TECHNICAL_DISCLOSURE.md	193	markdown_code	EXPECT_VACUOUS_TRUE	EXPECT_VACUOUS_TRUE	nonproof	nonproof_token		excluded_nonproof_token
TECHNICAL_DISCLOSURE.md	193	markdown_code	Some.Module.Predicate x y z	Some.Module.Predicate	nonproof	nonproof_token		excluded_nonproof_token
TECHNICAL_DISCLOSURE.md	193	markdown_code	Some.Module.Predicate x y z	x	nonproof	nonproof_token		excluded_nonproof_token
TECHNICAL_DISCLOSURE.md	193	markdown_code	Some.Module.Predicate x y z	y	nonproof	nonproof_token		excluded_nonproof_token
TECHNICAL_DISCLOSURE.md	193	markdown_code	Some.Module.Predicate x y z	z	nonproof	nonproof_token		excluded_nonproof_token
TECHNICAL_DISCLOSURE.md	193	markdown_code	True	True	nonproof	nonproof_token		excluded_nonproof_token
TECHNICAL_DISCLOSURE.md	193	markdown_code	True	True	nonproof	nonproof_token		excluded_nonproof_token
TECHNICAL_DISCLOSURE.md	193	markdown_code	coq/test_fixtures/VacuitySmoke.v	VacuitySmoke.v	nonproof	nonproof_token		excluded_nonproof_token
TECHNICAL_DISCLOSURE.md	193	markdown_code	coq/test_fixtures/VacuitySmoke.v	coq	nonproof	nonproof_token		excluded_nonproof_token
TECHNICAL_DISCLOSURE.md	193	markdown_code	coq/test_fixtures/VacuitySmoke.v	test_fixtures	nonproof	nonproof_token		excluded_nonproof_token
TECHNICAL_DISCLOSURE.md	193	markdown_code	tests/test_vacuity_gate.py	test_vacuity_gate.py	nonproof	nonproof_token		excluded_nonproof_token
TECHNICAL_DISCLOSURE.md	193	markdown_code	tests/test_vacuity_gate.py	tests	nonproof	nonproof_token		excluded_nonproof_token
TECHNICAL_DISCLOSURE.md	201	markdown_code	NecessityOfMuLedger.v	NecessityOfMuLedger.v	nonproof	nonproof_token		excluded_nonproof_token
TECHNICAL_DISCLOSURE.md	201	markdown_code	bare_setting_no_sound_complete_verifier	bare_setting_no_sound_complete_verifier	proof	Theorem	VerifierImpossibility.bare_setting_no_sound_complete_verifier	unique_suffix
TECHNICAL_DISCLOSURE.md	201	markdown_code	coq/VerifierImpossibility.v	VerifierImpossibility.v	nonproof	nonproof_token		excluded_nonproof_token
TECHNICAL_DISCLOSURE.md	201	markdown_code	coq/VerifierImpossibility.v	coq	nonproof	nonproof_token		excluded_nonproof_token
TECHNICAL_DISCLOSURE.md	201	markdown_code	po1_state_A	po1_state_A	nonproof	Definition		Definition@coq/NecessityOfMuLedger.v:299;Definition@coq/ThieleMachineComplete.v:4401
TECHNICAL_DISCLOSURE.md	201	markdown_code	po1_state_B	po1_state_B	nonproof	Definition		Definition@coq/NecessityOfMuLedger.v:306;Definition@coq/ThieleMachineComplete.v:4404
TECHNICAL_DISCLOSURE.md	204	markdown_code	VMState	VMState	nonproof	Record		Record@coq/ThieleMachineComplete.v:1582;Record@coq/kernel/foundation/VMState.v:1931
TECHNICAL_DISCLOSURE.md	204	markdown_code	coq/VerifierEscape_Substrate.v	VerifierEscape_Substrate.v	nonproof	nonproof_token		excluded_nonproof_token
TECHNICAL_DISCLOSURE.md	204	markdown_code	coq/VerifierEscape_Substrate.v	coq	nonproof	nonproof_token		excluded_nonproof_token
TECHNICAL_DISCLOSURE.md	204	markdown_code	substrate_escape_succeeds	substrate_escape_succeeds	proof	Theorem	VerifierEscape_Substrate.substrate_escape_succeeds	unique_suffix
TECHNICAL_DISCLOSURE.md	205	markdown_code	CommitmentBitContract	CommitmentBitContract	nonproof	Record		Record@coq/VerifierEscape_Hardness.v:70
TECHNICAL_DISCLOSURE.md	205	markdown_code	commitment_contract_verifier	commitment_contract_verifier	proof	Theorem	VerifierEscape_Hardness.commitment_contract_verifier	unique_suffix
TECHNICAL_DISCLOSURE.md	205	markdown_code	coq/VerifierEscape_Hardness.v	VerifierEscape_Hardness.v	nonproof	nonproof_token		excluded_nonproof_token
TECHNICAL_DISCLOSURE.md	205	markdown_code	coq/VerifierEscape_Hardness.v	coq	nonproof	nonproof_token		excluded_nonproof_token
TECHNICAL_DISCLOSURE.md	205	markdown_code	honest_commitments_satisfy_contract	honest_commitments_satisfy_contract	proof	Theorem	VerifierEscape_Hardness.honest_commitments_satisfy_contract	unique_suffix
TECHNICAL_DISCLOSURE.md	205	markdown_code	unchecked_bit_violates_contract	unchecked_bit_violates_contract	proof	Theorem	VerifierEscape_Hardness.unchecked_bit_violates_contract	unique_suffix
TECHNICAL_DISCLOSURE.md	206	markdown_code	coq/VerifierEscape_Interaction.v	VerifierEscape_Interaction.v	nonproof	nonproof_token		excluded_nonproof_token
TECHNICAL_DISCLOSURE.md	206	markdown_code	coq/VerifierEscape_Interaction.v	coq	nonproof	nonproof_token		excluded_nonproof_token
TECHNICAL_DISCLOSURE.md	206	markdown_code	interactive_escape_succeeds	interactive_escape_succeeds	proof	Theorem	VerifierEscape_Interaction.interactive_escape_succeeds	unique_suffix
TECHNICAL_DISCLOSURE.md	208	markdown_code	V_does_not_factor_through_classical	V_does_not_factor_through_classical	proof	Theorem	VerifierExhaustiveness.V_does_not_factor_through_classical	unique_suffix
TECHNICAL_DISCLOSURE.md	208	markdown_code	coq/VerifierExhaustiveness.v	VerifierExhaustiveness.v	nonproof	nonproof_token		excluded_nonproof_token
TECHNICAL_DISCLOSURE.md	208	markdown_code	coq/VerifierExhaustiveness.v	coq	nonproof	nonproof_token		excluded_nonproof_token
TECHNICAL_DISCLOSURE.md	218	markdown_code	L_rice	L_rice	proof	Theorem	Kernel.LRecursion.L_rice	unique_suffix
TECHNICAL_DISCLOSURE.md	218	markdown_code	Substrate	Substrate	nonproof	Class		Class@coq/kernel/foundation/Substrate.v:54
TECHNICAL_DISCLOSURE.md	218	markdown_code	coq/kernel/foundation/LRecursion.v	LRecursion.v	nonproof	nonproof_token		excluded_nonproof_token
TECHNICAL_DISCLOSURE.md	218	markdown_code	coq/kernel/foundation/LRecursion.v	coq	nonproof	nonproof_token		excluded_nonproof_token
TECHNICAL_DISCLOSURE.md	218	markdown_code	coq/kernel/foundation/LRecursion.v	foundation	nonproof	nonproof_token		excluded_nonproof_token
TECHNICAL_DISCLOSURE.md	218	markdown_code	coq/kernel/foundation/LRecursion.v	kernel	nonproof	nonproof_token		excluded_nonproof_token
TECHNICAL_DISCLOSURE.md	218	markdown_code	coq/kernel/foundation/NatSubstrateInstance.v	NatSubstrateInstance.v	nonproof	nonproof_token		excluded_nonproof_token
TECHNICAL_DISCLOSURE.md	218	markdown_code	coq/kernel/foundation/NatSubstrateInstance.v	coq	nonproof	nonproof_token		excluded_nonproof_token
TECHNICAL_DISCLOSURE.md	218	markdown_code	coq/kernel/foundation/NatSubstrateInstance.v	foundation	nonproof	nonproof_token		excluded_nonproof_token
TECHNICAL_DISCLOSURE.md	218	markdown_code	coq/kernel/foundation/NatSubstrateInstance.v	kernel	nonproof	nonproof_token		excluded_nonproof_token
TECHNICAL_DISCLOSURE.md	218	markdown_code	coq/kernel/nfi/StructuralUndecidability.v	StructuralUndecidability.v	nonproof	nonproof_token		excluded_nonproof_token
TECHNICAL_DISCLOSURE.md	218	markdown_code	coq/kernel/nfi/StructuralUndecidability.v	coq	nonproof	nonproof_token		excluded_nonproof_token
TECHNICAL_DISCLOSURE.md	218	markdown_code	coq/kernel/nfi/StructuralUndecidability.v	kernel	nonproof	nonproof_token		excluded_nonproof_token
TECHNICAL_DISCLOSURE.md	218	markdown_code	coq/kernel/nfi/StructuralUndecidability.v	nfi	nonproof	nonproof_token		excluded_nonproof_token
TECHNICAL_DISCLOSURE.md	218	markdown_code	coq/kernel/nfi/VMSubstrateEncoded.v	VMSubstrateEncoded.v	nonproof	nonproof_token		excluded_nonproof_token
TECHNICAL_DISCLOSURE.md	218	markdown_code	coq/kernel/nfi/VMSubstrateEncoded.v	coq	nonproof	nonproof_token		excluded_nonproof_token
TECHNICAL_DISCLOSURE.md	218	markdown_code	coq/kernel/nfi/VMSubstrateEncoded.v	kernel	nonproof	nonproof_token		excluded_nonproof_token
TECHNICAL_DISCLOSURE.md	218	markdown_code	coq/kernel/nfi/VMSubstrateEncoded.v	nfi	nonproof	nonproof_token		excluded_nonproof_token
TECHNICAL_DISCLOSURE.md	218	markdown_code	list vm_instruction	list	nonproof	nonproof_token		excluded_nonproof_token
TECHNICAL_DISCLOSURE.md	218	markdown_code	list vm_instruction	vm_instruction	nonproof	Inductive		Inductive@coq/ThieleMachineComplete.v:2185;Inductive@coq/kernel/foundation/VMStep.v:120
TECHNICAL_DISCLOSURE.md	218	markdown_code	nat_structural_shortcut_undecidable	nat_structural_shortcut_undecidable	proof	Theorem	Kernel.NatSubstrateInstance.nat_structural_shortcut_undecidable	unique_suffix
TECHNICAL_DISCLOSURE.md	218	markdown_code	nat_to_program_program_to_nat	nat_to_program_program_to_nat	proof	Theorem	Kernel.VMInstructionEncoding.nat_to_program_program_to_nat	unique_suffix
TECHNICAL_DISCLOSURE.md	218	markdown_code	program_to_nat	program_to_nat	nonproof	Definition		Definition@coq/kernel/foundation/VMInstructionEncoding.v:616
TECHNICAL_DISCLOSURE.md	218	markdown_code	structural_shortcut_undecidable	structural_shortcut_undecidable	proof	Theorem	Kernel.StructuralUndecidability.structural_shortcut_undecidable	unique_suffix
TECHNICAL_DISCLOSURE.md	218	markdown_code	vm_logic_acc	vm_logic_acc	nonproof	nonproof_token		excluded_nonproof_token
TECHNICAL_DISCLOSURE.md	218	markdown_code	vm_structural_shortcut_undecidable_encoded	vm_structural_shortcut_undecidable_encoded	proof	Theorem	Kernel.VMSubstrateEncoded.vm_structural_shortcut_undecidable_encoded	unique_suffix
TECHNICAL_DISCLOSURE.md	220	markdown_code	coq/kernel/nfi/StructuralAxisOrthogonality.v	StructuralAxisOrthogonality.v	nonproof	nonproof_token		excluded_nonproof_token
TECHNICAL_DISCLOSURE.md	220	markdown_code	coq/kernel/nfi/StructuralAxisOrthogonality.v	coq	nonproof	nonproof_token		excluded_nonproof_token
TECHNICAL_DISCLOSURE.md	220	markdown_code	coq/kernel/nfi/StructuralAxisOrthogonality.v	kernel	nonproof	nonproof_token		excluded_nonproof_token
TECHNICAL_DISCLOSURE.md	220	markdown_code	coq/kernel/nfi/StructuralAxisOrthogonality.v	nfi	nonproof	nonproof_token		excluded_nonproof_token
TECHNICAL_DISCLOSURE.md	220	markdown_code	csr_cert_addr = 0	csr_cert_addr	nonproof	nonproof_token		excluded_nonproof_token
TECHNICAL_DISCLOSURE.md	220	markdown_code	csr_cert_addr = 650	csr_cert_addr	nonproof	nonproof_token		excluded_nonproof_token
TECHNICAL_DISCLOSURE.md	220	markdown_code	forget	forget	nonproof	Definition		Definition@coq/kernel/witness/BlindnessRepresentation.v:51
TECHNICAL_DISCLOSURE.md	220	markdown_code	forget s : TMSnapshot	TMSnapshot	nonproof	Record		Record@coq/kernel/witness/BlindnessRepresentation.v:38
TECHNICAL_DISCLOSURE.md	220	markdown_code	forget s : TMSnapshot	forget	nonproof	Definition		Definition@coq/kernel/witness/BlindnessRepresentation.v:51
TECHNICAL_DISCLOSURE.md	220	markdown_code	forget s : TMSnapshot	s	nonproof	nonproof_token		excluded_nonproof_token
TECHNICAL_DISCLOSURE.md	220	markdown_code	init_state	init_state	nonproof	Definition		Definition@coq/ThieleMachineComplete.v:5464;Definition@coq/kernel/mu_calculus/MuInitiality.v:34
TECHNICAL_DISCLOSURE.md	220	markdown_code	run_cert_set	run_cert_set	nonproof	Definition		Definition@coq/kernel/nfi/StructuralAxisOrthogonality.v:73
TECHNICAL_DISCLOSURE.md	220	markdown_code	run_cert_unset	run_cert_unset	nonproof	Definition		Definition@coq/kernel/nfi/StructuralAxisOrthogonality.v:76
TECHNICAL_DISCLOSURE.md	220	markdown_code	structural_axis_invisible_to_classical	structural_axis_invisible_to_classical	proof	Corollary	Kernel.StructuralAxisOrthogonality.structural_axis_invisible_to_classical	unique_suffix
TECHNICAL_DISCLOSURE.md	220	markdown_code	structural_shortcut_not_function_of_classical	structural_shortcut_not_function_of_classical	proof	Theorem	Kernel.StructuralAxisOrthogonality.structural_shortcut_not_function_of_classical	unique_suffix
TECHNICAL_DISCLOSURE.md	222	markdown_code	coq/kernel/nfi/StructuralAxisRelativization.v	StructuralAxisRelativization.v	nonproof	nonproof_token		excluded_nonproof_token
TECHNICAL_DISCLOSURE.md	222	markdown_code	coq/kernel/nfi/StructuralAxisRelativization.v	coq	nonproof	nonproof_token		excluded_nonproof_token
TECHNICAL_DISCLOSURE.md	222	markdown_code	coq/kernel/nfi/StructuralAxisRelativization.v	kernel	nonproof	nonproof_token		excluded_nonproof_token
TECHNICAL_DISCLOSURE.md	222	markdown_code	coq/kernel/nfi/StructuralAxisRelativization.v	nfi	nonproof	nonproof_token		excluded_nonproof_token
TECHNICAL_DISCLOSURE.md	222	markdown_code	forget s	forget	nonproof	Definition		Definition@coq/kernel/witness/BlindnessRepresentation.v:51
TECHNICAL_DISCLOSURE.md	222	markdown_code	forget s	s	nonproof	nonproof_token		excluded_nonproof_token
TECHNICAL_DISCLOSURE.md	222	markdown_code	structural_axis_survives_any_classical_oracle	structural_axis_survives_any_classical_oracle	proof	Theorem	Kernel.StructuralAxisRelativization.structural_axis_survives_any_classical_oracle	unique_suffix
TECHNICAL_DISCLOSURE.md	222	markdown_code	structural_axis_survives_halting_oracle	structural_axis_survives_halting_oracle	proof	Corollary	Kernel.StructuralAxisRelativization.structural_axis_survives_halting_oracle	unique_suffix
TECHNICAL_DISCLOSURE.md	224	markdown_code	axes_mutually_independent	axes_mutually_independent	proof	Theorem	Kernel.StructuralAxisRelativization.axes_mutually_independent	unique_suffix
TECHNICAL_DISCLOSURE.md	224	markdown_code	structural_membership_decidable	structural_membership_decidable	proof	Theorem	Kernel.StructuralAxisRelativization.structural_membership_decidable	unique_suffix
TECHNICAL_DISCLOSURE.md	246	markdown_code	five_labeled_models_have_selected_pointer	five_labeled_models_have_selected_pointer	proof	Theorem	Kernel.PointerObservableReductions.five_labeled_models_have_selected_pointer	unique_suffix
THIELE_MACHINE.txt	47	markdown_code	coq/tests/ClaimBoundaryRegression.v	ClaimBoundaryRegression.v	nonproof	nonproof_token		excluded_nonproof_token
THIELE_MACHINE.txt	47	markdown_code	coq/tests/ClaimBoundaryRegression.v	coq	nonproof	nonproof_token		excluded_nonproof_token
THIELE_MACHINE.txt	47	markdown_code	coq/tests/ClaimBoundaryRegression.v	tests	nonproof	nonproof_token		excluded_nonproof_token
THIELE_MACHINE.txt	47	markdown_code	counter_certification_system	counter_certification_system	nonproof	Definition		Definition@coq/tests/ClaimBoundaryRegression.v:11
THIELE_MACHINE.txt	47	markdown_code	receipt_encoding_roundtrip	receipt_encoding_roundtrip	proof	Theorem	Tests.ClaimBoundaryRegression.receipt_encoding_roundtrip	unique_suffix
THIELE_MACHINE.txt	119	markdown_code	full_vm_f1_premises_incompatible	full_vm_f1_premises_incompatible	proof	Theorem	Tests.ClaimBoundaryRegression.full_vm_f1_premises_incompatible	unique_suffix
THIELE_MACHINE.txt	121	markdown_code	a2_from_merging_price_and_permanence	a2_from_merging_price_and_permanence	proof	Theorem	Kernel.PermanentCertification.a2_from_merging_price_and_permanence	unique_suffix
THIELE_MACHINE.txt	121	markdown_code	honest_erasure_accounting_implies_a2	honest_erasure_accounting_implies_a2	proof	Theorem	Kernel.PermanentCertification.honest_erasure_accounting_implies_a2	unique_suffix
THIELE_MACHINE.txt	121	markdown_code	permanent_flip_is_not_injective	permanent_flip_is_not_injective	proof	Theorem	Kernel.PermanentCertification.permanent_flip_is_not_injective	unique_suffix
THIELE_MACHINE.txt	121	markdown_code	vm_prices_certifying_merge_leaves_others_free	vm_prices_certifying_merge_leaves_others_free	proof	Theorem	Kernel.FiniteCertMachine.vm_prices_certifying_merge_leaves_others_free	unique_suffix
THIELE_MACHINE.txt	121	markdown_code	vm_runs_finite_trace	vm_runs_finite_trace	proof	Theorem	Kernel.FiniteCertMachine.vm_runs_finite_trace	unique_suffix
THIELE_MACHINE.txt	123	markdown_code	flip_merges_or_revokes	flip_merges_or_revokes	proof	Theorem	Kernel.PermanentRecordPricing.flip_merges_or_revokes	unique_suffix
THIELE_MACHINE.txt	123	markdown_code	forced_price_without_permanent_record	forced_price_without_permanent_record	proof	Theorem	Kernel.PermanentRecordPricing.forced_price_without_permanent_record	unique_suffix
THIELE_MACHINE.txt	123	markdown_code	forced_priced_iff_merges	forced_priced_iff_merges	proof	Theorem	Kernel.PermanentRecordPricing.forced_priced_iff_merges	unique_suffix
THIELE_MACHINE.txt	123	markdown_code	permanent_flips_log_bound	permanent_flips_log_bound	proof	Theorem	Kernel.PermanentRecordPricing.permanent_flips_log_bound	unique_suffix
THIELE_MACHINE.txt	125	markdown_code	known_state_flip_forces_no_heat	known_state_flip_forces_no_heat	proof	Theorem	Kernel.PermanentCertificationEntropy.known_state_flip_forces_no_heat	unique_suffix
THIELE_MACHINE.txt	125	markdown_code	landauer_heat	landauer_heat	nonproof	Definition		Definition@coq/kernel/nfi/PermanentCertificationEntropy.v:816
THIELE_MACHINE.txt	125	markdown_code	permanent_flip_full_support_heat_positive	permanent_flip_full_support_heat_positive	proof	Theorem	Kernel.PermanentCertificationEntropy.permanent_flip_full_support_heat_positive	unique_suffix
THIELE_MACHINE.txt	125	markdown_code	permanent_flip_heat_floor	permanent_flip_heat_floor	proof	Theorem	Kernel.PermanentCertificationEntropy.permanent_flip_heat_floor	unique_suffix
THIELE_MACHINE.txt	125	markdown_code	permanent_flip_uniform_entropy_drop	permanent_flip_uniform_entropy_drop	proof	Theorem	Kernel.PermanentCertificationEntropy.permanent_flip_uniform_entropy_drop	unique_suffix
THIELE_MACHINE.txt	125	markdown_code	permanent_step_entropy_ceiling	permanent_step_entropy_ceiling	proof	Theorem	Kernel.PermanentCertificationEntropy.permanent_step_entropy_ceiling	unique_suffix
THIELE_MACHINE.txt	125	markdown_code	step_entropy_invariant_if_injective	step_entropy_invariant_if_injective	proof	Theorem	Kernel.PermanentCertificationEntropy.step_entropy_invariant_if_injective	unique_suffix
THIELE_MACHINE.txt	127	markdown_code	shadow_cannot_price_exactly	shadow_cannot_price_exactly	proof	Theorem	Kernel.ShadowPricing.shadow_cannot_price_exactly	unique_suffix
THIELE_MACHINE.txt	127	markdown_code	vm_bare_shadow_cannot_price_exactly	vm_bare_shadow_cannot_price_exactly	proof	Theorem	Kernel.ShadowPricing.vm_bare_shadow_cannot_price_exactly	unique_suffix
THIELE_MACHINE.txt	127	markdown_code	vm_forget_shadow_cannot_price_exactly	vm_forget_shadow_cannot_price_exactly	proof	Theorem	Kernel.ShadowPricing.vm_forget_shadow_cannot_price_exactly	unique_suffix
THIELE_MACHINE.txt	129	markdown_code	observer_narrowing_can_be_free	observer_narrowing_can_be_free	proof	Theorem	Kernel.KnowledgeNarrowing.observer_narrowing_can_be_free	unique_suffix
THIELE_MACHINE.txt	129	markdown_code	run_narrowing_priced_log	run_narrowing_priced_log	proof	Theorem	Kernel.KnowledgeNarrowing.run_narrowing_priced_log	unique_suffix
THIELE_MACHINE.txt	129	markdown_code	wipe_costs_at_least_one	wipe_costs_at_least_one	proof	Theorem	Kernel.KnowledgeNarrowing.wipe_costs_at_least_one	unique_suffix
THIELE_MACHINE.txt	131	markdown_code	WFDrivenRun	WFDrivenRun	nonproof	Fixpoint		Fixpoint@coq/kami_hw/GraphReconstructionBridge.v:3955
THIELE_MACHINE.txt	144	markdown_code	AdmitsShortcut	AdmitsShortcut	nonproof	nonproof_token		excluded_nonproof_token
THIELE_MACHINE.txt	150	markdown_code	L_halting_undecidable	L_halting_undecidable	proof	Theorem	Kernel.LRecursion.L_halting_undecidable	unique_suffix
THIELE_MACHINE.txt	150	markdown_code	L_rice	L_rice	proof	Theorem	Kernel.LRecursion.L_rice	unique_suffix
THIELE_MACHINE.txt	150	markdown_code	second_recursion	second_recursion	proof	Theorem	Kernel.LRecursion.second_recursion	unique_suffix
THIELE_MACHINE.txt	161	markdown_code	init_state	init_state	nonproof	Definition		Definition@coq/ThieleMachineComplete.v:5464;Definition@coq/kernel/mu_calculus/MuInitiality.v:34
THIELE_MACHINE.txt	178	markdown_code	SoundStructuralShortcut	SoundStructuralShortcut	nonproof	Record		Record@coq/kernel/nfi/HonestNoFI_TheoremsWithoutAssumptions.v:501
THIELE_MACHINE.txt	207	markdown_code	flen * 8	flen	nonproof	nonproof_token		excluded_nonproof_token
THIELE_MACHINE.txt	207	markdown_code	flen * 8 + S(delta)	S	nonproof	Definition		Definition@coq/kernel/quantum/BoxCHSH.v:55;Definition@coq/nofi/Instance_Kernel.v:40
THIELE_MACHINE.txt	207	markdown_code	flen * 8 + S(delta)	delta	nonproof	Definition		Definition@coq/kernel/curvature/CurvedTensorPipeline.v:995
THIELE_MACHINE.txt	207	markdown_code	flen * 8 + S(delta)	flen	nonproof	nonproof_token		excluded_nonproof_token
THIELE_MACHINE.txt	209	markdown_code	cost >= B + 1	B	nonproof	Definition		Definition@coq/kernel/curvature/DiscreteTopology.v:232
THIELE_MACHINE.txt	209	markdown_code	cost >= B + 1	cost	nonproof	nonproof_token		excluded_nonproof_token
THIELE_MACHINE.txt	209	markdown_code	cost >= max(B, 1)	B	nonproof	Definition		Definition@coq/kernel/curvature/DiscreteTopology.v:232
THIELE_MACHINE.txt	209	markdown_code	cost >= max(B, 1)	cost	nonproof	nonproof_token		excluded_nonproof_token
THIELE_MACHINE.txt	209	markdown_code	cost >= max(B, 1)	max	nonproof	nonproof_token		excluded_nonproof_token
THIELE_MACHINE.txt	222	markdown_code	finite_reversible_cannot_write	finite_reversible_cannot_write	proof	Theorem	Kernel.RecordAxisDiscrimination.finite_reversible_cannot_write	unique_suffix
THIELE_MACHINE.txt	222	markdown_code	history_latch_honest	history_latch_honest	proof	Theorem	Kernel.RecordAxisDiscrimination.history_latch_honest	unique_suffix
THIELE_MACHINE.txt	222	markdown_code	latch_core_honest	latch_core_honest	proof	Theorem	Kernel.RecordAxisDiscrimination.latch_core_honest	unique_suffix
THIELE_MACHINE.txt	224	markdown_code	cert_not_function_of_forget	cert_not_function_of_forget	proof	Theorem	Kernel.ProjectionNonExistence.cert_not_function_of_forget	unique_suffix
THIELE_MACHINE.txt	224	markdown_code	mu_not_function_of_bare_observable	mu_not_function_of_bare_observable	proof	Theorem	Kernel.ProjectionNonExistence.mu_not_function_of_bare_observable	unique_suffix
THIELE_MACHINE.txt	226	markdown_code	a2_from_merging_price_and_permanence	a2_from_merging_price_and_permanence	proof	Theorem	Kernel.PermanentCertification.a2_from_merging_price_and_permanence	unique_suffix
THIELE_MACHINE.txt	226	markdown_code	permanent_flip_is_not_injective	permanent_flip_is_not_injective	proof	Theorem	Kernel.PermanentCertification.permanent_flip_is_not_injective	unique_suffix
THIELE_MACHINE.txt	228	markdown_code	clock_record_not_driven	clock_record_not_driven	proof	Theorem	Kernel.StructuralRecordAxis.clock_record_not_driven	unique_suffix
THIELE_MACHINE.txt	228	markdown_code	toggle_not_latch	toggle_not_latch	proof	Theorem	Kernel.StructuralRecordAxis.toggle_not_latch	unique_suffix
THIELE_MACHINE.txt	228	markdown_code	uniqueness_round4_holds	uniqueness_round4_holds	proof	Theorem	Kernel.StructuralRecordAxis.uniqueness_round4_holds	unique_suffix
THIELE_MACHINE.txt	248	markdown_code	README.md	README.md	nonproof	nonproof_token		excluded_nonproof_token
THIELE_MACHINE.txt	248	markdown_code	make verify	make	nonproof	nonproof_token		excluded_nonproof_token
THIELE_MACHINE.txt	248	markdown_code	make verify	verify	nonproof	nonproof_token		excluded_nonproof_token
THIELE_MACHINE.txt	248	markdown_code	make verify-claims	claims	nonproof	nonproof_token		excluded_nonproof_token
THIELE_MACHINE.txt	248	markdown_code	make verify-claims	make	nonproof	nonproof_token		excluded_nonproof_token
THIELE_MACHINE.txt	248	markdown_code	make verify-claims	verify	nonproof	nonproof_token		excluded_nonproof_token
THIELE_MACHINE.txt	248	markdown_code	make verify-research	make	nonproof	nonproof_token		excluded_nonproof_token
THIELE_MACHINE.txt	248	markdown_code	make verify-research	research	nonproof	nonproof_token		excluded_nonproof_token
THIELE_MACHINE.txt	248	markdown_code	make verify-research	verify	nonproof	nonproof_token		excluded_nonproof_token
coq/README.md	28	markdown_code	NecessityOfMuLedger.v	NecessityOfMuLedger.v	nonproof	nonproof_token		excluded_nonproof_token
coq/README.md	29	markdown_code	ReceiptTheorem.v	ReceiptTheorem.v	nonproof	nonproof_token		excluded_nonproof_token
coq/README.md	30	markdown_code	BareVerifier	BareVerifier	nonproof	Record		Record@coq/VerifierModel.v:76
coq/README.md	30	markdown_code	VerifierImpossibility.v	VerifierImpossibility.v	nonproof	nonproof_token		excluded_nonproof_token
coq/README.md	30	markdown_code	VerifierModel.v	VerifierModel.v	nonproof	nonproof_token		excluded_nonproof_token
coq/README.md	31	markdown_code	VerifierEscape_{Substrate,Hardness,Interaction}.v	Hardness	nonproof	nonproof_token		excluded_nonproof_token
coq/README.md	31	markdown_code	VerifierEscape_{Substrate,Hardness,Interaction}.v	Interaction	nonproof	nonproof_token		excluded_nonproof_token
coq/README.md	31	markdown_code	VerifierEscape_{Substrate,Hardness,Interaction}.v	Substrate	nonproof	Class		Class@coq/kernel/foundation/Substrate.v:54
coq/README.md	31	markdown_code	VerifierEscape_{Substrate,Hardness,Interaction}.v	VerifierEscape_	nonproof	nonproof_token		excluded_nonproof_token
coq/README.md	32	markdown_code	VerifierExhaustiveness.v	VerifierExhaustiveness.v	nonproof	nonproof_token		excluded_nonproof_token
coq/README.md	33	markdown_code	MuCodingTheorem.v	MuCodingTheorem.v	nonproof	nonproof_token		excluded_nonproof_token
coq/README.md	33	markdown_code	mu_eq_k_claim	mu_eq_k_claim	nonproof	Definition		Definition@coq/MuCodingTheorem.v:88
coq/README.md	34	markdown_code	IntrinsicLevelHierarchy.v	IntrinsicLevelHierarchy.v	nonproof	nonproof_token		excluded_nonproof_token
coq/README.md	34	markdown_code	MuHierarchyTheorem	MuHierarchyTheorem	nonproof	nonproof_token		excluded_nonproof_token
coq/README.md	34	markdown_code	kernel/mu_calculus/	kernel	nonproof	nonproof_token		excluded_nonproof_token
coq/README.md	34	markdown_code	kernel/mu_calculus/	mu_calculus	nonproof	nonproof_token		excluded_nonproof_token
coq/README.md	35	markdown_code	MuDirectSum.v	MuDirectSum.v	nonproof	nonproof_token		excluded_nonproof_token
coq/README.md	36	markdown_code	kernel/	kernel	nonproof	nonproof_token		excluded_nonproof_token
coq/README.md	37	markdown_code	kami_hw/	kami_hw	nonproof	nonproof_token		excluded_nonproof_token
coq/README.md	38	markdown_code	thielemachine/	thielemachine	nonproof	nonproof_token		excluded_nonproof_token
coq/README.md	39	markdown_code	physics/	physics	nonproof	nonproof_token		excluded_nonproof_token
coq/README.md	40	markdown_code	nofi/	nofi	nonproof	nonproof_token		excluded_nonproof_token
coq/README.md	41	markdown_code	thiele_manifold/	thiele_manifold	nonproof	nonproof_token		excluded_nonproof_token
coq/README.md	42	markdown_code	VacuitySmoke.v	VacuitySmoke.v	nonproof	nonproof_token		excluded_nonproof_token
coq/README.md	42	markdown_code	tests/	tests	nonproof	nonproof_token		excluded_nonproof_token
coq/README.md	43	markdown_code	thermodynamic/	thermodynamic	nonproof	nonproof_token		excluded_nonproof_token
coq/README.md	44	markdown_code	spacetime/	spacetime	nonproof	nonproof_token		excluded_nonproof_token
coq/README.md	45	markdown_code	self_reference/	self_reference	nonproof	nonproof_token		excluded_nonproof_token
coq/README.md	47	markdown_code	README.md	README.md	nonproof	nonproof_token		excluded_nonproof_token
coq/kami_hw/README.md	9	markdown_code	Abstraction.v	Abstraction.v	nonproof	nonproof_token		excluded_nonproof_token
coq/kami_hw/README.md	10	markdown_code	CanonicalCPUProof.v	CanonicalCPUProof.v	nonproof	nonproof_token		excluded_nonproof_token
coq/kami_hw/README.md	11	markdown_code	Compatibility.v	Compatibility.v	nonproof	nonproof_token		excluded_nonproof_token
coq/kami_hw/README.md	12	markdown_code	EmbedStep.v	EmbedStep.v	nonproof	nonproof_token		excluded_nonproof_token
coq/kami_hw/README.md	13	markdown_code	EmbedStep_WF.v	EmbedStep_WF.v	nonproof	nonproof_token		excluded_nonproof_token
coq/kami_hw/README.md	14	markdown_code	FullAbstraction.v	FullAbstraction.v	nonproof	nonproof_token		excluded_nonproof_token
coq/kami_hw/README.md	15	markdown_code	FullEmbedStep.v	FullEmbedStep.v	nonproof	nonproof_token		excluded_nonproof_token
coq/kami_hw/README.md	16	markdown_code	FullStep.v	FullStep.v	nonproof	nonproof_token		excluded_nonproof_token
coq/kami_hw/README.md	17	markdown_code	GraphReconstructionBridge.v	GraphReconstructionBridge.v	nonproof	nonproof_token		excluded_nonproof_token
coq/kami_hw/README.md	18	markdown_code	HardwareShadowBridge.v	HardwareShadowBridge.v	nonproof	nonproof_token		excluded_nonproof_token
coq/kami_hw/README.md	19	markdown_code	KamiExtraction.v	KamiExtraction.v	nonproof	nonproof_token		excluded_nonproof_token
coq/kami_hw/README.md	20	markdown_code	LogicEngineEquivalence.v	LogicEngineEquivalence.v	nonproof	nonproof_token		excluded_nonproof_token
coq/kami_hw/README.md	21	markdown_code	RTLCorrectnessInstantiation.v	RTLCorrectnessInstantiation.v	nonproof	nonproof_token		excluded_nonproof_token
coq/kami_hw/README.md	22	markdown_code	RichStateCommutation.v	RichStateCommutation.v	nonproof	nonproof_token		excluded_nonproof_token
coq/kami_hw/README.md	23	markdown_code	ShadowDevice.v	ShadowDevice.v	nonproof	nonproof_token		excluded_nonproof_token
coq/kami_hw/README.md	24	markdown_code	ShadowDeviceTrace.v	ShadowDeviceTrace.v	nonproof	nonproof_token		excluded_nonproof_token
coq/kami_hw/README.md	25	markdown_code	ShadowEmbedStep.v	ShadowEmbedStep.v	nonproof	nonproof_token		excluded_nonproof_token
coq/kami_hw/README.md	26	markdown_code	ThieleCPUBusTop.v	ThieleCPUBusTop.v	nonproof	nonproof_token		excluded_nonproof_token
coq/kami_hw/README.md	27	markdown_code	ThieleCPUCore.v	ThieleCPUCore.v	nonproof	nonproof_token		excluded_nonproof_token
coq/kami_hw/README.md	28	markdown_code	ThieleCanonicality.v	ThieleCanonicality.v	nonproof	nonproof_token		excluded_nonproof_token
coq/kami_hw/README.md	29	markdown_code	ThieleTypes.v	ThieleTypes.v	nonproof	nonproof_token		excluded_nonproof_token
coq/kami_hw/README.md	30	markdown_code	VerilogRefinement.v	VerilogRefinement.v	nonproof	nonproof_token		excluded_nonproof_token
coq/kami_hw/README.md	32	markdown_code	coq/kami_hw/	coq	nonproof	nonproof_token		excluded_nonproof_token
coq/kami_hw/README.md	32	markdown_code	coq/kami_hw/	kami_hw	nonproof	nonproof_token		excluded_nonproof_token
coq/kami_hw/README.md	33	markdown_code	Admitted.	Admitted.	nonproof	nonproof_token		excluded_nonproof_token
coq/kernel/README.md	6	markdown_code	Kernel	Kernel	nonproof	nonproof_token		excluded_nonproof_token
coq/kernel/README.md	8	markdown_code	-R kernel/<subdir> Kernel	Kernel	nonproof	nonproof_token		excluded_nonproof_token
coq/kernel/README.md	8	markdown_code	-R kernel/<subdir> Kernel	R	nonproof	nonproof_token		excluded_nonproof_token
coq/kernel/README.md	8	markdown_code	-R kernel/<subdir> Kernel	kernel	nonproof	nonproof_token		excluded_nonproof_token
coq/kernel/README.md	8	markdown_code	-R kernel/<subdir> Kernel	subdir	nonproof	nonproof_token		excluded_nonproof_token
coq/kernel/README.md	9	markdown_code	From Kernel Require Import VMState	From	nonproof	nonproof_token		excluded_nonproof_token
coq/kernel/README.md	9	markdown_code	From Kernel Require Import VMState	Import	nonproof	nonproof_token		excluded_nonproof_token
coq/kernel/README.md	9	markdown_code	From Kernel Require Import VMState	Kernel	nonproof	nonproof_token		excluded_nonproof_token
coq/kernel/README.md	9	markdown_code	From Kernel Require Import VMState	Require	nonproof	nonproof_token		excluded_nonproof_token
coq/kernel/README.md	9	markdown_code	From Kernel Require Import VMState	VMState	nonproof	Record		Record@coq/ThieleMachineComplete.v:1582;Record@coq/kernel/foundation/VMState.v:1931
coq/kernel/README.md	15	markdown_code	foundation/	foundation	nonproof	nonproof_token		excluded_nonproof_token
coq/kernel/README.md	16	markdown_code	mu_calculus/	mu_calculus	nonproof	nonproof_token		excluded_nonproof_token
coq/kernel/README.md	17	markdown_code	nfi/	nfi	nonproof	nonproof_token		excluded_nonproof_token
coq/kernel/README.md	18	markdown_code	frontier/	frontier	nonproof	nonproof_token		excluded_nonproof_token
coq/kernel/README.md	19	markdown_code	category/	category	nonproof	nonproof_token		excluded_nonproof_token
coq/kernel/README.md	20	markdown_code	quantum/	quantum	nonproof	nonproof_token		excluded_nonproof_token
coq/kernel/README.md	21	markdown_code	curvature/	curvature	nonproof	nonproof_token		excluded_nonproof_token
coq/kernel/README.md	22	markdown_code	thermodynamic/	thermodynamic	nonproof	nonproof_token		excluded_nonproof_token
coq/kernel/README.md	23	markdown_code	witness/	witness	nonproof	nonproof_token		excluded_nonproof_token
coq/kernel/README.md	24	markdown_code	hardware_bridge/	hardware_bridge	nonproof	nonproof_token		excluded_nonproof_token
coq/kernel/README.md	25	markdown_code	aggregators/	aggregators	nonproof	nonproof_token		excluded_nonproof_token
coq/kernel/README.md	26	markdown_code	reductions/	reductions	nonproof	nonproof_token		excluded_nonproof_token
coq/kernel/README.md	27	markdown_code	misc/	misc	nonproof	nonproof_token		excluded_nonproof_token
coq/kernel/README.md	29	markdown_code	README.md	README.md	nonproof	nonproof_token		excluded_nonproof_token
coq/kernel/README.md	48	markdown_code	Admitted.	Admitted.	nonproof	nonproof_token		excluded_nonproof_token
coq/kernel/README.md	52	markdown_code	curvature/PhysicalSubstrate.v	PhysicalSubstrate.v	nonproof	nonproof_token		excluded_nonproof_token
coq/kernel/README.md	52	markdown_code	curvature/PhysicalSubstrate.v	curvature	nonproof	nonproof_token		excluded_nonproof_token
coq/kernel/README.md	52	markdown_code	mu_landauer_unruh_calibrated	mu_landauer_unruh_calibrated	nonproof	Definition		Definition@coq/kernel/curvature/NoFIToEinstein.v:50
coq/kernel/README.md	53	markdown_code	bsc_kami_compilation_trusted	bsc_kami_compilation_trusted	nonproof	Definition		Definition@coq/kernel/hardware_bridge/VerilogRTLCorrespondence.v:68
coq/kernel/README.md	53	markdown_code	hardware_bridge/	hardware_bridge	nonproof	nonproof_token		excluded_nonproof_token
coq/kernel/README.md	54	markdown_code	ClassicalDedekindReals.sig_forall_dec	ClassicalDedekindReals.sig_forall_dec	nonproof	nonproof_token		excluded_nonproof_token
coq/kernel/README.md	54	markdown_code	FunctionalExtensionality.functional_extensionality_dep	FunctionalExtensionality.functional_extensionality_dep	nonproof	nonproof_token		excluded_nonproof_token
coq/kernel/README.md	56	markdown_code	make -C coq	C	nonproof	nonproof_token		excluded_nonproof_token
coq/kernel/README.md	56	markdown_code	make -C coq	coq	nonproof	nonproof_token		excluded_nonproof_token
coq/kernel/README.md	56	markdown_code	make -C coq	make	nonproof	nonproof_token		excluded_nonproof_token
coq/kernel/README.md	57	markdown_code	Print Assumptions ReceiptTheorem.	Assumptions	nonproof	nonproof_token		excluded_nonproof_token
coq/kernel/README.md	57	markdown_code	Print Assumptions ReceiptTheorem.	Print	nonproof	nonproof_token		excluded_nonproof_token
coq/kernel/README.md	57	markdown_code	Print Assumptions ReceiptTheorem.	ReceiptTheorem.	nonproof	nonproof_token		excluded_nonproof_token
coq/kernel/aggregators/README.md	11	markdown_code	MasterSummary.v	MasterSummary.v	nonproof	nonproof_token		excluded_nonproof_token
coq/kernel/aggregators/README.md	12	markdown_code	ThieleGenesis.v	ThieleGenesis.v	nonproof	nonproof_token		excluded_nonproof_token
coq/kernel/aggregators/README.md	13	markdown_code	TOE	TOE	nonproof	nonproof_token		excluded_nonproof_token
coq/kernel/aggregators/README.md	13	markdown_code	TOE.v	TOE.v	nonproof	nonproof_token		excluded_nonproof_token
coq/kernel/aggregators/README.md	14	markdown_code	Closure.v	Closure.v	nonproof	nonproof_token		excluded_nonproof_token
coq/kernel/aggregators/README.md	14	markdown_code	Physics_Closure	Physics_Closure	proof	Theorem	Kernel.PhysicsClosure.Physics_Closure	unique_suffix
coq/kernel/aggregators/README.md	15	markdown_code	NonCircularityAudit.v	NonCircularityAudit.v	nonproof	nonproof_token		excluded_nonproof_token
coq/kernel/aggregators/README.md	16	markdown_code	FalsifiablePrediction.v	FalsifiablePrediction.v	nonproof	nonproof_token		excluded_nonproof_token
coq/kernel/aggregators/README.md	17	markdown_code	PDISCOVERIntegration.v	PDISCOVERIntegration.v	nonproof	nonproof_token		excluded_nonproof_token
coq/kernel/category/README.md	11	markdown_code	CategoryLaws.v	CategoryLaws.v	nonproof	nonproof_token		excluded_nonproof_token
coq/kernel/category/README.md	12	markdown_code	CategoryBridge.v	CategoryBridge.v	nonproof	nonproof_token		excluded_nonproof_token
coq/kernel/category/README.md	12	markdown_code	graph_add_identity	graph_add_identity	nonproof	Definition		Definition@coq/ThieleMachineComplete.v:1460;Definition@coq/kernel/foundation/VMState.v:444
coq/kernel/category/README.md	12	markdown_code	graph_compose_morphisms	graph_compose_morphisms	nonproof	Definition		Definition@coq/ThieleMachineComplete.v:1487;Definition@coq/kernel/foundation/VMState.v:543
coq/kernel/category/README.md	13	markdown_code	CategoryMonoidal.v	CategoryMonoidal.v	nonproof	nonproof_token		excluded_nonproof_token
coq/kernel/category/README.md	14	markdown_code	AlgebraicCoherence.v	AlgebraicCoherence.v	nonproof	nonproof_token		excluded_nonproof_token
coq/kernel/category/README.md	14	markdown_code	algebraically_coherent_tsirelson_general	algebraically_coherent_tsirelson_general	proof	Theorem	Kernel.AlgebraicCoherence.algebraically_coherent_tsirelson_general	unique_suffix
coq/kernel/category/README.md	14	markdown_code	psatz Q 4	Q	nonproof	Definition		Definition@coq/kernel/foundation/LRecursion.v:422
coq/kernel/category/README.md	14	markdown_code	psatz Q 4	psatz	nonproof	nonproof_token		excluded_nonproof_token
coq/kernel/category/README.md	15	markdown_code	ConstantUnification.v	ConstantUnification.v	nonproof	nonproof_token		excluded_nonproof_token
coq/kernel/category/README.md	19	markdown_code	algebraically_coherent_tsirelson_general	algebraically_coherent_tsirelson_general	proof	Theorem	Kernel.AlgebraicCoherence.algebraically_coherent_tsirelson_general	unique_suffix
coq/kernel/category/README.md	19	markdown_code	|S| ≤ 2√2	S	nonproof	Definition		Definition@coq/kernel/quantum/BoxCHSH.v:55;Definition@coq/nofi/Instance_Kernel.v:40
coq/kernel/category/README.md	23	markdown_code	foundation/	foundation	nonproof	nonproof_token		excluded_nonproof_token
coq/kernel/category/README.md	23	markdown_code	mu_calculus/	mu_calculus	nonproof	nonproof_token		excluded_nonproof_token
coq/kernel/category/README.md	23	markdown_code	quantum/	quantum	nonproof	nonproof_token		excluded_nonproof_token
coq/kernel/curvature/README.md	10	markdown_code	PhysicalSubstrate.v	PhysicalSubstrate.v	nonproof	nonproof_token		excluded_nonproof_token
coq/kernel/curvature/README.md	10	markdown_code	mu_landauer_unruh_calibrated	mu_landauer_unruh_calibrated	nonproof	Definition		Definition@coq/kernel/curvature/NoFIToEinstein.v:50
coq/kernel/curvature/README.md	16	markdown_code	2πχ + πB	B	nonproof	Definition		Definition@coq/kernel/curvature/DiscreteTopology.v:232
coq/kernel/curvature/README.md	16	markdown_code	B = 3χ	B	nonproof	Definition		Definition@coq/kernel/curvature/DiscreteTopology.v:232
coq/kernel/curvature/README.md	27	markdown_code	MatrixAlgebra4.v	MatrixAlgebra4.v	nonproof	nonproof_token		excluded_nonproof_token
coq/kernel/curvature/README.md	28	markdown_code	FourDSimplicialComplex.v	FourDSimplicialComplex.v	nonproof	nonproof_token		excluded_nonproof_token
coq/kernel/curvature/README.md	29	markdown_code	DiscreteSimplicialGeometry.v	DiscreteSimplicialGeometry.v	nonproof	nonproof_token		excluded_nonproof_token
coq/kernel/curvature/README.md	29	markdown_code	combinatorially_orthogonal	combinatorially_orthogonal	nonproof	Definition		Definition@coq/kernel/curvature/DiscreteSimplicialGeometry.v:62
coq/kernel/curvature/README.md	30	markdown_code	DiscreteTopology.v	DiscreteTopology.v	nonproof	nonproof_token		excluded_nonproof_token
coq/kernel/curvature/README.md	31	markdown_code	PhysicalSubstrate.v	PhysicalSubstrate.v	nonproof	nonproof_token		excluded_nonproof_token
coq/kernel/curvature/README.md	31	markdown_code	mu_landauer_unruh_calibrated	mu_landauer_unruh_calibrated	nonproof	Definition		Definition@coq/kernel/curvature/NoFIToEinstein.v:50
coq/kernel/curvature/README.md	32	markdown_code	KernelPhysics.v	KernelPhysics.v	nonproof	nonproof_token		excluded_nonproof_token
coq/kernel/curvature/README.md	38	markdown_code	MetricFromMuCosts.v	MetricFromMuCosts.v	nonproof	nonproof_token		excluded_nonproof_token
coq/kernel/curvature/README.md	39	markdown_code	MetricForcing.v	MetricForcing.v	nonproof	nonproof_token		excluded_nonproof_token
coq/kernel/curvature/README.md	40	markdown_code	RiemannTensor4D.v	RiemannTensor4D.v	nonproof	nonproof_token		excluded_nonproof_token
coq/kernel/curvature/README.md	41	markdown_code	SymmetricDerivative4D.v	SymmetricDerivative4D.v	nonproof	nonproof_token		excluded_nonproof_token
coq/kernel/curvature/README.md	42	markdown_code	LocalMorphismSemantics.v	LocalMorphismSemantics.v	nonproof	nonproof_token		excluded_nonproof_token
coq/kernel/curvature/README.md	48	markdown_code	EinsteinEquations4D.v	EinsteinEquations4D.v	nonproof	nonproof_token		excluded_nonproof_token
coq/kernel/curvature/README.md	49	markdown_code	EinsteinEquationsFull.v	EinsteinEquationsFull.v	nonproof	nonproof_token		excluded_nonproof_token
coq/kernel/curvature/README.md	50	markdown_code	AffineEFEClosure.v	AffineEFEClosure.v	nonproof	nonproof_token		excluded_nonproof_token
coq/kernel/curvature/README.md	51	markdown_code	CurvedTensorPipeline.v	CurvedTensorPipeline.v	nonproof	nonproof_token		excluded_nonproof_token
coq/kernel/curvature/README.md	52	markdown_code	EinsteinEmergence.v	EinsteinEmergence.v	nonproof	nonproof_token		excluded_nonproof_token
coq/kernel/curvature/README.md	52	markdown_code	einstein_emerges	einstein_emerges	proof	Theorem	Kernel.EinsteinEmergence.einstein_emerges	unique_suffix
coq/kernel/curvature/README.md	53	markdown_code	NoFIToEinstein.v	NoFIToEinstein.v	nonproof	nonproof_token		excluded_nonproof_token
coq/kernel/curvature/README.md	59	markdown_code	LorentzNotForced.v	LorentzNotForced.v	nonproof	nonproof_token		excluded_nonproof_token
coq/kernel/curvature/README.md	60	markdown_code	LorentzianTensorPipeline.v	LorentzianTensorPipeline.v	nonproof	nonproof_token		excluded_nonproof_token
coq/kernel/curvature/README.md	60	markdown_code	lorentzian_coupling_positive	lorentzian_coupling_positive	nonproof	Definition		Definition@coq/kernel/curvature/DiscreteRaychaudhuri.v:187
coq/kernel/curvature/README.md	61	markdown_code	DiscreteRaychaudhuri.v	DiscreteRaychaudhuri.v	nonproof	nonproof_token		excluded_nonproof_token
coq/kernel/curvature/README.md	61	markdown_code	lorentzian_coupling_positive	lorentzian_coupling_positive	nonproof	Definition		Definition@coq/kernel/curvature/DiscreteRaychaudhuri.v:187
coq/kernel/curvature/README.md	62	markdown_code	RaychaudhuriFluxBridge.v	RaychaudhuriFluxBridge.v	nonproof	nonproof_token		excluded_nonproof_token
coq/kernel/curvature/README.md	68	markdown_code	MuGravity.v	MuGravity.v	nonproof	nonproof_token		excluded_nonproof_token
coq/kernel/curvature/README.md	69	markdown_code	StressEnergyDynamics.v	StressEnergyDynamics.v	nonproof	nonproof_token		excluded_nonproof_token
coq/kernel/curvature/README.md	70	markdown_code	PNEWTopologyChange.v	PNEWTopologyChange.v	nonproof	nonproof_token		excluded_nonproof_token
coq/kernel/curvature/README.md	71	markdown_code	TopologyCurvatureBridge.v	TopologyCurvatureBridge.v	nonproof	nonproof_token		excluded_nonproof_token
coq/kernel/curvature/README.md	72	markdown_code	SpacetimeEmergence.v	SpacetimeEmergence.v	nonproof	nonproof_token		excluded_nonproof_token
coq/kernel/curvature/README.md	73	markdown_code	JacobsonBridgeComponents.v	JacobsonBridgeComponents.v	nonproof	nonproof_token		excluded_nonproof_token
coq/kernel/curvature/README.md	74	markdown_code	DiscreteGaussBonnet.v	DiscreteGaussBonnet.v	nonproof	nonproof_token		excluded_nonproof_token
coq/kernel/curvature/README.md	75	markdown_code	KernelNoether.v	KernelNoether.v	nonproof	nonproof_token		excluded_nonproof_token
coq/kernel/curvature/README.md	76	markdown_code	PhysicsClosure.v	PhysicsClosure.v	nonproof	nonproof_token		excluded_nonproof_token
coq/kernel/curvature/README.md	76	markdown_code	Physics_Closure	Physics_Closure	proof	Theorem	Kernel.PhysicsClosure.Physics_Closure	unique_suffix
coq/kernel/curvature/README.md	76	markdown_code	vm_step	vm_step	nonproof	Definition,Inductive		Definition@coq/kernel/foundation/VMSubstrateInstance.v:70;Inductive@coq/kernel/foundation/VMStep.v:1598
coq/kernel/curvature/README.md	80	markdown_code	Physics_Closure	Physics_Closure	proof	Theorem	Kernel.PhysicsClosure.Physics_Closure	unique_suffix
coq/kernel/curvature/README.md	81	markdown_code	einstein_emerges	einstein_emerges	proof	Theorem	Kernel.EinsteinEmergence.einstein_emerges	unique_suffix
coq/kernel/curvature/README.md	82	markdown_code	mu_landauer_unruh_calibrated	mu_landauer_unruh_calibrated	nonproof	Definition		Definition@coq/kernel/curvature/NoFIToEinstein.v:50
coq/kernel/curvature/README.md	83	markdown_code	nfi_to_discrete_einstein_from_pnew_bekenstein_calibration	nfi_to_discrete_einstein_from_pnew_bekenstein_calibration	proof	Theorem	Kernel.NoFIToEinstein.nfi_to_discrete_einstein_from_pnew_bekenstein_calibration	unique_suffix
coq/kernel/curvature/README.md	84	markdown_code	nfi_to_discrete_einstein_from_psplit_bekenstein_calibration	nfi_to_discrete_einstein_from_psplit_bekenstein_calibration	proof	Theorem	Kernel.NoFIToEinstein.nfi_to_discrete_einstein_from_psplit_bekenstein_calibration	unique_suffix
coq/kernel/curvature/README.md	88	markdown_code	foundation/	foundation	nonproof	nonproof_token		excluded_nonproof_token
coq/kernel/curvature/README.md	88	markdown_code	mu_calculus/	mu_calculus	nonproof	nonproof_token		excluded_nonproof_token
coq/kernel/curvature/README.md	88	markdown_code	nfi/	nfi	nonproof	nonproof_token		excluded_nonproof_token
coq/kernel/curvature/README.md	88	markdown_code	thermodynamic/	thermodynamic	nonproof	nonproof_token		excluded_nonproof_token
coq/kernel/curvature/README.md	90	markdown_code	KernelNoether.v	KernelNoether.v	nonproof	nonproof_token		excluded_nonproof_token
coq/kernel/foundation/README.md	13	markdown_code	VMState	VMState	nonproof	Record		Record@coq/ThieleMachineComplete.v:1582;Record@coq/kernel/foundation/VMState.v:1931
coq/kernel/foundation/README.md	13	markdown_code	VMState.v	VMState.v	nonproof	nonproof_token		excluded_nonproof_token
coq/kernel/foundation/README.md	14	markdown_code	VMStep.v	VMStep.v	nonproof	nonproof_token		excluded_nonproof_token
coq/kernel/foundation/README.md	14	markdown_code	instruction_cost	instruction_cost	nonproof	Definition		Definition@coq/ThieleMachineComplete.v:2319;Definition@coq/kernel/foundation/VMStep.v:231
coq/kernel/foundation/README.md	14	markdown_code	vm_apply : VMState → vm_instruction → VMState	VMState	nonproof	Record		Record@coq/ThieleMachineComplete.v:1582;Record@coq/kernel/foundation/VMState.v:1931
coq/kernel/foundation/README.md	14	markdown_code	vm_apply : VMState → vm_instruction → VMState	VMState	nonproof	Record		Record@coq/ThieleMachineComplete.v:1582;Record@coq/kernel/foundation/VMState.v:1931
coq/kernel/foundation/README.md	14	markdown_code	vm_apply : VMState → vm_instruction → VMState	vm_apply	nonproof	Definition		Definition@coq/ThieleMachineComplete.v:3534;Definition@coq/kernel/foundation/SimulationProof.v:262
coq/kernel/foundation/README.md	14	markdown_code	vm_apply : VMState → vm_instruction → VMState	vm_instruction	nonproof	Inductive		Inductive@coq/ThieleMachineComplete.v:2185;Inductive@coq/kernel/foundation/VMStep.v:120
coq/kernel/foundation/README.md	15	markdown_code	VMEncoding.v	VMEncoding.v	nonproof	nonproof_token		excluded_nonproof_token
coq/kernel/foundation/README.md	15	markdown_code	VMState ↔ list bool	VMState	nonproof	Record		Record@coq/ThieleMachineComplete.v:1582;Record@coq/kernel/foundation/VMState.v:1931
coq/kernel/foundation/README.md	15	markdown_code	VMState ↔ list bool	bool	nonproof	nonproof_token		excluded_nonproof_token
coq/kernel/foundation/README.md	15	markdown_code	VMState ↔ list bool	list	nonproof	nonproof_token		excluded_nonproof_token
coq/kernel/foundation/README.md	16	markdown_code	MuCostModel.v	MuCostModel.v	nonproof	nonproof_token		excluded_nonproof_token
coq/kernel/foundation/README.md	16	markdown_code	vm_apply_mu	vm_apply_mu	proof	Lemma	Kernel.MuLedgerConservation.vm_apply_mu	explicit_binding
coq/kernel/foundation/README.md	17	markdown_code	MuLedgerConservation.v	MuLedgerConservation.v	nonproof	nonproof_token		excluded_nonproof_token
coq/kernel/foundation/README.md	17	markdown_code	vm_apply	vm_apply	nonproof	Definition		Definition@coq/ThieleMachineComplete.v:3534;Definition@coq/kernel/foundation/SimulationProof.v:262
coq/kernel/foundation/README.md	18	markdown_code	SimulationProof.v	SimulationProof.v	nonproof	nonproof_token		excluded_nonproof_token
coq/kernel/foundation/README.md	18	markdown_code	exec_trace_from	exec_trace_from	nonproof	Fixpoint		Fixpoint@coq/ThieleMachineComplete.v:5489;Fixpoint@coq/kernel/mu_calculus/MuInitiality.v:63
coq/kernel/foundation/README.md	18	markdown_code	reachable	reachable	nonproof	Inductive		Inductive@coq/kernel/mu_calculus/MuInitiality.v:52
coq/kernel/foundation/README.md	18	markdown_code	run_instrs	run_instrs	nonproof	Fixpoint		Fixpoint@coq/NecessityOfMuLedger.v:661
coq/kernel/foundation/README.md	19	markdown_code	Definitions.v	Definitions.v	nonproof	nonproof_token		excluded_nonproof_token
coq/kernel/foundation/README.md	20	markdown_code	Locality.v	Locality.v	nonproof	nonproof_token		excluded_nonproof_token
coq/kernel/foundation/README.md	21	markdown_code	Persistence.v	Persistence.v	nonproof	nonproof_token		excluded_nonproof_token
coq/kernel/foundation/README.md	22	markdown_code	StateSpaceCounting.v	StateSpaceCounting.v	nonproof	nonproof_token		excluded_nonproof_token
coq/kernel/foundation/README.md	23	markdown_code	Kernel.v	Kernel.v	nonproof	nonproof_token		excluded_nonproof_token
coq/kernel/foundation/README.md	24	markdown_code	Kernel.program	Kernel.program	nonproof	nonproof_token		excluded_nonproof_token
coq/kernel/foundation/README.md	24	markdown_code	KernelTM.v	KernelTM.v	nonproof	nonproof_token		excluded_nonproof_token
coq/kernel/foundation/README.md	25	markdown_code	H_ClaimTapeIsZero	H_ClaimTapeIsZero	nonproof	nonproof_token		excluded_nonproof_token
coq/kernel/foundation/README.md	25	markdown_code	KernelThiele.v	KernelThiele.v	nonproof	nonproof_token		excluded_nonproof_token
coq/kernel/foundation/README.md	26	markdown_code	Subsumption.v	Subsumption.v	nonproof	nonproof_token		excluded_nonproof_token
coq/kernel/foundation/README.md	27	markdown_code	ProperSubsumption.v	ProperSubsumption.v	nonproof	nonproof_token		excluded_nonproof_token
coq/kernel/foundation/README.md	28	markdown_code	PartitionSeparation.v	PartitionSeparation.v	nonproof	nonproof_token		excluded_nonproof_token
coq/kernel/foundation/README.md	29	markdown_code	DagRestriction.v	DagRestriction.v	nonproof	nonproof_token		excluded_nonproof_token
coq/kernel/foundation/README.md	30	markdown_code	ClassicalBound.v	ClassicalBound.v	nonproof	nonproof_token		excluded_nonproof_token
coq/kernel/foundation/README.md	31	markdown_code	ClassicalConservativity.v	ClassicalConservativity.v	nonproof	nonproof_token		excluded_nonproof_token
coq/kernel/foundation/README.md	32	markdown_code	TuringClassicalEmbedding.v	TuringClassicalEmbedding.v	nonproof	nonproof_token		excluded_nonproof_token
coq/kernel/foundation/README.md	33	markdown_code	TuringStrictness.v	TuringStrictness.v	nonproof	nonproof_token		excluded_nonproof_token
coq/kernel/foundation/README.md	34	markdown_code	TuringCompletenessISA.v	TuringCompletenessISA.v	nonproof	nonproof_token		excluded_nonproof_token
coq/kernel/foundation/README.md	38	markdown_code	mu_ledger_necessity	mu_ledger_necessity	proof	Theorem	NecessityOfMuLedger.mu_ledger_necessity	explicit_binding
coq/kernel/foundation/README.md	38	markdown_code	vm_mu_not_classically_determined	vm_mu_not_classically_determined	proof	Theorem	NecessityOfMuLedger.vm_mu_not_classically_determined	explicit_binding
coq/kernel/foundation/README.md	39	markdown_code	shadow_strictly_lossy	shadow_strictly_lossy	proof	Theorem	Kernel.ShadowProjection.shadow_strictly_lossy	unique_suffix
coq/kernel/frontier/README.md	14	markdown_code	F1_LogicalErasure.v	F1_LogicalErasure.v	nonproof	nonproof_token		excluded_nonproof_token
coq/kernel/frontier/README.md	15	markdown_code	F1_AbstractedBridge.v	F1_AbstractedBridge.v	nonproof	nonproof_token		excluded_nonproof_token
coq/kernel/frontier/README.md	16	markdown_code	F1_StrongForm.v	F1_StrongForm.v	nonproof	nonproof_token		excluded_nonproof_token
coq/kernel/frontier/README.md	17	markdown_code	F1_TraceLevelA2.v	F1_TraceLevelA2.v	nonproof	nonproof_token		excluded_nonproof_token
coq/kernel/frontier/README.md	17	markdown_code	universal_nfi_any_substrate	universal_nfi_any_substrate	proof	Theorem	Kernel.UniversalCertificationCost.universal_nfi_any_substrate	unique_suffix
coq/kernel/frontier/README.md	25	markdown_code	F2_MinorIndependence.v	F2_MinorIndependence.v	nonproof	nonproof_token		excluded_nonproof_token
coq/kernel/frontier/README.md	25	markdown_code	algebraically_coherent	algebraically_coherent	nonproof	Definition		Definition@coq/kernel/category/AlgebraicCoherence.v:48
coq/kernel/frontier/README.md	26	markdown_code	F2_MinorFromWitnessLocality.v	F2_MinorFromWitnessLocality.v	nonproof	nonproof_token		excluded_nonproof_token
coq/kernel/frontier/README.md	26	markdown_code	algebraically_coherent	algebraically_coherent	nonproof	Definition		Definition@coq/kernel/category/AlgebraicCoherence.v:48
coq/kernel/frontier/README.md	27	markdown_code	F2_PerMinorFromCostCoherent.v	F2_PerMinorFromCostCoherent.v	nonproof	nonproof_token		excluded_nonproof_token
coq/kernel/frontier/README.md	35	markdown_code	F3_CrossLink.v	F3_CrossLink.v	nonproof	nonproof_token		excluded_nonproof_token
coq/kernel/frontier/README.md	36	markdown_code	F3_TripleCrossLink.v	F3_TripleCrossLink.v	nonproof	nonproof_token		excluded_nonproof_token
coq/kernel/frontier/README.md	37	markdown_code	F3_MuLaplacianSum.v	F3_MuLaplacianSum.v	nonproof	nonproof_token		excluded_nonproof_token
coq/kernel/frontier/README.md	38	markdown_code	F3_PartitionTopologyCrossLink.v	F3_PartitionTopologyCrossLink.v	nonproof	nonproof_token		excluded_nonproof_token
coq/kernel/frontier/README.md	39	markdown_code	F3_PlusOneStructural.v	F3_PlusOneStructural.v	nonproof	nonproof_token		excluded_nonproof_token
coq/kernel/frontier/README.md	39	markdown_code	OP-Plus-One	OP	nonproof	nonproof_token		excluded_nonproof_token
coq/kernel/frontier/README.md	39	markdown_code	OP-Plus-One	One	nonproof	nonproof_token		excluded_nonproof_token
coq/kernel/frontier/README.md	39	markdown_code	OP-Plus-One	Plus	nonproof	nonproof_token		excluded_nonproof_token
coq/kernel/frontier/README.md	39	markdown_code	triangle_angle	triangle_angle	nonproof	Definition		Definition@coq/kernel/curvature/MuGravity.v:153
coq/kernel/frontier/README.md	46	markdown_code	F3_PlusOneStructural.v	F3_PlusOneStructural.v	nonproof	nonproof_token		excluded_nonproof_token
coq/kernel/frontier/README.md	47	markdown_code	triangle_angle	triangle_angle	nonproof	Definition		Definition@coq/kernel/curvature/MuGravity.v:153
coq/kernel/frontier/README.md	52	markdown_code	foundation/	foundation	nonproof	nonproof_token		excluded_nonproof_token
coq/kernel/frontier/README.md	52	markdown_code	mu_calculus/	mu_calculus	nonproof	nonproof_token		excluded_nonproof_token
coq/kernel/frontier/README.md	52	markdown_code	nfi/	nfi	nonproof	nonproof_token		excluded_nonproof_token
coq/kernel/hardware_bridge/README.md	5	markdown_code	coq/kami_hw/	coq	nonproof	nonproof_token		excluded_nonproof_token
coq/kernel/hardware_bridge/README.md	5	markdown_code	coq/kami_hw/	kami_hw	nonproof	nonproof_token		excluded_nonproof_token
coq/kernel/hardware_bridge/README.md	12	markdown_code	FullWireSpec	FullWireSpec	nonproof	Record		Record@coq/kernel/hardware_bridge/ThreeLayerIsomorphism.v:358
coq/kernel/hardware_bridge/README.md	12	markdown_code	ThreeLayerIsomorphism.v	ThreeLayerIsomorphism.v	nonproof	nonproof_token		excluded_nonproof_token
coq/kernel/hardware_bridge/README.md	12	markdown_code	WireSpec	WireSpec	nonproof	Record		Record@coq/kernel/hardware_bridge/ThreeLayerIsomorphism.v:195
coq/kernel/hardware_bridge/README.md	13	markdown_code	VerilogRTLCorrespondence.v	VerilogRTLCorrespondence.v	nonproof	nonproof_token		excluded_nonproof_token
coq/kernel/hardware_bridge/README.md	14	markdown_code	HardwareBisimulation.v	HardwareBisimulation.v	nonproof	nonproof_token		excluded_nonproof_token
coq/kernel/hardware_bridge/README.md	14	markdown_code	complete_verification_chain	complete_verification_chain	proof	Theorem	Kernel.HardwareBisimulation.complete_verification_chain	unique_suffix
coq/kernel/hardware_bridge/README.md	14	markdown_code	hardware_synthesis_correctness	hardware_synthesis_correctness	proof	Theorem	Kernel.HardwareBisimulation.hardware_synthesis_correctness	unique_suffix
coq/kernel/hardware_bridge/README.md	14	markdown_code	hw_bisimulation_step	hw_bisimulation_step	proof	Theorem	Kernel.HardwareBisimulation.hw_bisimulation_step	unique_suffix
coq/kernel/hardware_bridge/README.md	15	markdown_code	PythonBisimulation.v	PythonBisimulation.v	nonproof	nonproof_token		excluded_nonproof_token
coq/kernel/hardware_bridge/README.md	15	markdown_code	step	step	nonproof	Inductive		Inductive@coq/kernel/foundation/LRecursion.v:105;Inductive@coq/thielemachine/ThieleMachine.v:190
coq/kernel/hardware_bridge/README.md	15	markdown_code	vm_apply	vm_apply	nonproof	Definition		Definition@coq/ThieleMachineComplete.v:3534;Definition@coq/kernel/foundation/SimulationProof.v:262
coq/kernel/hardware_bridge/README.md	16	markdown_code	OCamlExtractionBridge.v	OCamlExtractionBridge.v	nonproof	nonproof_token		excluded_nonproof_token
coq/kernel/hardware_bridge/README.md	20	markdown_code	complete_verification_chain	complete_verification_chain	proof	Theorem	Kernel.HardwareBisimulation.complete_verification_chain	unique_suffix
coq/kernel/hardware_bridge/README.md	20	markdown_code	hardware_synthesis_correctness	hardware_synthesis_correctness	proof	Theorem	Kernel.HardwareBisimulation.hardware_synthesis_correctness	unique_suffix
coq/kernel/hardware_bridge/README.md	21	markdown_code	hw_bisimulation_multi_step	hw_bisimulation_multi_step	proof	Theorem	Kernel.HardwareBisimulation.hw_bisimulation_multi_step	unique_suffix
coq/kernel/hardware_bridge/README.md	21	markdown_code	hw_bisimulation_step	hw_bisimulation_step	proof	Theorem	Kernel.HardwareBisimulation.hw_bisimulation_step	unique_suffix
coq/kernel/hardware_bridge/README.md	22	markdown_code	hw_mu_cost_consistency	hw_mu_cost_consistency	proof	Corollary	Kernel.HardwareBisimulation.hw_mu_cost_consistency	unique_suffix
coq/kernel/hardware_bridge/README.md	22	markdown_code	hw_step_reflects_vm_cost	hw_step_reflects_vm_cost	proof	Theorem	Kernel.HardwareBisimulation.hw_step_reflects_vm_cost	unique_suffix
coq/kernel/hardware_bridge/README.md	22	markdown_code	mu_accumulation_monotonic	mu_accumulation_monotonic	proof	Lemma	Kernel.HardwareBisimulation.mu_accumulation_monotonic	unique_suffix
coq/kernel/hardware_bridge/README.md	23	markdown_code	embed_step_*	embed_step_	nonproof	nonproof_token		excluded_nonproof_token
coq/kernel/hardware_bridge/README.md	23	markdown_code	full_embed_step_*	full_embed_step_	nonproof	nonproof_token		excluded_nonproof_token
coq/kernel/hardware_bridge/README.md	24	markdown_code	coq/kami_hw/	coq	nonproof	nonproof_token		excluded_nonproof_token
coq/kernel/hardware_bridge/README.md	24	markdown_code	coq/kami_hw/	kami_hw	nonproof	nonproof_token		excluded_nonproof_token
coq/kernel/hardware_bridge/README.md	28	markdown_code	curvature/	curvature	nonproof	nonproof_token		excluded_nonproof_token
coq/kernel/hardware_bridge/README.md	28	markdown_code	foundation/	foundation	nonproof	nonproof_token		excluded_nonproof_token
coq/kernel/hardware_bridge/README.md	28	markdown_code	mu_calculus/	mu_calculus	nonproof	nonproof_token		excluded_nonproof_token
coq/kernel/hardware_bridge/README.md	28	markdown_code	quantum/	quantum	nonproof	nonproof_token		excluded_nonproof_token
coq/kernel/hardware_bridge/README.md	32	markdown_code	bsc_kami_compilation_trusted	bsc_kami_compilation_trusted	nonproof	Definition		Definition@coq/kernel/hardware_bridge/VerilogRTLCorrespondence.v:68
coq/kernel/hardware_bridge/README.md	34	markdown_code	OCamlExtractionBridge.v	OCamlExtractionBridge.v	nonproof	nonproof_token		excluded_nonproof_token
coq/kernel/hardware_bridge/README.md	35	markdown_code	VerilogRTLCorrespondence.v	VerilogRTLCorrespondence.v	nonproof	nonproof_token		excluded_nonproof_token
coq/kernel/misc/README.md	10	markdown_code	ConeAlgebra.v	ConeAlgebra.v	nonproof	nonproof_token		excluded_nonproof_token
coq/kernel/misc/README.md	10	markdown_code	causal_cone	causal_cone	nonproof	Fixpoint		Fixpoint@coq/ThieleMachineComplete.v:5659;Fixpoint@coq/kernel/curvature/KernelPhysics.v:105
coq/kernel/misc/README.md	11	markdown_code	ConeDerivation.v	ConeDerivation.v	nonproof	nonproof_token		excluded_nonproof_token
coq/kernel/misc/README.md	11	markdown_code	causal_cone	causal_cone	nonproof	Fixpoint		Fixpoint@coq/ThieleMachineComplete.v:5659;Fixpoint@coq/kernel/curvature/KernelPhysics.v:105
coq/kernel/misc/README.md	12	markdown_code	SemanticMuCost.v	SemanticMuCost.v	nonproof	nonproof_token		excluded_nonproof_token
coq/kernel/misc/README.md	18	markdown_code	foundation/	foundation	nonproof	nonproof_token		excluded_nonproof_token
coq/kernel/misc/README.md	21	markdown_code	SemanticMuCost.v	SemanticMuCost.v	nonproof	nonproof_token		excluded_nonproof_token
coq/kernel/misc/README.md	21	markdown_code	mu_calculus/	mu_calculus	nonproof	nonproof_token		excluded_nonproof_token
coq/kernel/misc/README.md	23	markdown_code	mu_calculus/	mu_calculus	nonproof	nonproof_token		excluded_nonproof_token
coq/kernel/misc/README.md	27	markdown_code	foundation/	foundation	nonproof	nonproof_token		excluded_nonproof_token
coq/kernel/misc/README.md	27	markdown_code	mu_calculus/	mu_calculus	nonproof	nonproof_token		excluded_nonproof_token
coq/kernel/mu_calculus/README.md	6	markdown_code	mu_initiality	mu_initiality	proof	Theorem	Kernel.MuInitiality.mu_initiality	explicit_binding
coq/kernel/mu_calculus/README.md	7	markdown_code	vm_mu	vm_mu	nonproof	nonproof_token		excluded_nonproof_token
coq/kernel/mu_calculus/README.md	15	markdown_code	MuInitiality.v	MuInitiality.v	nonproof	nonproof_token		excluded_nonproof_token
coq/kernel/mu_calculus/README.md	15	markdown_code	mu_initiality	mu_initiality	proof	Theorem	Kernel.MuInitiality.mu_initiality	explicit_binding
coq/kernel/mu_calculus/README.md	15	markdown_code	vm_mu	vm_mu	nonproof	nonproof_token		excluded_nonproof_token
coq/kernel/mu_calculus/README.md	16	markdown_code	MuCostDerivation.v	MuCostDerivation.v	nonproof	nonproof_token		excluded_nonproof_token
coq/kernel/mu_calculus/README.md	16	markdown_code	lassert_cost_from_component_floors	lassert_cost_from_component_floors	proof	Theorem	Kernel.MuCostDerivation.lassert_cost_from_component_floors	unique_suffix
coq/kernel/mu_calculus/README.md	16	markdown_code	lassert_cost_is_its_formula	lassert_cost_is_its_formula	proof	Theorem	Kernel.MuCostDerivation.lassert_cost_is_its_formula	unique_suffix
coq/kernel/mu_calculus/README.md	17	markdown_code	MuShannonBridge.v	MuShannonBridge.v	nonproof	nonproof_token		excluded_nonproof_token
coq/kernel/mu_calculus/README.md	18	markdown_code	MuShannonQuantitative.v	MuShannonQuantitative.v	nonproof	nonproof_token		excluded_nonproof_token
coq/kernel/mu_calculus/README.md	19	markdown_code	MuInformation.v	MuInformation.v	nonproof	nonproof_token		excluded_nonproof_token
coq/kernel/mu_calculus/README.md	20	markdown_code	MuGeometry.v	MuGeometry.v	nonproof	nonproof_token		excluded_nonproof_token
coq/kernel/mu_calculus/README.md	21	markdown_code	MuComplexity.v	MuComplexity.v	nonproof	nonproof_token		excluded_nonproof_token
coq/kernel/mu_calculus/README.md	21	markdown_code	sat_separation_ratio_unbounded	sat_separation_ratio_unbounded	proof	Theorem	Kernel.MuComplexity.sat_separation_ratio_unbounded	unique_suffix
coq/kernel/mu_calculus/README.md	22	markdown_code	MuHierarchyTheorem.v	MuHierarchyTheorem.v	nonproof	nonproof_token		excluded_nonproof_token
coq/kernel/mu_calculus/README.md	22	markdown_code	mu_hierarchy_no_upper_bound	mu_hierarchy_no_upper_bound	proof	Corollary	Kernel.MuHierarchyTheorem.mu_hierarchy_no_upper_bound	unique_suffix
coq/kernel/mu_calculus/README.md	22	markdown_code	mu_hierarchy_theorem	mu_hierarchy_theorem	proof	Theorem	Kernel.MuHierarchyTheorem.mu_hierarchy_theorem	unique_suffix
coq/kernel/mu_calculus/README.md	23	markdown_code	MuChaitin.v	MuChaitin.v	nonproof	nonproof_token		excluded_nonproof_token
coq/kernel/mu_calculus/README.md	24	markdown_code	MuNoFreeInsightQuantitative.v	MuNoFreeInsightQuantitative.v	nonproof	nonproof_token		excluded_nonproof_token
coq/kernel/mu_calculus/README.md	25	markdown_code	QuantitativeNoFI.v	QuantitativeNoFI.v	nonproof	nonproof_token		excluded_nonproof_token
coq/kernel/mu_calculus/README.md	26	markdown_code	KernelBenchmarks.v	KernelBenchmarks.v	nonproof	nonproof_token		excluded_nonproof_token
coq/kernel/mu_calculus/README.md	30	markdown_code	mu_initiality	mu_initiality	proof	Theorem	Kernel.MuInitiality.mu_initiality	explicit_binding
coq/kernel/mu_calculus/README.md	31	markdown_code	mu_hierarchy_no_upper_bound	mu_hierarchy_no_upper_bound	proof	Corollary	Kernel.MuHierarchyTheorem.mu_hierarchy_no_upper_bound	unique_suffix
coq/kernel/mu_calculus/README.md	31	markdown_code	mu_hierarchy_theorem	mu_hierarchy_theorem	proof	Theorem	Kernel.MuHierarchyTheorem.mu_hierarchy_theorem	unique_suffix
coq/kernel/mu_calculus/README.md	32	markdown_code	KnowledgeNarrowing.v	KnowledgeNarrowing.v	nonproof	nonproof_token		excluded_nonproof_token
coq/kernel/mu_calculus/README.md	32	markdown_code	lassert_cost_from_component_floors	lassert_cost_from_component_floors	proof	Theorem	Kernel.MuCostDerivation.lassert_cost_from_component_floors	unique_suffix
coq/kernel/mu_calculus/README.md	32	markdown_code	lassert_cost_is_its_formula	lassert_cost_is_its_formula	proof	Theorem	Kernel.MuCostDerivation.lassert_cost_is_its_formula	unique_suffix
coq/kernel/mu_calculus/README.md	33	markdown_code	sat_separation_ratio_unbounded	sat_separation_ratio_unbounded	proof	Theorem	Kernel.MuComplexity.sat_separation_ratio_unbounded	unique_suffix
coq/kernel/mu_calculus/README.md	34	markdown_code	mu_accumulates_trace_cost	mu_accumulates_trace_cost	proof	Lemma	Kernel.MuInitiality.mu_accumulates_trace_cost	explicit_binding
coq/kernel/mu_calculus/README.md	38	markdown_code	foundation/	foundation	nonproof	nonproof_token		excluded_nonproof_token
coq/kernel/nfi/README.md	15	markdown_code	UniversalCertificationCost.v	UniversalCertificationCost.v	nonproof	nonproof_token		excluded_nonproof_token
coq/kernel/nfi/README.md	15	markdown_code	thiele_morphism_exists	thiele_morphism_exists	proof	Theorem	Kernel.UniversalCertificationCost.thiele_morphism_exists	unique_suffix
coq/kernel/nfi/README.md	15	markdown_code	thiele_morphism_unique_on_traces	thiele_morphism_unique_on_traces	proof	Theorem	Kernel.UniversalCertificationCost.thiele_morphism_unique_on_traces	unique_suffix
coq/kernel/nfi/README.md	15	markdown_code	universal_nfi_any_substrate	universal_nfi_any_substrate	proof	Theorem	Kernel.UniversalCertificationCost.universal_nfi_any_substrate	unique_suffix
coq/kernel/nfi/README.md	16	markdown_code	HonestCostTracking.v	HonestCostTracking.v	nonproof	nonproof_token		excluded_nonproof_token
coq/kernel/nfi/README.md	16	markdown_code	dishonest_forge_system	dishonest_forge_system	nonproof	Definition		Definition@coq/kernel/nfi/HonestCostTracking.v:66
coq/kernel/nfi/README.md	16	markdown_code	free_forgery_violates_A2	free_forgery_violates_A2	proof	Theorem	Kernel.HonestCostTracking.free_forgery_violates_A2	unique_suffix
coq/kernel/nfi/README.md	16	markdown_code	honest_cost_tracking_strict_restriction	honest_cost_tracking_strict_restriction	proof	Theorem	Kernel.HonestCostTracking.honest_cost_tracking_strict_restriction	unique_suffix
coq/kernel/nfi/README.md	17	markdown_code	VerificationCostSeparation.v	VerificationCostSeparation.v	nonproof	nonproof_token		excluded_nonproof_token
coq/kernel/nfi/README.md	17	markdown_code	thiele_honesty_O_1_witness	thiele_honesty_O_1_witness	proof	Theorem	Kernel.VerificationCostSeparation.thiele_honesty_O_1_witness	unique_suffix
coq/kernel/nfi/README.md	17	markdown_code	verification_cost_gap_omega_T	verification_cost_gap_omega_T	proof	Theorem	Kernel.VerificationCostSeparation.verification_cost_gap_omega_T	unique_suffix
coq/kernel/nfi/README.md	18	markdown_code	AbstractNoFI.v	AbstractNoFI.v	nonproof	nonproof_token		excluded_nonproof_token
coq/kernel/nfi/README.md	18	markdown_code	certification_requires_positive_mu	certification_requires_positive_mu	proof	Theorem	Kernel.AbstractNoFI.certification_requires_positive_mu	unique_suffix
coq/kernel/nfi/README.md	18	markdown_code	no_free_certification_certified	no_free_certification_certified	proof	Theorem	Kernel.AbstractNoFI.no_free_certification_certified	unique_suffix
coq/kernel/nfi/README.md	24	markdown_code	InsightTaxonomy.v	InsightTaxonomy.v	nonproof	nonproof_token		excluded_nonproof_token
coq/kernel/nfi/README.md	25	markdown_code	RevelationRequirement.v	RevelationRequirement.v	nonproof	nonproof_token		excluded_nonproof_token
coq/kernel/nfi/README.md	25	markdown_code	cert_addr_setterb	cert_addr_setterb	nonproof	Definition		Definition@coq/kernel/nfi/AbstractNoFI.v:54
coq/kernel/nfi/README.md	25	markdown_code	reveals	reveals	nonproof	nonproof_token		excluded_nonproof_token
coq/kernel/nfi/README.md	26	markdown_code	InformationGainToStrengthening.v	InformationGainToStrengthening.v	nonproof	nonproof_token		excluded_nonproof_token
coq/kernel/nfi/README.md	27	markdown_code	ReceiptCore.v	ReceiptCore.v	nonproof	nonproof_token		excluded_nonproof_token
coq/kernel/nfi/README.md	27	markdown_code	ReceiptIntegrity.v	ReceiptIntegrity.v	nonproof	nonproof_token		excluded_nonproof_token
coq/kernel/nfi/README.md	28	markdown_code	CertCheck.v	CertCheck.v	nonproof	nonproof_token		excluded_nonproof_token
coq/kernel/nfi/README.md	28	markdown_code	Certification.v	Certification.v	nonproof	nonproof_token		excluded_nonproof_token
coq/kernel/nfi/README.md	29	markdown_code	NoFreeInsight.v	NoFreeInsight.v	nonproof	nonproof_token		excluded_nonproof_token
coq/kernel/nfi/README.md	30	markdown_code	HonestNoFI.v	HonestNoFI.v	nonproof	nonproof_token		excluded_nonproof_token
coq/kernel/nfi/README.md	31	markdown_code	HonestNoFI_TheoremsWithoutAssumptions.v	HonestNoFI_TheoremsWithoutAssumptions.v	nonproof	nonproof_token		excluded_nonproof_token
coq/kernel/nfi/README.md	31	markdown_code	structural_entitlement_representation	structural_entitlement_representation	proof	Theorem	Kernel.HonestNoFI_TheoremsWithoutAssumptions.structural_entitlement_representation	unique_suffix
coq/kernel/nfi/README.md	32	markdown_code	MuLedgerQuantumBridge.v	MuLedgerQuantumBridge.v	nonproof	nonproof_token		excluded_nonproof_token
coq/kernel/nfi/README.md	33	markdown_code	NecessityAbstract.v	NecessityAbstract.v	nonproof	nonproof_token		excluded_nonproof_token
coq/kernel/nfi/README.md	34	markdown_code	LandauerDerivation.v	LandauerDerivation.v	nonproof	nonproof_token		excluded_nonproof_token
coq/kernel/nfi/README.md	35	markdown_code	PartitionRefinementNoFI.v	PartitionRefinementNoFI.v	nonproof	nonproof_token		excluded_nonproof_token
coq/kernel/nfi/README.md	41	markdown_code	StructuralAdvantage.v	StructuralAdvantage.v	nonproof	nonproof_token		excluded_nonproof_token
coq/kernel/nfi/README.md	42	markdown_code	StructuralAdvantageCertifiedShortcut.v	StructuralAdvantageCertifiedShortcut.v	nonproof	nonproof_token		excluded_nonproof_token
coq/kernel/nfi/README.md	43	markdown_code	StructuralAdvantageObservedShortcut.v	StructuralAdvantageObservedShortcut.v	nonproof	nonproof_token		excluded_nonproof_token
coq/kernel/nfi/README.md	44	markdown_code	StructuralAdvantageObservedShortcutResult.v	StructuralAdvantageObservedShortcutResult.v	nonproof	nonproof_token		excluded_nonproof_token
coq/kernel/nfi/README.md	45	markdown_code	NonAdaptiveLowerBound.v	NonAdaptiveLowerBound.v	nonproof	nonproof_token		excluded_nonproof_token
coq/kernel/nfi/README.md	45	markdown_code	non_adaptive_factored_sat_4_k_lower_bound	non_adaptive_factored_sat_4_k_lower_bound	proof	Theorem	Kernel.NonAdaptiveLowerBound.non_adaptive_factored_sat_4_k_lower_bound	unique_suffix
coq/kernel/nfi/README.md	46	markdown_code	ThermodynamicStructuralAdvantage.v	ThermodynamicStructuralAdvantage.v	nonproof	nonproof_token		excluded_nonproof_token
coq/kernel/nfi/README.md	46	markdown_code	byte_inspector_must_read_every_byte	byte_inspector_must_read_every_byte	proof	Theorem	Kernel.ThermodynamicStructuralAdvantage.byte_inspector_must_read_every_byte	unique_suffix
coq/kernel/nfi/README.md	47	markdown_code	PrimeAxiom.v	PrimeAxiom.v	nonproof	nonproof_token		excluded_nonproof_token
coq/kernel/nfi/README.md	51	markdown_code	thiele_morphism_exists	thiele_morphism_exists	proof	Theorem	Kernel.UniversalCertificationCost.thiele_morphism_exists	unique_suffix
coq/kernel/nfi/README.md	51	markdown_code	thiele_morphism_unique_on_traces	thiele_morphism_unique_on_traces	proof	Theorem	Kernel.UniversalCertificationCost.thiele_morphism_unique_on_traces	unique_suffix
coq/kernel/nfi/README.md	51	markdown_code	universal_nfi_any_substrate	universal_nfi_any_substrate	proof	Theorem	Kernel.UniversalCertificationCost.universal_nfi_any_substrate	unique_suffix
coq/kernel/nfi/README.md	52	markdown_code	certification_requires_positive_mu	certification_requires_positive_mu	proof	Theorem	Kernel.AbstractNoFI.certification_requires_positive_mu	unique_suffix
coq/kernel/nfi/README.md	52	markdown_code	no_free_certification_certified	no_free_certification_certified	proof	Theorem	Kernel.AbstractNoFI.no_free_certification_certified	unique_suffix
coq/kernel/nfi/README.md	53	markdown_code	free_forgery_violates_A2	free_forgery_violates_A2	proof	Theorem	Kernel.HonestCostTracking.free_forgery_violates_A2	unique_suffix
coq/kernel/nfi/README.md	53	markdown_code	honest_cost_tracking_strict_restriction	honest_cost_tracking_strict_restriction	proof	Theorem	Kernel.HonestCostTracking.honest_cost_tracking_strict_restriction	unique_suffix
coq/kernel/nfi/README.md	54	markdown_code	thiele_honesty_O_1_witness	thiele_honesty_O_1_witness	proof	Theorem	Kernel.VerificationCostSeparation.thiele_honesty_O_1_witness	unique_suffix
coq/kernel/nfi/README.md	54	markdown_code	verification_cost_gap_omega_T	verification_cost_gap_omega_T	proof	Theorem	Kernel.VerificationCostSeparation.verification_cost_gap_omega_T	unique_suffix
coq/kernel/nfi/README.md	55	markdown_code	non_adaptive_factored_sat_4_k_lower_bound	non_adaptive_factored_sat_4_k_lower_bound	proof	Theorem	Kernel.NonAdaptiveLowerBound.non_adaptive_factored_sat_4_k_lower_bound	unique_suffix
coq/kernel/nfi/README.md	55	markdown_code	structural_entitlement_representation	structural_entitlement_representation	proof	Theorem	Kernel.HonestNoFI_TheoremsWithoutAssumptions.structural_entitlement_representation	unique_suffix
coq/kernel/nfi/README.md	56	markdown_code	byte_inspector_must_read_every_byte	byte_inspector_must_read_every_byte	proof	Theorem	Kernel.ThermodynamicStructuralAdvantage.byte_inspector_must_read_every_byte	unique_suffix
coq/kernel/nfi/README.md	60	markdown_code	foundation/	foundation	nonproof	nonproof_token		excluded_nonproof_token
coq/kernel/nfi/README.md	60	markdown_code	mu_calculus/	mu_calculus	nonproof	nonproof_token		excluded_nonproof_token
coq/kernel/quantum/README.md	13	markdown_code	CHSH.v	CHSH.v	nonproof	nonproof_token		excluded_nonproof_token
coq/kernel/quantum/README.md	14	markdown_code	CHSHExtraction.v	CHSHExtraction.v	nonproof	nonproof_token		excluded_nonproof_token
coq/kernel/quantum/README.md	15	markdown_code	CHSHStatisticalBridge.v	CHSHStatisticalBridge.v	nonproof	nonproof_token		excluded_nonproof_token
coq/kernel/quantum/README.md	15	markdown_code	chsh_stat_violation_not_local	chsh_stat_violation_not_local	proof	Theorem	Kernel.CHSHStatisticalBridge.chsh_stat_violation_not_local	unique_suffix
coq/kernel/quantum/README.md	16	markdown_code	CHSHCouplingBridge.v	CHSHCouplingBridge.v	nonproof	nonproof_token		excluded_nonproof_token
coq/kernel/quantum/README.md	17	markdown_code	BoxCHSH.v	BoxCHSH.v	nonproof	nonproof_token		excluded_nonproof_token
coq/kernel/quantum/README.md	23	markdown_code	TsirelsonGeneral.v	TsirelsonGeneral.v	nonproof	nonproof_token		excluded_nonproof_token
coq/kernel/quantum/README.md	24	markdown_code	TsirelsonFromAlgebra.v	TsirelsonFromAlgebra.v	nonproof	nonproof_token		excluded_nonproof_token
coq/kernel/quantum/README.md	25	markdown_code	TsirelsonUpperBound.v	TsirelsonUpperBound.v	nonproof	nonproof_token		excluded_nonproof_token
coq/kernel/quantum/README.md	26	markdown_code	TsirelsonUniqueness.v	TsirelsonUniqueness.v	nonproof	nonproof_token		excluded_nonproof_token
coq/kernel/quantum/README.md	27	markdown_code	TsirelsonQuantumModel.v	TsirelsonQuantumModel.v	nonproof	nonproof_token		excluded_nonproof_token
coq/kernel/quantum/README.md	33	markdown_code	QuantumPartitionPSD.v	QuantumPartitionPSD.v	nonproof	nonproof_token		excluded_nonproof_token
coq/kernel/quantum/README.md	33	markdown_code	column_contractive_iff_npa_psd	column_contractive_iff_npa_psd	proof	Corollary	Kernel.QuantumPartitionPSD.column_contractive_iff_npa_psd	unique_suffix
coq/kernel/quantum/README.md	34	markdown_code	NPAMomentMatrix.v	NPAMomentMatrix.v	nonproof	nonproof_token		excluded_nonproof_token
coq/kernel/quantum/README.md	35	markdown_code	SemidefiniteProgramming.v	SemidefiniteProgramming.v	nonproof	nonproof_token		excluded_nonproof_token
coq/kernel/quantum/README.md	36	markdown_code	ConstructivePSD.v	ConstructivePSD.v	nonproof	nonproof_token		excluded_nonproof_token
coq/kernel/quantum/README.md	37	markdown_code	MinorConstraints.v	MinorConstraints.v	nonproof	nonproof_token		excluded_nonproof_token
coq/kernel/quantum/README.md	38	markdown_code	ValidCorrelation.v	ValidCorrelation.v	nonproof	nonproof_token		excluded_nonproof_token
coq/kernel/quantum/README.md	44	markdown_code	BornRule.v	BornRule.v	nonproof	nonproof_token		excluded_nonproof_token
coq/kernel/quantum/README.md	45	markdown_code	BornRuleLinearity.v	BornRuleLinearity.v	nonproof	nonproof_token		excluded_nonproof_token
coq/kernel/quantum/README.md	46	markdown_code	ProbabilityImpossibility.v	ProbabilityImpossibility.v	nonproof	nonproof_token		excluded_nonproof_token
coq/kernel/quantum/README.md	52	markdown_code	QuantumBound.v	QuantumBound.v	nonproof	nonproof_token		excluded_nonproof_token
coq/kernel/quantum/README.md	53	markdown_code	QuantumEquivalence.v	QuantumEquivalence.v	nonproof	nonproof_token		excluded_nonproof_token
coq/kernel/quantum/README.md	54	markdown_code	EntanglementEntropy.v	EntanglementEntropy.v	nonproof	nonproof_token		excluded_nonproof_token
coq/kernel/quantum/README.md	55	markdown_code	NoCloning.v	NoCloning.v	nonproof	nonproof_token		excluded_nonproof_token
coq/kernel/quantum/README.md	56	markdown_code	Unitarity.v	Unitarity.v	nonproof	nonproof_token		excluded_nonproof_token
coq/kernel/quantum/README.md	57	markdown_code	Purification.v	Purification.v	nonproof	nonproof_token		excluded_nonproof_token
coq/kernel/quantum/README.md	58	markdown_code	InformationCausality.v	InformationCausality.v	nonproof	nonproof_token		excluded_nonproof_token
coq/kernel/quantum/README.md	62	markdown_code	column_contractive_iff_npa_psd	column_contractive_iff_npa_psd	proof	Corollary	Kernel.QuantumPartitionPSD.column_contractive_iff_npa_psd	unique_suffix
coq/kernel/quantum/README.md	63	markdown_code	algebraically_coherent_tsirelson_general	algebraically_coherent_tsirelson_general	proof	Theorem	Kernel.AlgebraicCoherence.algebraically_coherent_tsirelson_general	unique_suffix
coq/kernel/quantum/README.md	63	markdown_code	category/	category	nonproof	nonproof_token		excluded_nonproof_token
coq/kernel/quantum/README.md	64	markdown_code	master_tsirelson_conditional	master_tsirelson_conditional	proof	Theorem	PhysicsConditionalClosure.master_tsirelson_conditional	explicit_binding
coq/kernel/quantum/README.md	64	markdown_code	tsirelson_from_row_bounds	tsirelson_from_row_bounds	proof	Theorem	Kernel.TsirelsonGeneral.tsirelson_from_row_bounds	explicit_binding
coq/kernel/quantum/README.md	64	markdown_code	tsirelson_rational_lower_witness	tsirelson_rational_lower_witness	proof	Theorem	Kernel.AlgebraicCoherence.tsirelson_rational_lower_witness	unique_suffix
coq/kernel/quantum/README.md	68	markdown_code	category/	category	nonproof	nonproof_token		excluded_nonproof_token
coq/kernel/quantum/README.md	68	markdown_code	foundation/	foundation	nonproof	nonproof_token		excluded_nonproof_token
coq/kernel/quantum/README.md	68	markdown_code	mu_calculus/	mu_calculus	nonproof	nonproof_token		excluded_nonproof_token
coq/kernel/thermodynamic/README.md	11	markdown_code	BekensteinCalibration.v	BekensteinCalibration.v	nonproof	nonproof_token		excluded_nonproof_token
coq/kernel/thermodynamic/README.md	12	markdown_code	ClausiusFromEntropyArea.v	ClausiusFromEntropyArea.v	nonproof	nonproof_token		excluded_nonproof_token
coq/kernel/thermodynamic/README.md	13	markdown_code	ThermoEinsteinBridge.v	ThermoEinsteinBridge.v	nonproof	nonproof_token		excluded_nonproof_token
coq/kernel/thermodynamic/README.md	14	markdown_code	EntropyImpossibility.v	EntropyImpossibility.v	nonproof	nonproof_token		excluded_nonproof_token
coq/kernel/thermodynamic/README.md	15	markdown_code	FiniteInformation.v	FiniteInformation.v	nonproof	nonproof_token		excluded_nonproof_token
coq/kernel/thermodynamic/README.md	16	markdown_code	LocalInfoLoss.v	LocalInfoLoss.v	nonproof	nonproof_token		excluded_nonproof_token
coq/kernel/thermodynamic/README.md	21	markdown_code	curvature/NoFIToEinstein.v	NoFIToEinstein.v	nonproof	nonproof_token		excluded_nonproof_token
coq/kernel/thermodynamic/README.md	21	markdown_code	curvature/NoFIToEinstein.v	curvature	nonproof	nonproof_token		excluded_nonproof_token
coq/kernel/thermodynamic/README.md	22	markdown_code	nfi/LandauerDerivation.v	LandauerDerivation.v	nonproof	nonproof_token		excluded_nonproof_token
coq/kernel/thermodynamic/README.md	22	markdown_code	nfi/LandauerDerivation.v	nfi	nonproof	nonproof_token		excluded_nonproof_token
coq/kernel/thermodynamic/README.md	28	markdown_code	curvature/	curvature	nonproof	nonproof_token		excluded_nonproof_token
coq/kernel/thermodynamic/README.md	28	markdown_code	foundation/	foundation	nonproof	nonproof_token		excluded_nonproof_token
coq/kernel/thermodynamic/README.md	28	markdown_code	mu_calculus/	mu_calculus	nonproof	nonproof_token		excluded_nonproof_token
coq/kernel/witness/README.md	11	markdown_code	ShadowProjection.v	ShadowProjection.v	nonproof	nonproof_token		excluded_nonproof_token
coq/kernel/witness/README.md	11	markdown_code	shadow_proj	shadow_proj	nonproof	Definition		Definition@coq/kernel/witness/ShadowProjection.v:52
coq/kernel/witness/README.md	11	markdown_code	shadow_strictly_lossy	shadow_strictly_lossy	proof	Theorem	Kernel.ShadowProjection.shadow_strictly_lossy	unique_suffix
coq/kernel/witness/README.md	11	markdown_code	strict_shadow	strict_shadow	nonproof	Definition		Definition@coq/NecessityOfMuLedger.v:84;Definition@coq/ThieleMachineComplete.v:4253
coq/kernel/witness/README.md	12	markdown_code	ThieleTraceProjection.v	ThieleTraceProjection.v	nonproof	nonproof_token		excluded_nonproof_token
coq/kernel/witness/README.md	12	markdown_code	VMState → ClassicalState	ClassicalState	nonproof	Record		Record@coq/kernel/witness/ShadowProjection.v:41
coq/kernel/witness/README.md	12	markdown_code	VMState → ClassicalState	VMState	nonproof	Record		Record@coq/ThieleMachineComplete.v:1582;Record@coq/kernel/foundation/VMState.v:1931
coq/kernel/witness/README.md	13	markdown_code	BlindnessRepresentation.v	BlindnessRepresentation.v	nonproof	nonproof_token		excluded_nonproof_token
coq/kernel/witness/README.md	14	markdown_code	WitnessPreservationImpossibility.v	WitnessPreservationImpossibility.v	nonproof	nonproof_token		excluded_nonproof_token
coq/kernel/witness/README.md	15	markdown_code	WitnessInsightGeneral.v	WitnessInsightGeneral.v	nonproof	nonproof_token		excluded_nonproof_token
coq/kernel/witness/README.md	15	markdown_code	witness_insight_nonfree_general	witness_insight_nonfree_general	proof	Theorem	Kernel.WitnessInsightGeneral.witness_insight_nonfree_general	unique_suffix
coq/kernel/witness/README.md	16	markdown_code	ObserverDerivation.v	ObserverDerivation.v	nonproof	nonproof_token		excluded_nonproof_token
coq/kernel/witness/README.md	17	markdown_code	DerivedTime.v	DerivedTime.v	nonproof	nonproof_token		excluded_nonproof_token
coq/kernel/witness/README.md	18	markdown_code	InformationTopology.v	InformationTopology.v	nonproof	nonproof_token		excluded_nonproof_token
coq/kernel/witness/README.md	22	markdown_code	shadow_strictly_lossy	shadow_strictly_lossy	proof	Theorem	Kernel.ShadowProjection.shadow_strictly_lossy	unique_suffix
coq/kernel/witness/README.md	23	markdown_code	strict_shadow	strict_shadow	nonproof	Definition		Definition@coq/NecessityOfMuLedger.v:84;Definition@coq/ThieleMachineComplete.v:4253
coq/kernel/witness/README.md	23	markdown_code	vm_mu_not_classically_determined	vm_mu_not_classically_determined	proof	Theorem	NecessityOfMuLedger.vm_mu_not_classically_determined	explicit_binding
coq/kernel/witness/README.md	27	markdown_code	foundation/	foundation	nonproof	nonproof_token		excluded_nonproof_token
coq/kernel/witness/README.md	29	markdown_code	DerivedTime.v	DerivedTime.v	nonproof	nonproof_token		excluded_nonproof_token
coq/kernel/witness/README.md	29	markdown_code	ObserverDerivation.v	ObserverDerivation.v	nonproof	nonproof_token		excluded_nonproof_token
coq/nofi/README.md	7	key_results	Certified_spec, trace_run_mu_monotone	Certified_spec	proof	Lemma	NoFI.Instance_Kernel.KernelNoFI.Certified_spec	unique_suffix
coq/nofi/README.md	7	key_results	Certified_spec, trace_run_mu_monotone	trace_run_mu_monotone	proof	Lemma	NoFI.Instance_Kernel.KernelNoFI.trace_run_mu_monotone	explicit_binding
coq/nofi/README.md	7	markdown_code	Instance_Kernel.v	Instance_Kernel.v	nonproof	nonproof_token		excluded_nonproof_token
coq/nofi/README.md	8	markdown_code	MuChaitinTheory_Interface.v	MuChaitinTheory_Interface.v	nonproof	nonproof_token		excluded_nonproof_token
coq/nofi/README.md	9	key_results	supra_cert_run_implies_paid_payload, mu_info_nat_le_from_mu_budget, proves_bits_bounded_by_description	mu_info_nat_le_from_mu_budget	proof	Lemma	NoFI.MuChaitinTheory_Theorem.MuChaitinTheory.mu_info_nat_le_from_mu_budget	unique_suffix
coq/nofi/README.md	9	key_results	supra_cert_run_implies_paid_payload, mu_info_nat_le_from_mu_budget, proves_bits_bounded_by_description	proves_bits_bounded_by_description	proof	Theorem	NoFI.MuChaitinTheory_Theorem.MuChaitinTheory.proves_bits_bounded_by_description	unique_suffix
coq/nofi/README.md	9	key_results	supra_cert_run_implies_paid_payload, mu_info_nat_le_from_mu_budget, proves_bits_bounded_by_description	supra_cert_run_implies_paid_payload	proof	Lemma	NoFI.MuChaitinTheory_Theorem.MuChaitinTheory.supra_cert_run_implies_paid_payload	unique_suffix
coq/nofi/README.md	9	markdown_code	MuChaitinTheory_Theorem.v	MuChaitinTheory_Theorem.v	nonproof	nonproof_token		excluded_nonproof_token
coq/nofi/README.md	10	markdown_code	NoFreeInsight_Interface.v	NoFreeInsight_Interface.v	nonproof	nonproof_token		excluded_nonproof_token
coq/nofi/README.md	11	key_results	no_free_insight	no_free_insight	proof	Theorem	NoFI.NoFreeInsight_Theorem.NoFreeInsight.no_free_insight	unique_suffix
coq/nofi/README.md	11	markdown_code	NoFreeInsight_Theorem.v	NoFreeInsight_Theorem.v	nonproof	nonproof_token		excluded_nonproof_token
coq/nofi/README.md	17	markdown_code	Instance_Kernel.v	Instance_Kernel.v	nonproof	nonproof_token		excluded_nonproof_token
coq/nofi/README.md	18	markdown_code	MuChaitinTheory_Interface.v	MuChaitinTheory_Interface.v	nonproof	nonproof_token		excluded_nonproof_token
coq/nofi/README.md	19	markdown_code	MuChaitinTheory_Theorem.v	MuChaitinTheory_Theorem.v	nonproof	nonproof_token		excluded_nonproof_token
coq/nofi/README.md	20	markdown_code	NoFreeInsight_Interface.v	NoFreeInsight_Interface.v	nonproof	nonproof_token		excluded_nonproof_token
coq/nofi/README.md	21	markdown_code	NoFreeInsight_Theorem.v	NoFreeInsight_Theorem.v	nonproof	nonproof_token		excluded_nonproof_token
coq/physics/README.md	6	markdown_code	kernel/nfi/LandauerDerivation.v	LandauerDerivation.v	nonproof	nonproof_token		excluded_nonproof_token
coq/physics/README.md	6	markdown_code	kernel/nfi/LandauerDerivation.v	kernel	nonproof	nonproof_token		excluded_nonproof_token
coq/physics/README.md	6	markdown_code	kernel/nfi/LandauerDerivation.v	nfi	nonproof	nonproof_token		excluded_nonproof_token
coq/physics/README.md	10	key_results	particle_count_cons, pair_update_involutive, particle_count_swap	pair_update_involutive	proof	Lemma	Physics.DiscreteModel.pair_update_involutive	unique_suffix
coq/physics/README.md	10	key_results	particle_count_cons, pair_update_involutive, particle_count_swap	particle_count_cons	proof	Lemma	Physics.DiscreteModel.particle_count_cons	unique_suffix
coq/physics/README.md	10	key_results	particle_count_cons, pair_update_involutive, particle_count_swap	particle_count_swap	proof	Lemma	Physics.DiscreteModel.particle_count_swap	unique_suffix
coq/physics/README.md	10	markdown_code	DiscreteModel.v	DiscreteModel.v	nonproof	nonproof_token		excluded_nonproof_token
coq/physics/README.md	11	key_results	dissipative_step_energy_zero, dissipative_energy_nonincreasing, dissipative_energy_strict_when_hot	dissipative_energy_nonincreasing	proof	Lemma	Physics.DissipativeModel.dissipative_energy_nonincreasing	unique_suffix
coq/physics/README.md	11	key_results	dissipative_step_energy_zero, dissipative_energy_nonincreasing, dissipative_energy_strict_when_hot	dissipative_energy_strict_when_hot	proof	Lemma	Physics.DissipativeModel.dissipative_energy_strict_when_hot	unique_suffix
coq/physics/README.md	11	key_results	dissipative_step_energy_zero, dissipative_energy_nonincreasing, dissipative_energy_strict_when_hot	dissipative_step_energy_zero	proof	Lemma	Physics.DissipativeModel.dissipative_step_energy_zero	unique_suffix
coq/physics/README.md	11	markdown_code	DissipativeModel.v	DissipativeModel.v	nonproof	nonproof_token		excluded_nonproof_token
coq/physics/README.md	12	key_results	split_tail_app, split_tail_lengths, split_tail_test_length_exact	split_tail_app	proof	Lemma	Physics.PreregSplit.PreregSplit.split_tail_app	unique_suffix
coq/physics/README.md	12	key_results	split_tail_app, split_tail_lengths, split_tail_test_length_exact	split_tail_lengths	proof	Lemma	Physics.PreregSplit.PreregSplit.split_tail_lengths	unique_suffix
coq/physics/README.md	12	key_results	split_tail_app, split_tail_lengths, split_tail_test_length_exact	split_tail_test_length_exact	proof	Lemma	Physics.PreregSplit.PreregSplit.split_tail_test_length_exact	unique_suffix
coq/physics/README.md	12	markdown_code	PreregSplit.v	PreregSplit.v	nonproof	nonproof_token		excluded_nonproof_token
coq/physics/README.md	13	key_results	lattice_id_coord_of_id, coord_of_id_lattice_id, coord_of_id_in_bounds	coord_of_id_in_bounds	proof	Lemma	Physics.TriangularLattice.coord_of_id_in_bounds	unique_suffix
coq/physics/README.md	13	key_results	lattice_id_coord_of_id, coord_of_id_lattice_id, coord_of_id_in_bounds	coord_of_id_lattice_id	proof	Lemma	Physics.TriangularLattice.coord_of_id_lattice_id	unique_suffix
coq/physics/README.md	13	key_results	lattice_id_coord_of_id, coord_of_id_lattice_id, coord_of_id_in_bounds	lattice_id_coord_of_id	proof	Lemma	Physics.TriangularLattice.lattice_id_coord_of_id	unique_suffix
coq/physics/README.md	13	markdown_code	TriangularLattice.v	TriangularLattice.v	nonproof	nonproof_token		excluded_nonproof_token
coq/physics/README.md	14	key_results	map2_length, sum_list_app, rotate_left_length	map2_length	proof	Lemma	Physics.WaveModel.map2_length	unique_suffix
coq/physics/README.md	14	key_results	map2_length, sum_list_app, rotate_left_length	rotate_left_length	proof	Lemma	Physics.WaveModel.rotate_left_length	unique_suffix
coq/physics/README.md	14	key_results	map2_length, sum_list_app, rotate_left_length	sum_list_app	proof	Lemma	Physics.WaveModel.sum_list_app	unique_suffix
coq/physics/README.md	14	markdown_code	WaveModel.v	WaveModel.v	nonproof	nonproof_token		excluded_nonproof_token
coq/physics/README.md	20	markdown_code	DiscreteModel.v	DiscreteModel.v	nonproof	nonproof_token		excluded_nonproof_token
coq/physics/README.md	21	markdown_code	DissipativeModel.v	DissipativeModel.v	nonproof	nonproof_token		excluded_nonproof_token
coq/physics/README.md	22	markdown_code	PreregSplit.v	PreregSplit.v	nonproof	nonproof_token		excluded_nonproof_token
coq/physics/README.md	23	markdown_code	TriangularLattice.v	TriangularLattice.v	nonproof	nonproof_token		excluded_nonproof_token
coq/physics/README.md	24	markdown_code	WaveModel.v	WaveModel.v	nonproof	nonproof_token		excluded_nonproof_token
coq/self_reference/README.md	9	markdown_code	AdversarialChallenge.v	AdversarialChallenge.v	nonproof	nonproof_token		excluded_nonproof_token
coq/self_reference/README.md	10	markdown_code	InductiveTrust.v	InductiveTrust.v	nonproof	nonproof_token		excluded_nonproof_token
coq/self_reference/README.md	11	markdown_code	MuThresholdDisobedience.v	MuThresholdDisobedience.v	nonproof	nonproof_token		excluded_nonproof_token
coq/self_reference/README.md	12	markdown_code	NeuralSymbolicBridge.v	NeuralSymbolicBridge.v	nonproof	nonproof_token		excluded_nonproof_token
coq/self_reference/README.md	13	markdown_code	NonInterference.v	NonInterference.v	nonproof	nonproof_token		excluded_nonproof_token
coq/self_reference/README.md	14	markdown_code	RefinementInvariant.v	RefinementInvariant.v	nonproof	nonproof_token		excluded_nonproof_token
coq/self_reference/README.md	15	markdown_code	SelfCertifyingDecider.v	SelfCertifyingDecider.v	nonproof	nonproof_token		excluded_nonproof_token
coq/self_reference/README.md	16	markdown_code	SelfReference.v	SelfReference.v	nonproof	nonproof_token		excluded_nonproof_token
coq/self_reference/README.md	17	markdown_code	TilingChain.v	TilingChain.v	nonproof	nonproof_token		excluded_nonproof_token
coq/spacetime/README.md	7	key_results	spacetime_is_self_referential, spacetime_requires_metalevel, spacetime_meta_properties	spacetime_is_self_referential	proof	Lemma	Spacetime.Spacetime.spacetime_is_self_referential	unique_suffix
coq/spacetime/README.md	7	key_results	spacetime_is_self_referential, spacetime_requires_metalevel, spacetime_meta_properties	spacetime_meta_properties	proof	Lemma	Spacetime.Spacetime.spacetime_meta_properties	unique_suffix
coq/spacetime/README.md	7	key_results	spacetime_is_self_referential, spacetime_requires_metalevel, spacetime_meta_properties	spacetime_requires_metalevel	proof	Theorem	Spacetime.Spacetime.spacetime_requires_metalevel	unique_suffix
coq/spacetime/README.md	7	markdown_code	Spacetime.v	Spacetime.v	nonproof	nonproof_token		excluded_nonproof_token
coq/spacetime/README.md	13	markdown_code	Spacetime.v	Spacetime.v	nonproof	nonproof_token		excluded_nonproof_token
coq/tests/README.md	7	key_results	w_decreasing_empty_FAILS, w_privileged_empty, w_privileged_sequential_REALLY_FAILS	w_decreasing_empty_FAILS	proof	Lemma	Tests.TestNecessity.w_decreasing_empty_FAILS	unique_suffix
coq/tests/README.md	7	key_results	w_decreasing_empty_FAILS, w_privileged_empty, w_privileged_sequential_REALLY_FAILS	w_privileged_empty	proof	Lemma	Tests.TestNecessity.w_privileged_empty	unique_suffix
coq/tests/README.md	7	key_results	w_decreasing_empty_FAILS, w_privileged_empty, w_privileged_sequential_REALLY_FAILS	w_privileged_sequential_REALLY_FAILS	proof	Lemma	Tests.TestNecessity.w_privileged_sequential_REALLY_FAILS	unique_suffix
coq/tests/README.md	7	markdown_code	TestNecessity.v	TestNecessity.v	nonproof	nonproof_token		excluded_nonproof_token
coq/tests/README.md	8	markdown_code	verify_nofi_load_bearing.v	verify_nofi_load_bearing.v	nonproof	nonproof_token		excluded_nonproof_token
coq/tests/README.md	9	markdown_code	verify_zero_admits.v	verify_zero_admits.v	nonproof	nonproof_token		excluded_nonproof_token
coq/tests/README.md	10	markdown_code	CloseoutVerification.v	CloseoutVerification.v	nonproof	nonproof_token		excluded_nonproof_token
coq/tests/README.md	11	markdown_code	VacuitySmoke.v	VacuitySmoke.v	nonproof	nonproof_token		excluded_nonproof_token
coq/tests/README.md	11	markdown_code	scripts/vacuity_gate.py	scripts	nonproof	nonproof_token		excluded_nonproof_token
coq/tests/README.md	11	markdown_code	scripts/vacuity_gate.py	vacuity_gate.py	nonproof	nonproof_token		excluded_nonproof_token
coq/tests/README.md	12	markdown_code	ClaimBoundaryRegression.v	ClaimBoundaryRegression.v	nonproof	nonproof_token		excluded_nonproof_token
coq/tests/README.md	13	markdown_code	WFDrivenRunRegression.v	WFDrivenRunRegression.v	nonproof	nonproof_token		excluded_nonproof_token
coq/tests/README.md	19	markdown_code	TestNecessity.v	TestNecessity.v	nonproof	nonproof_token		excluded_nonproof_token
coq/tests/README.md	20	markdown_code	verify_nofi_load_bearing.v	verify_nofi_load_bearing.v	nonproof	nonproof_token		excluded_nonproof_token
coq/tests/README.md	21	markdown_code	verify_zero_admits.v	verify_zero_admits.v	nonproof	nonproof_token		excluded_nonproof_token
coq/tests/README.md	22	markdown_code	CloseoutVerification.v	CloseoutVerification.v	nonproof	nonproof_token		excluded_nonproof_token
coq/tests/README.md	23	markdown_code	VacuitySmoke.v	VacuitySmoke.v	nonproof	nonproof_token		excluded_nonproof_token
coq/tests/README.md	23	markdown_code	tests/test_vacuity_gate.py	test_vacuity_gate.py	nonproof	nonproof_token		excluded_nonproof_token
coq/tests/README.md	23	markdown_code	tests/test_vacuity_gate.py	tests	nonproof	nonproof_token		excluded_nonproof_token
coq/thermodynamic/README.md	7	key_results	num_states_pos, fan_in_pos	fan_in_pos	proof	Lemma	Thermodynamic.LandauerDerived.fan_in_pos	unique_suffix
coq/thermodynamic/README.md	7	key_results	num_states_pos, fan_in_pos	num_states_pos	proof	Lemma	Thermodynamic.LandauerDerived.num_states_pos	unique_suffix
coq/thermodynamic/README.md	7	markdown_code	LandauerDerived.v	LandauerDerived.v	nonproof	nonproof_token		excluded_nonproof_token
coq/thermodynamic/README.md	8	markdown_code	LandauerJoules.v	LandauerJoules.v	nonproof	nonproof_token		excluded_nonproof_token
coq/thermodynamic/README.md	9	key_results	mu_nonnegative, mu_additive	mu_additive	proof	Theorem	Thermodynamic.ThermodynamicBridge.mu_additive	unique_suffix
coq/thermodynamic/README.md	9	key_results	mu_nonnegative, mu_additive	mu_nonnegative	proof	Theorem	Thermodynamic.ThermodynamicBridge.mu_nonnegative	unique_suffix
coq/thermodynamic/README.md	9	markdown_code	ThermodynamicBridge.v	ThermodynamicBridge.v	nonproof	nonproof_token		excluded_nonproof_token
coq/thermodynamic/README.md	15	markdown_code	LandauerDerived.v	LandauerDerived.v	nonproof	nonproof_token		excluded_nonproof_token
coq/thermodynamic/README.md	16	markdown_code	LandauerJoules.v	LandauerJoules.v	nonproof	nonproof_token		excluded_nonproof_token
coq/thermodynamic/README.md	17	markdown_code	ThermodynamicBridge.v	ThermodynamicBridge.v	nonproof	nonproof_token		excluded_nonproof_token
coq/thiele_manifold/README.md	7	markdown_code	PhysicalConstants.v	PhysicalConstants.v	nonproof	nonproof_token		excluded_nonproof_token
coq/thiele_manifold/README.md	8	key_results	reversible_trace_irreversibility_count_zero, reversible_trace_ledger_sum_zero, reversible_embedding_zero_irreversibility	reversible_embedding_zero_irreversibility	proof	Lemma	ThieleManifold.PhysicsIsomorphism.reversible_embedding_zero_irreversibility	unique_suffix
coq/thiele_manifold/README.md	8	key_results	reversible_trace_irreversibility_count_zero, reversible_trace_ledger_sum_zero, reversible_embedding_zero_irreversibility	reversible_trace_irreversibility_count_zero	proof	Lemma	ThieleManifold.PhysicsIsomorphism.reversible_trace_irreversibility_count_zero	unique_suffix
coq/thiele_manifold/README.md	8	key_results	reversible_trace_irreversibility_count_zero, reversible_trace_ledger_sum_zero, reversible_embedding_zero_irreversibility	reversible_trace_ledger_sum_zero	proof	Lemma	ThieleManifold.PhysicsIsomorphism.reversible_trace_ledger_sum_zero	unique_suffix
coq/thiele_manifold/README.md	8	markdown_code	PhysicsIsomorphism.v	PhysicsIsomorphism.v	nonproof	nonproof_token		excluded_nonproof_token
coq/thiele_manifold/README.md	9	key_results	canonical_level_strict, canonical_level_reasoning, canonical_base_dim	canonical_base_dim	proof	Lemma	ThieleManifold.ThieleManifold.canonical_base_dim	unique_suffix
coq/thiele_manifold/README.md	9	key_results	canonical_level_strict, canonical_level_reasoning, canonical_base_dim	canonical_level_reasoning	proof	Lemma	ThieleManifold.ThieleManifold.canonical_level_reasoning	unique_suffix
coq/thiele_manifold/README.md	9	key_results	canonical_level_strict, canonical_level_reasoning, canonical_base_dim	canonical_level_strict	proof	Lemma	ThieleManifold.ThieleManifold.canonical_level_strict	unique_suffix
coq/thiele_manifold/README.md	9	markdown_code	ThieleManifold.v	ThieleManifold.v	nonproof	nonproof_token		excluded_nonproof_token
coq/thiele_manifold/README.md	10	key_results	thiele_self_reference_true, thiele_sentence_of_true, thiele_system_self_referential	thiele_self_reference_true	proof	Lemma	ThieleManifold.ThieleManifoldBridge.thiele_self_reference_true	unique_suffix
coq/thiele_manifold/README.md	10	key_results	thiele_self_reference_true, thiele_sentence_of_true, thiele_system_self_referential	thiele_sentence_of_true	proof	Lemma	ThieleManifold.ThieleManifoldBridge.thiele_sentence_of_true	unique_suffix
coq/thiele_manifold/README.md	10	key_results	thiele_self_reference_true, thiele_sentence_of_true, thiele_system_self_referential	thiele_system_self_referential	proof	Lemma	ThieleManifold.ThieleManifoldBridge.thiele_system_self_referential	unique_suffix
coq/thiele_manifold/README.md	10	markdown_code	ThieleManifoldBridge.v	ThieleManifoldBridge.v	nonproof	nonproof_token		excluded_nonproof_token
coq/thiele_manifold/README.md	16	markdown_code	PhysicalConstants.v	PhysicalConstants.v	nonproof	nonproof_token		excluded_nonproof_token
coq/thiele_manifold/README.md	17	markdown_code	PhysicsIsomorphism.v	PhysicsIsomorphism.v	nonproof	nonproof_token		excluded_nonproof_token
coq/thiele_manifold/README.md	18	markdown_code	ThieleManifold.v	ThieleManifold.v	nonproof	nonproof_token		excluded_nonproof_token
coq/thiele_manifold/README.md	19	markdown_code	ThieleManifoldBridge.v	ThieleManifoldBridge.v	nonproof	nonproof_token		excluded_nonproof_token
coq/thielemachine/README.md	9	markdown_code	ThieleMachine.v	ThieleMachine.v	nonproof	nonproof_token		excluded_nonproof_token
coq/thielemachine/README.md	10	markdown_code	ThieleProc.v	ThieleProc.v	nonproof	nonproof_token		excluded_nonproof_token
docs/ARTIFACTS.md	11	markdown_code	python3 scripts/inquisitor.py	inquisitor.py	nonproof	nonproof_token		excluded_nonproof_token
docs/ARTIFACTS.md	11	markdown_code	python3 scripts/inquisitor.py	python3	nonproof	nonproof_token		excluded_nonproof_token
docs/ARTIFACTS.md	11	markdown_code	python3 scripts/inquisitor.py	scripts	nonproof	nonproof_token		excluded_nonproof_token
docs/ARTIFACTS.md	12	markdown_code	artifacts/print_assumptions_all_proofs.*	artifacts	nonproof	nonproof_token		excluded_nonproof_token
docs/ARTIFACTS.md	12	markdown_code	artifacts/print_assumptions_all_proofs.*	print_assumptions_all_proofs.	nonproof	nonproof_token		excluded_nonproof_token
docs/ARTIFACTS.md	12	markdown_code	scripts/check_assumption_receipt.py	check_assumption_receipt.py	nonproof	nonproof_token		excluded_nonproof_token
docs/ARTIFACTS.md	12	markdown_code	scripts/check_assumption_receipt.py	scripts	nonproof	nonproof_token		excluded_nonproof_token
docs/ARTIFACTS.md	12	markdown_code	scripts/generate_assumption_receipt.sh	generate_assumption_receipt.sh	nonproof	nonproof_token		excluded_nonproof_token
docs/ARTIFACTS.md	12	markdown_code	scripts/generate_assumption_receipt.sh	scripts	nonproof	nonproof_token		excluded_nonproof_token
docs/ARTIFACTS.md	13	markdown_code	artifacts/proof_dependency_*.json	artifacts	nonproof	nonproof_token		excluded_nonproof_token
docs/ARTIFACTS.md	13	markdown_code	artifacts/proof_dependency_*.json	proof_dependency_	nonproof	nonproof_token		excluded_nonproof_token
docs/ARTIFACTS.md	13	markdown_code	scripts/generate_proof_dependency_dag.py	generate_proof_dependency_dag.py	nonproof	nonproof_token		excluded_nonproof_token
docs/ARTIFACTS.md	13	markdown_code	scripts/generate_proof_dependency_dag.py	scripts	nonproof	nonproof_token		excluded_nonproof_token
docs/ARTIFACTS.md	14	markdown_code	artifacts/proof_gate/	artifacts	nonproof	nonproof_token		excluded_nonproof_token
docs/ARTIFACTS.md	14	markdown_code	artifacts/proof_gate/	proof_gate	nonproof	nonproof_token		excluded_nonproof_token
docs/ARTIFACTS.md	14	markdown_code	scripts/proof_gate_reproducible.sh	proof_gate_reproducible.sh	nonproof	nonproof_token		excluded_nonproof_token
docs/ARTIFACTS.md	14	markdown_code	scripts/proof_gate_reproducible.sh	scripts	nonproof	nonproof_token		excluded_nonproof_token
docs/ARTIFACTS.md	15	markdown_code	artifacts/final_claim_audit/	artifacts	nonproof	nonproof_token		excluded_nonproof_token
docs/ARTIFACTS.md	15	markdown_code	artifacts/final_claim_audit/	final_claim_audit	nonproof	nonproof_token		excluded_nonproof_token
docs/ARTIFACTS.md	15	markdown_code	scripts/generate_master_summary_artifacts.py	generate_master_summary_artifacts.py	nonproof	nonproof_token		excluded_nonproof_token
docs/ARTIFACTS.md	15	markdown_code	scripts/generate_master_summary_artifacts.py	scripts	nonproof	nonproof_token		excluded_nonproof_token
docs/ARTIFACTS.md	15	markdown_code	scripts/repo_audit_trail.sh	repo_audit_trail.sh	nonproof	nonproof_token		excluded_nonproof_token
docs/ARTIFACTS.md	15	markdown_code	scripts/repo_audit_trail.sh	scripts	nonproof	nonproof_token		excluded_nonproof_token
docs/ARTIFACTS.md	16	markdown_code	artifacts/rtl_pipeline_manifest.json	artifacts	nonproof	nonproof_token		excluded_nonproof_token
docs/ARTIFACTS.md	16	markdown_code	artifacts/rtl_pipeline_manifest.json	rtl_pipeline_manifest.json	nonproof	nonproof_token		excluded_nonproof_token
docs/ARTIFACTS.md	16	markdown_code	scripts/generate_rtl_pipeline_manifest.py	generate_rtl_pipeline_manifest.py	nonproof	nonproof_token		excluded_nonproof_token
docs/ARTIFACTS.md	16	markdown_code	scripts/generate_rtl_pipeline_manifest.py	scripts	nonproof	nonproof_token		excluded_nonproof_token
docs/ARTIFACTS.md	17	markdown_code	artifacts/rtl_text_transform_audit.json	artifacts	nonproof	nonproof_token		excluded_nonproof_token
docs/ARTIFACTS.md	17	markdown_code	artifacts/rtl_text_transform_audit.json	rtl_text_transform_audit.json	nonproof	nonproof_token		excluded_nonproof_token
docs/ARTIFACTS.md	17	markdown_code	scripts/audit_rtl_text_transforms.py	audit_rtl_text_transforms.py	nonproof	nonproof_token		excluded_nonproof_token
docs/ARTIFACTS.md	17	markdown_code	scripts/audit_rtl_text_transforms.py	scripts	nonproof	nonproof_token		excluded_nonproof_token
docs/ARTIFACTS.md	18	markdown_code	artifacts/synthesis_gate/	artifacts	nonproof	nonproof_token		excluded_nonproof_token
docs/ARTIFACTS.md	18	markdown_code	artifacts/synthesis_gate/	synthesis_gate	nonproof	nonproof_token		excluded_nonproof_token
docs/ARTIFACTS.md	19	markdown_code	monograph/*.pdf	monograph	nonproof	nonproof_token		excluded_nonproof_token
docs/ARTIFACTS.md	19	markdown_code	monograph/build_monograph.sh	build_monograph.sh	nonproof	nonproof_token		excluded_nonproof_token
docs/ARTIFACTS.md	19	markdown_code	monograph/build_monograph.sh	monograph	nonproof	nonproof_token		excluded_nonproof_token
docs/ARTIFACTS.md	25	markdown_code	build/	build	nonproof	nonproof_token		excluded_nonproof_token
docs/ARTIFACTS.md	29	markdown_code	docs/ASSURANCE.md	ASSURANCE.md	nonproof	nonproof_token		excluded_nonproof_token
docs/ARTIFACTS.md	29	markdown_code	docs/ASSURANCE.md	docs	nonproof	nonproof_token		excluded_nonproof_token
docs/ARTIFACTS.md	29	markdown_code	docs/REPRODUCTION.md	REPRODUCTION.md	nonproof	nonproof_token		excluded_nonproof_token
docs/ARTIFACTS.md	29	markdown_code	docs/REPRODUCTION.md	docs	nonproof	nonproof_token		excluded_nonproof_token
docs/ARTIFACTS.md	29	markdown_code	docs/VM_CONTRACTS.md	VM_CONTRACTS.md	nonproof	nonproof_token		excluded_nonproof_token
docs/ARTIFACTS.md	29	markdown_code	docs/VM_CONTRACTS.md	docs	nonproof	nonproof_token		excluded_nonproof_token
docs/ASSURANCE.md	20	markdown_code	coqchk	coqchk	nonproof	nonproof_token		excluded_nonproof_token
docs/ASSURANCE.md	22	markdown_code	tests/coq_probes/	coq_probes	nonproof	nonproof_token		excluded_nonproof_token
docs/ASSURANCE.md	22	markdown_code	tests/coq_probes/	tests	nonproof	nonproof_token		excluded_nonproof_token
docs/ASSURANCE.md	36	markdown_code	ThieleMachineComplete.v	ThieleMachineComplete.v	nonproof	nonproof_token		excluded_nonproof_token
docs/ASSURANCE.md	36	markdown_code	VMState	VMState	nonproof	Record		Record@coq/ThieleMachineComplete.v:1582;Record@coq/kernel/foundation/VMState.v:1931
docs/ASSURANCE.md	36	markdown_code	instruction_cost	instruction_cost	nonproof	Definition		Definition@coq/ThieleMachineComplete.v:2319;Definition@coq/kernel/foundation/VMStep.v:231
docs/ASSURANCE.md	36	markdown_code	is_cert_setterb	is_cert_setterb	nonproof	Definition		Definition@coq/ThieleMachineComplete.v:2376;Definition@coq/kernel/foundation/VMStep.v:300;Definition@coq/kernel/mu_calculus/MuNoFreeInsightQuantitative.v:28
docs/ASSURANCE.md	36	markdown_code	tests/test_standalone_kernel_agreement.py	test_standalone_kernel_agreement.py	nonproof	nonproof_token		excluded_nonproof_token
docs/ASSURANCE.md	36	markdown_code	tests/test_standalone_kernel_agreement.py	tests	nonproof	nonproof_token		excluded_nonproof_token
docs/ASSURANCE.md	36	markdown_code	vm_apply	vm_apply	nonproof	Definition		Definition@coq/ThieleMachineComplete.v:3534;Definition@coq/kernel/foundation/SimulationProof.v:262
docs/ASSURANCE.md	36	markdown_code	vm_apply	vm_apply	nonproof	Definition		Definition@coq/ThieleMachineComplete.v:3534;Definition@coq/kernel/foundation/SimulationProof.v:262
docs/ASSURANCE.md	36	markdown_code	vm_instruction	vm_instruction	nonproof	Inductive		Inductive@coq/ThieleMachineComplete.v:2185;Inductive@coq/kernel/foundation/VMStep.v:120
docs/ASSURANCE.md	37	markdown_code	WFDrivenPrecondition	WFDrivenPrecondition	nonproof	Definition		Definition@coq/kami_hw/GraphReconstructionBridge.v:3828
docs/ASSURANCE.md	37	markdown_code	WFDrivenRun	WFDrivenRun	nonproof	Fixpoint		Fixpoint@coq/kami_hw/GraphReconstructionBridge.v:3955
docs/ASSURANCE.md	37	markdown_code	driven_step_wf	driven_step_wf	proof	Theorem	KamiHW.GraphReconstructionBridge.driven_step_wf	unique_suffix
docs/ASSURANCE.md	37	markdown_code	driven_trace_commutes	driven_trace_commutes	proof	Theorem	KamiHW.GraphReconstructionBridge.driven_trace_commutes	unique_suffix
docs/ASSURANCE.md	37	markdown_code	kami_step	kami_step	nonproof	Definition		Definition@coq/ThieleMachineComplete.v:8779;Definition@coq/kami_hw/Abstraction.v:817
docs/ASSURANCE.md	37	markdown_code	vm_apply	vm_apply	nonproof	Definition		Definition@coq/ThieleMachineComplete.v:3534;Definition@coq/kernel/foundation/SimulationProof.v:262
docs/ASSURANCE.md	38	markdown_code	AdmittedRun	AdmittedRun	nonproof	Inductive		Inductive@coq/kami_hw/TableInvariantsReachable.v:35
docs/ASSURANCE.md	38	markdown_code	Retire	Retire	nonproof	Definition		Definition@coq/kami_hw/RetireMaster.v:27
docs/ASSURANCE.md	38	markdown_code	admitted_run_progress	admitted_run_progress	proof	Theorem	KamiHW.RetireProgress.admitted_run_progress	unique_suffix
docs/ASSURANCE.md	38	markdown_code	fsm_retirement_refinement	fsm_retirement_refinement	proof	Theorem	KamiHW.TableInvariantsReachable.fsm_retirement_refinement	unique_suffix
docs/ASSURANCE.md	39	markdown_code	ocaml_observable_nofi_and_monotone	ocaml_observable_nofi_and_monotone	proof	Theorem	Kernel.OCamlExtractionBridge.ocaml_observable_nofi_and_monotone	unique_suffix
docs/ASSURANCE.md	40	markdown_code	bsc_kami_compilation_trusted	bsc_kami_compilation_trusted	nonproof	Definition		Definition@coq/kernel/hardware_bridge/VerilogRTLCorrespondence.v:68
docs/REPRODUCTION.md	7	markdown_code	iverilog	iverilog	nonproof	nonproof_token		excluded_nonproof_token
docs/REPRODUCTION.md	7	markdown_code	ocamlfind	ocamlfind	nonproof	nonproof_token		excluded_nonproof_token
docs/REPRODUCTION.md	7	markdown_code	verilator	verilator	nonproof	nonproof_token		excluded_nonproof_token
docs/REPRODUCTION.md	7	markdown_code	yosys	yosys	nonproof	nonproof_token		excluded_nonproof_token
docs/REPRODUCTION.md	17	markdown_code	--output PATH	PATH	nonproof	nonproof_token		excluded_nonproof_token
docs/REPRODUCTION.md	17	markdown_code	--output PATH	output	nonproof	nonproof_token		excluded_nonproof_token
docs/REPRODUCTION.md	17	markdown_code	artifacts/reproduction/	artifacts	nonproof	nonproof_token		excluded_nonproof_token
docs/REPRODUCTION.md	17	markdown_code	artifacts/reproduction/	reproduction	nonproof	nonproof_token		excluded_nonproof_token
docs/REPRODUCTION.md	17	markdown_code	tests/coq_probes/	coq_probes	nonproof	nonproof_token		excluded_nonproof_token
docs/REPRODUCTION.md	17	markdown_code	tests/coq_probes/	tests	nonproof	nonproof_token		excluded_nonproof_token
docs/REPRODUCTION.md	19	markdown_code	--library Logical.Name	Logical.Name	nonproof	nonproof_token		excluded_nonproof_token
docs/REPRODUCTION.md	19	markdown_code	--library Logical.Name	library	nonproof	nonproof_token		excluded_nonproof_token
docs/REPRODUCTION.md	19	markdown_code	--prepare-only	only	nonproof	nonproof_token		excluded_nonproof_token
docs/REPRODUCTION.md	19	markdown_code	--prepare-only	prepare	nonproof	nonproof_token		excluded_nonproof_token
docs/REPRODUCTION.md	19	markdown_code	--probe REPO_PATH.v	REPO_PATH.v	nonproof	nonproof_token		excluded_nonproof_token
docs/REPRODUCTION.md	19	markdown_code	--probe REPO_PATH.v	probe	nonproof	nonproof_token		excluded_nonproof_token
docs/REPRODUCTION.md	19	markdown_code	coqchk	coqchk	nonproof	nonproof_token		excluded_nonproof_token
docs/REPRODUCTION.md	41	markdown_code	THIELE_ASSUMPTION_BATCH_SIZE=500	THIELE_ASSUMPTION_BATCH_SIZE	nonproof	nonproof_token		excluded_nonproof_token
docs/REPRODUCTION.md	41	markdown_code	THIELE_ASSUMPTION_JOBS	THIELE_ASSUMPTION_JOBS	nonproof	nonproof_token		excluded_nonproof_token
docs/REPRODUCTION.md	41	markdown_code	THIELE_ASSUMPTION_TIMEOUT	THIELE_ASSUMPTION_TIMEOUT	nonproof	nonproof_token		excluded_nonproof_token
docs/REPRODUCTION.md	41	markdown_code	THIELE_ASSUMPTION_WORK_DIR	THIELE_ASSUMPTION_WORK_DIR	nonproof	nonproof_token		excluded_nonproof_token
docs/REPRODUCTION.md	41	markdown_code	THIELE_PROOF_JOBS	THIELE_PROOF_JOBS	nonproof	nonproof_token		excluded_nonproof_token
docs/REPRODUCTION.md	41	markdown_code	THIELE_REPRO_JOBS	THIELE_REPRO_JOBS	nonproof	nonproof_token		excluded_nonproof_token
docs/REPRODUCTION.md	41	markdown_code	build/probe/assumption-batches-resume	assumption	nonproof	nonproof_token		excluded_nonproof_token
docs/REPRODUCTION.md	41	markdown_code	build/probe/assumption-batches-resume	batches	nonproof	nonproof_token		excluded_nonproof_token
docs/REPRODUCTION.md	41	markdown_code	build/probe/assumption-batches-resume	build	nonproof	nonproof_token		excluded_nonproof_token
docs/REPRODUCTION.md	41	markdown_code	build/probe/assumption-batches-resume	probe	nonproof	nonproof_token		excluded_nonproof_token
docs/REPRODUCTION.md	41	markdown_code	build/probe/assumption-batches-resume	resume	nonproof	nonproof_token		excluded_nonproof_token
docs/REPRODUCTION.md	41	markdown_code	coqtop	coqtop	nonproof	nonproof_token		excluded_nonproof_token
docs/REPRODUCTION.md	45	markdown_code	reproduction.json	reproduction.json	nonproof	nonproof_token		excluded_nonproof_token
docs/REPRODUCTION.md	45	markdown_code	result.txt	result.txt	nonproof	nonproof_token		excluded_nonproof_token
docs/REPRODUCTION.md	45	markdown_code	source-manifest.json	manifest.json	nonproof	nonproof_token		excluded_nonproof_token
docs/REPRODUCTION.md	45	markdown_code	source-manifest.json	source	nonproof	nonproof_token		excluded_nonproof_token
docs/VM_CONTRACTS.md	9	markdown_code	VMSelfProgram.U	VMSelfProgram.U	nonproof	nonproof_token		excluded_nonproof_token
docs/VM_CONTRACTS.md	35	markdown_code	Substrate.run	Substrate.run	nonproof	nonproof_token		excluded_nonproof_token
docs/VM_CONTRACTS.md	41	markdown_code	tests/coq_probes/self_interpreter/	coq_probes	nonproof	nonproof_token		excluded_nonproof_token
docs/VM_CONTRACTS.md	41	markdown_code	tests/coq_probes/self_interpreter/	self_interpreter	nonproof	nonproof_token		excluded_nonproof_token
docs/VM_CONTRACTS.md	41	markdown_code	tests/coq_probes/self_interpreter/	tests	nonproof	nonproof_token		excluded_nonproof_token
docs/VM_CONTRACTS.md	42	markdown_code	tests/coq_probes/rice/	coq_probes	nonproof	nonproof_token		excluded_nonproof_token
docs/VM_CONTRACTS.md	42	markdown_code	tests/coq_probes/rice/	rice	nonproof	nonproof_token		excluded_nonproof_token
docs/VM_CONTRACTS.md	42	markdown_code	tests/coq_probes/rice/	tests	nonproof	nonproof_token		excluded_nonproof_token
docs/VM_CONTRACTS.md	44	markdown_code	coqchk	coqchk	nonproof	nonproof_token		excluded_nonproof_token
examples/README.md	3	markdown_code	examples/programs/	examples	nonproof	nonproof_token		excluded_nonproof_token
examples/README.md	3	markdown_code	examples/programs/	programs	nonproof	nonproof_token		excluded_nonproof_token
examples/README.md	5	markdown_code	examples/run_all.py	examples	nonproof	nonproof_token		excluded_nonproof_token
examples/README.md	5	markdown_code	examples/run_all.py	run_all.py	nonproof	nonproof_token		excluded_nonproof_token
examples/README.md	40	markdown_code	all_opcodes_test.asm	all_opcodes_test.asm	nonproof	nonproof_token		excluded_nonproof_token
examples/README.md	40	markdown_code	examples/programs/	examples	nonproof	nonproof_token		excluded_nonproof_token
examples/README.md	40	markdown_code	examples/programs/	programs	nonproof	nonproof_token		excluded_nonproof_token
examples/README.md	40	markdown_code	goldbach_witness.asm	goldbach_witness.asm	nonproof	nonproof_token		excluded_nonproof_token
examples/README.md	40	markdown_code	stress_memory.asm	stress_memory.asm	nonproof	nonproof_token		excluded_nonproof_token
examples/README.md	44	markdown_code	scripts/thiele_asm.py	scripts	nonproof	nonproof_token		excluded_nonproof_token
examples/README.md	44	markdown_code	scripts/thiele_asm.py	thiele_asm.py	nonproof	nonproof_token		excluded_nonproof_token
examples/README.md	64	markdown_code	--format	format	nonproof	nonproof_token		excluded_nonproof_token
examples/README.md	76	markdown_code	mu	mu	nonproof	Definition		Definition@coq/nofi/Instance_Kernel.v:57;Definition@coq/thermodynamic/LandauerDerived.v:227
examples/README.md	76	markdown_code	pc	pc	nonproof	nonproof_token		excluded_nonproof_token
examples/README.md	81	markdown_code	err=True	True	nonproof	nonproof_token		excluded_nonproof_token
examples/README.md	81	markdown_code	err=True	err	nonproof	nonproof_token		excluded_nonproof_token
examples/README.md	87	markdown_code	err=True	True	nonproof	nonproof_token		excluded_nonproof_token
examples/README.md	87	markdown_code	err=True	err	nonproof	nonproof_token		excluded_nonproof_token
examples/mu_mdl_learner/README.md	7	markdown_code	x_i ↔ x_{i+k}	i	nonproof	nonproof_token		excluded_nonproof_token
examples/mu_mdl_learner/README.md	7	markdown_code	x_i ↔ x_{i+k}	k	nonproof	nonproof_token		excluded_nonproof_token
examples/mu_mdl_learner/README.md	7	markdown_code	x_i ↔ x_{i+k}	x_	nonproof	nonproof_token		excluded_nonproof_token
examples/mu_mdl_learner/README.md	7	markdown_code	x_i ↔ x_{i+k}	x_i	nonproof	nonproof_token		excluded_nonproof_token
examples/mu_mdl_learner/README.md	8	markdown_code	hw_flen * 8 + (delta + 1)	delta	nonproof	Definition		Definition@coq/kernel/curvature/CurvedTensorPipeline.v:995
examples/mu_mdl_learner/README.md	8	markdown_code	hw_flen * 8 + (delta + 1)	hw_flen	nonproof	nonproof_token		excluded_nonproof_token
examples/mu_mdl_learner/README.md	15	markdown_code	streams.py	streams.py	nonproof	nonproof_token		excluded_nonproof_token
examples/mu_mdl_learner/README.md	16	markdown_code	encoding.py	encoding.py	nonproof	nonproof_token		excluded_nonproof_token
examples/mu_mdl_learner/README.md	17	markdown_code	brute_force.py	brute_force.py	nonproof	nonproof_token		excluded_nonproof_token
examples/mu_mdl_learner/README.md	18	markdown_code	compositional.py	compositional.py	nonproof	nonproof_token		excluded_nonproof_token
examples/mu_mdl_learner/README.md	19	markdown_code	mdl.py	mdl.py	nonproof	nonproof_token		excluded_nonproof_token
examples/mu_mdl_learner/README.md	20	markdown_code	eval.py	eval.py	nonproof	nonproof_token		excluded_nonproof_token
examples/mu_mdl_learner/README.md	21	markdown_code	m1_sanity.py	m1_sanity.py	nonproof	nonproof_token		excluded_nonproof_token
examples/mu_mdl_learner/README.md	21	markdown_code	m5_generalize.py	m5_generalize.py	nonproof	nonproof_token		excluded_nonproof_token
examples/mu_mdl_learner/README.md	40	markdown_code	Extract Constant	Constant	nonproof	nonproof_token		excluded_nonproof_token
examples/mu_mdl_learner/README.md	40	markdown_code	Extract Constant	Extract	nonproof	nonproof_token		excluded_nonproof_token
examples/mu_mdl_learner/README.md	40	markdown_code	word32_to_signed	word32_to_signed	nonproof	Definition		Definition@coq/ThieleMachineComplete.v:739;Definition@coq/kernel/nfi/CertCheck.v:694
examples/mu_mdl_learner/README.md	41	markdown_code	coq/Extraction.v	Extraction.v	nonproof	nonproof_token		excluded_nonproof_token
examples/mu_mdl_learner/README.md	41	markdown_code	coq/Extraction.v	coq	nonproof	nonproof_token		excluded_nonproof_token
examples/mu_mdl_learner/README.md	42	markdown_code	Z.of_nat	Z.of_nat	nonproof	nonproof_token		excluded_nonproof_token
examples/mu_mdl_learner/README.md	44	markdown_code	tests/test_lassert_negative_literals.py	test_lassert_negative_literals.py	nonproof	nonproof_token		excluded_nonproof_token
examples/mu_mdl_learner/README.md	44	markdown_code	tests/test_lassert_negative_literals.py	tests	nonproof	nonproof_token		excluded_nonproof_token
examples/mu_mdl_learner/README.md	45	markdown_code	make ocaml-runner	make	nonproof	nonproof_token		excluded_nonproof_token
examples/mu_mdl_learner/README.md	45	markdown_code	make ocaml-runner	ocaml	nonproof	nonproof_token		excluded_nonproof_token
examples/mu_mdl_learner/README.md	45	markdown_code	make ocaml-runner	runner	nonproof	nonproof_token		excluded_nonproof_token
monograph/monograph.tex	351	latex_code	cert\_not\_function\_of\_forget	cert_not_function_of_forget	proof	Theorem	Kernel.ProjectionNonExistence.cert_not_function_of_forget	unique_suffix
monograph/monograph.tex	351	latex_code	latch\_core\_honest	latch_core_honest	proof	Theorem	Kernel.RecordAxisDiscrimination.latch_core_honest	unique_suffix
monograph/monograph.tex	351	latex_code	mu\_not\_function\_of\_bare\_observable	mu_not_function_of_bare_observable	proof	Theorem	Kernel.ProjectionNonExistence.mu_not_function_of_bare_observable	unique_suffix
monograph/monograph.tex	351	latex_code	permanent\_flip\_is\_not\_injective	permanent_flip_is_not_injective	proof	Theorem	Kernel.PermanentCertification.permanent_flip_is_not_injective	unique_suffix
monograph/monograph.tex	351	latex_code	uniqueness\_round4\_holds	uniqueness_round4_holds	proof	Theorem	Kernel.StructuralRecordAxis.uniqueness_round4_holds	unique_suffix
monograph/monograph.tex	355	latex_code	F1\_physical\_premises\_incompatible	F1_physical_premises_incompatible	proof	Theorem	Kernel.F1_StrongForm.F1_physical_premises_incompatible	unique_suffix
monograph/monograph.tex	355	latex_code	a2\_from\_merging\_price\_and\_permanence	a2_from_merging_price_and_permanence	proof	Theorem	Kernel.PermanentCertification.a2_from_merging_price_and_permanence	unique_suffix
monograph/monograph.tex	389	latex_code	CERTIFY	CERTIFY	nonproof	nonproof_token		excluded_nonproof_token
monograph/monograph.tex	423	latex_code	WithShortcutPredicate	WithShortcutPredicate	nonproof	Class		Class@coq/kernel/nfi/StructuralUndecidability.v:69
monograph/monograph.tex	425	latex_code	nat\_substrate	nat_substrate	nonproof	Definition		Definition@coq/kernel/foundation/NatSubstrateInstance.v:149
monograph/monograph.tex	432	latex_code	vm\_apply	vm_apply	nonproof	Definition		Definition@coq/ThieleMachineComplete.v:3534;Definition@coq/kernel/foundation/SimulationProof.v:262
monograph/monograph.tex	435	latex_code	CertCostMachine	CertCostMachine	nonproof	Record		Record@coq/kernel/nfi/UniversalCertificationCost.v:336
monograph/monograph.tex	435	latex_code	WithShortcutPredicate	WithShortcutPredicate	nonproof	Class		Class@coq/kernel/nfi/StructuralUndecidability.v:69
monograph/monograph.tex	459	latex_code	WithShortcutPredicate	WithShortcutPredicate	nonproof	Class		Class@coq/kernel/nfi/StructuralUndecidability.v:69
monograph/monograph.tex	487	latex_code	WithShortcutPredicate	WithShortcutPredicate	nonproof	Class		Class@coq/kernel/nfi/StructuralUndecidability.v:69
monograph/monograph.tex	526	latex_code	thiele\_simulates\_turing	thiele_simulates_turing	proof	Theorem	Kernel.ProperSubsumption.ProperSubsumption.thiele_simulates_turing	unique_suffix
monograph/monograph.tex	527	latex_code	degenerate\_projection\_theorem	degenerate_projection_theorem	proof	Theorem	Kernel.TuringClassicalEmbedding.degenerate_projection_theorem	unique_suffix
monograph/monograph.tex	532	latex_code	csr\_cert\_addr	csr_cert_addr	nonproof	nonproof_token		excluded_nonproof_token
monograph/monograph.tex	532	latex_code	vm\_certified	vm_certified	nonproof	nonproof_token		excluded_nonproof_token
monograph/monograph.tex	545	latex_code	instruction\_consistent\_measure\_equals\_mu	instruction_consistent_measure_equals_mu	proof	Theorem	Kernel.MuInitiality.instruction_consistent_measure_equals_mu	explicit_binding
monograph/monograph.tex	555	latex_code	StructuralCore.v	StructuralCore.v	nonproof	nonproof_token		excluded_nonproof_token
monograph/monograph.tex	555	latex_code	core\_equiv	core_equiv	nonproof	Definition		Definition@coq/kernel/foundation/StructuralCore.v:91
monograph/monograph.tex	557	latex_code	StructuralCoreRound2.v	StructuralCoreRound2.v	nonproof	nonproof_token		excluded_nonproof_token
monograph/monograph.tex	559	latex_code	certification\_agreement\_does\_not\_imply\_descent	certification_agreement_does_not_imply_descent	proof	Theorem	Kernel.TraceStateDescent.certification_agreement_does_not_imply_descent	unique_suffix
monograph/monograph.tex	561	latex_code	JUMP 0 0	JUMP	nonproof	nonproof_token		excluded_nonproof_token
monograph/monograph.tex	563	latex_code	history\_core\_equiv\_thiele	history_core_equiv_thiele	proof	Theorem	Kernel.StructuralCore.history_core_equiv_thiele	unique_suffix
monograph/monograph.tex	565	latex_code	uniqueness\_round1	uniqueness_round1	nonproof	Definition		Definition@coq/kernel/foundation/StructuralCore.v:109
monograph/monograph.tex	565	latex_code	uniqueness\_round1\_refuted	uniqueness_round1_refuted	proof	Theorem	Kernel.StructuralUniqueness.uniqueness_round1_refuted	unique_suffix
monograph/monograph.tex	565	latex_code	uniqueness\_round2	uniqueness_round2	nonproof	Definition		Definition@coq/kernel/foundation/StructuralCoreRound2.v:69
monograph/monograph.tex	565	latex_code	uniqueness\_round2\_refuted	uniqueness_round2_refuted	proof	Theorem	Kernel.StructuralUniqueness.uniqueness_round2_refuted	unique_suffix
monograph/monograph.tex	569	latex_code	billed\_core\_adequate	billed_core_adequate	proof	Theorem	Kernel.StructuralUniqueness.billed_core_adequate	unique_suffix
monograph/monograph.tex	569	latex_code	billed\_core\_honest\_extension	billed_core_honest_extension	proof	Theorem	Kernel.StructuralUniqueness.billed_core_honest_extension	unique_suffix
monograph/monograph.tex	579	latex_code	StructuralCoreRound3.v	StructuralCoreRound3.v	nonproof	nonproof_token		excluded_nonproof_token
monograph/monograph.tex	581	latex_code	uniqueness\_round3b\_holds	uniqueness_round3b_holds	proof	Theorem	Kernel.StructuralScheduleUniqueness.uniqueness_round3b_holds	unique_suffix
monograph/monograph.tex	582	latex_code	billed\_core\_equiv\_mod\_schedule	billed_core_equiv_mod_schedule	proof	Theorem	Kernel.StructuralScheduleUniqueness.billed_core_equiv_mod_schedule	unique_suffix
monograph/monograph.tex	583	latex_code	surcharged\_core\_equiv\_mod\_schedule	surcharged_core_equiv_mod_schedule	proof	Theorem	Kernel.StructuralScheduleUniqueness.surcharged_core_equiv_mod_schedule	unique_suffix
monograph/monograph.tex	585	latex_code	uniqueness\_round3a\_refuted	uniqueness_round3a_refuted	proof	Theorem	Kernel.StructuralScheduleUniqueness.uniqueness_round3a_refuted	unique_suffix
monograph/monograph.tex	597	latex_code	StructuralCoreRound4.v	StructuralCoreRound4.v	nonproof	nonproof_token		excluded_nonproof_token
monograph/monograph.tex	598	latex_code	uniqueness\_round4\_holds	uniqueness_round4_holds	proof	Theorem	Kernel.StructuralRecordAxis.uniqueness_round4_holds	unique_suffix
monograph/monograph.tex	600	latex_code	uniqueness\_round4\_pair\_holds	uniqueness_round4_pair_holds	proof	Theorem	Kernel.StructuralRecordAxis.uniqueness_round4_pair_holds	unique_suffix
monograph/monograph.tex	603	latex_code	toggle\_not\_latch	toggle_not_latch	proof	Theorem	Kernel.StructuralRecordAxis.toggle_not_latch	unique_suffix
monograph/monograph.tex	604	latex_code	clock\_record\_not\_driven	clock_record_not_driven	proof	Theorem	Kernel.StructuralRecordAxis.clock_record_not_driven	unique_suffix
monograph/monograph.tex	605	latex_code	finite\_reversible\_cannot\_write	finite_reversible_cannot_write	proof	Theorem	Kernel.RecordAxisDiscrimination.finite_reversible_cannot_write	unique_suffix
monograph/monograph.tex	605	latex_code	history\_latch\_honest	history_latch_honest	proof	Theorem	Kernel.RecordAxisDiscrimination.history_latch_honest	unique_suffix
monograph/monograph.tex	605	latex_code	history\_latch\_injective	history_latch_injective	proof	Theorem	Kernel.RecordAxisDiscrimination.history_latch_injective	unique_suffix
monograph/monograph.tex	605	latex_code	latch\_core\_honest	latch_core_honest	proof	Theorem	Kernel.RecordAxisDiscrimination.latch_core_honest	unique_suffix
monograph/monograph.tex	812	latex_code	mu\_is\_initial\_monotone	mu_is_initial_monotone	proof	Theorem	Kernel.MuInitiality.mu_is_initial_monotone	explicit_binding
monograph/monograph.tex	814	latex_code	universal\_nfi\_any\_substrate	universal_nfi_any_substrate	proof	Theorem	Kernel.UniversalCertificationCost.universal_nfi_any_substrate	unique_suffix
monograph/monograph.tex	930	latex_code	Category	Category	nonproof	Record		Record@coq/thielemachine/ThieleProc.v:296
monograph/monograph.tex	930	latex_code	vm\_graph	vm_graph	nonproof	nonproof_token		excluded_nonproof_token
monograph/monograph.tex	1030	latex_code	cs\_cert\_costs	cs_cert_costs	nonproof	nonproof_token		excluded_nonproof_token
monograph/monograph.tex	1036	latex_code	universal\_nfi\_any\_substrate	universal_nfi_any_substrate	proof	Theorem	Kernel.UniversalCertificationCost.universal_nfi_any_substrate	unique_suffix
monograph/monograph.tex	1038	latex_code	cs\_cert\_costs	cs_cert_costs	nonproof	nonproof_token		excluded_nonproof_token
monograph/monograph.tex	1073	latex_code	CERTIFY 0	CERTIFY	nonproof	nonproof_token		excluded_nonproof_token
monograph/monograph.tex	1075	latex_code	JUMP 1 0	JUMP	nonproof	nonproof_token		excluded_nonproof_token
monograph/monograph.tex	1077	latex_code	JUMP 1 3	JUMP	nonproof	nonproof_token		excluded_nonproof_token
monograph/monograph.tex	1100	latex_code	abs\_A\_strict	abs_A_strict	nonproof	Definition		Definition@coq/ThieleMachineComplete.v:4704;Definition@coq/kernel/nfi/NecessityAbstract.v:264
monograph/monograph.tex	1100	latex_code	abs\_B\_cost\_g	abs_B_cost_g	nonproof	Definition		Definition@coq/ThieleMachineComplete.v:4941
monograph/monograph.tex	1100	latex_code	abs\_B\_strict\_g	abs_B_strict_g	nonproof	Definition		Definition@coq/ThieleMachineComplete.v:4894
monograph/monograph.tex	1106	latex_code	mu\_is\_initial\_monotone	mu_is_initial_monotone	proof	Theorem	Kernel.MuInitiality.mu_is_initial_monotone	explicit_binding
monograph/monograph.tex	1106	latex_code	universal\_nfi\_any\_substrate	universal_nfi_any_substrate	proof	Theorem	Kernel.UniversalCertificationCost.universal_nfi_any_substrate	unique_suffix
monograph/monograph.tex	1108	latex_code	CertificationSystem	CertificationSystem	nonproof	Record		Record@coq/kernel/nfi/UniversalCertificationCost.v:30
monograph/monograph.tex	1121	latex_code	blank	blank	nonproof	Definition		Definition@coq/kernel/foundation/ProperSubsumption.v:49
monograph/monograph.tex	1152	latex_code	csr\_cert\_addr	csr_cert_addr	nonproof	nonproof_token		excluded_nonproof_token
monograph/monograph.tex	1152	latex_code	csr\_cert\_addr	csr_cert_addr	nonproof	nonproof_token		excluded_nonproof_token
monograph/monograph.tex	1152	latex_code	is\_classical\_opcode	is_classical_opcode	nonproof	Definition		Definition@coq/kernel/foundation/ClassicalConservativity.v:39
monograph/monograph.tex	1152	latex_code	shadow\_proj	shadow_proj	nonproof	Definition		Definition@coq/kernel/witness/ShadowProjection.v:52
monograph/monograph.tex	1152	latex_code	vm\_certified	vm_certified	nonproof	nonproof_token		excluded_nonproof_token
monograph/monograph.tex	1152	latex_code	vm\_certified	vm_certified	nonproof	nonproof_token		excluded_nonproof_token
monograph/monograph.tex	1152	latex_code	vm\_certified	vm_certified	nonproof	nonproof_token		excluded_nonproof_token
monograph/monograph.tex	1152	latex_code	vm\_csrs	vm_csrs	nonproof	nonproof_token		excluded_nonproof_token
monograph/monograph.tex	1152	latex_code	vm\_csrs	vm_csrs	nonproof	nonproof_token		excluded_nonproof_token
monograph/monograph.tex	1152	latex_code	vm\_err	vm_err	nonproof	nonproof_token		excluded_nonproof_token
monograph/monograph.tex	1152	latex_code	vm\_graph	vm_graph	nonproof	nonproof_token		excluded_nonproof_token
monograph/monograph.tex	1152	latex_code	vm\_graph	vm_graph	nonproof	nonproof_token		excluded_nonproof_token
monograph/monograph.tex	1152	latex_code	vm\_instruction	vm_instruction	nonproof	Inductive		Inductive@coq/ThieleMachineComplete.v:2185;Inductive@coq/kernel/foundation/VMStep.v:120
monograph/monograph.tex	1152	latex_code	vm\_mem	vm_mem	nonproof	nonproof_token		excluded_nonproof_token
monograph/monograph.tex	1152	latex_code	vm\_mu	vm_mu	nonproof	nonproof_token		excluded_nonproof_token
monograph/monograph.tex	1152	latex_code	vm\_pc	vm_pc	nonproof	nonproof_token		excluded_nonproof_token
monograph/monograph.tex	1152	latex_code	vm\_regs	vm_regs	nonproof	nonproof_token		excluded_nonproof_token
monograph/monograph.tex	1156	latex_code	shadow\_proj	shadow_proj	nonproof	Definition		Definition@coq/kernel/witness/ShadowProjection.v:52
monograph/monograph.tex	1164	latex_code	csr\_cert\_addr	csr_cert_addr	nonproof	nonproof_token		excluded_nonproof_token
monograph/monograph.tex	1164	latex_code	csr\_cert\_addr	csr_cert_addr	nonproof	nonproof_token		excluded_nonproof_token
monograph/monograph.tex	1164	latex_code	is\_classical\_opcode	is_classical_opcode	nonproof	Definition		Definition@coq/kernel/foundation/ClassicalConservativity.v:39
monograph/monograph.tex	1164	latex_code	vm\_apply	vm_apply	nonproof	Definition		Definition@coq/ThieleMachineComplete.v:3534;Definition@coq/kernel/foundation/SimulationProof.v:262
monograph/monograph.tex	1164	latex_code	vm\_certified	vm_certified	nonproof	nonproof_token		excluded_nonproof_token
monograph/monograph.tex	1164	latex_code	vm\_certified	vm_certified	nonproof	nonproof_token		excluded_nonproof_token
monograph/monograph.tex	1164	latex_code	vm\_csrs	vm_csrs	nonproof	nonproof_token		excluded_nonproof_token
monograph/monograph.tex	1164	latex_code	vm\_csrs	vm_csrs	nonproof	nonproof_token		excluded_nonproof_token
monograph/monograph.tex	1164	latex_code	vm\_graph	vm_graph	nonproof	nonproof_token		excluded_nonproof_token
monograph/monograph.tex	1164	latex_code	vm\_graph	vm_graph	nonproof	nonproof_token		excluded_nonproof_token
monograph/monograph.tex	1168	latex_code	CERTIFY	CERTIFY	nonproof	nonproof_token		excluded_nonproof_token
monograph/monograph.tex	1168	latex_code	CHSH\_LASSERT	CHSH_LASSERT	nonproof	nonproof_token		excluded_nonproof_token
monograph/monograph.tex	1168	latex_code	CHSH\_LASSERT	CHSH_LASSERT	nonproof	nonproof_token		excluded_nonproof_token
monograph/monograph.tex	1168	latex_code	CHSH\_TRIAL	CHSH_TRIAL	nonproof	nonproof_token		excluded_nonproof_token
monograph/monograph.tex	1168	latex_code	COMPOSE	COMPOSE	nonproof	nonproof_token		excluded_nonproof_token
monograph/monograph.tex	1168	latex_code	EMIT	EMIT	nonproof	nonproof_token		excluded_nonproof_token
monograph/monograph.tex	1168	latex_code	LASSERT	LASSERT	nonproof	nonproof_token		excluded_nonproof_token
monograph/monograph.tex	1168	latex_code	LJOIN	LJOIN	nonproof	nonproof_token		excluded_nonproof_token
monograph/monograph.tex	1168	latex_code	MORPH	MORPH	nonproof	nonproof_token		excluded_nonproof_token
monograph/monograph.tex	1168	latex_code	MORPH\_ASSERT	MORPH_ASSERT	nonproof	nonproof_token		excluded_nonproof_token
monograph/monograph.tex	1168	latex_code	MORPH\_DELETE	MORPH_DELETE	nonproof	nonproof_token		excluded_nonproof_token
monograph/monograph.tex	1168	latex_code	MORPH\_GET	MORPH_GET	nonproof	nonproof_token		excluded_nonproof_token
monograph/monograph.tex	1168	latex_code	MORPH\_ID	MORPH_ID	nonproof	nonproof_token		excluded_nonproof_token
monograph/monograph.tex	1168	latex_code	MORPH\_TENSOR	MORPH_TENSOR	nonproof	nonproof_token		excluded_nonproof_token
monograph/monograph.tex	1168	latex_code	PDISCOVER	PDISCOVER	nonproof	nonproof_token		excluded_nonproof_token
monograph/monograph.tex	1168	latex_code	PMERGE	PMERGE	nonproof	nonproof_token		excluded_nonproof_token
monograph/monograph.tex	1168	latex_code	PNEW	PNEW	nonproof	nonproof_token		excluded_nonproof_token
monograph/monograph.tex	1168	latex_code	PSPLIT	PSPLIT	nonproof	nonproof_token		excluded_nonproof_token
monograph/monograph.tex	1168	latex_code	REVEAL	REVEAL	nonproof	nonproof_token		excluded_nonproof_token
monograph/monograph.tex	1168	latex_code	TENSOR\_GET	TENSOR_GET	nonproof	nonproof_token		excluded_nonproof_token
monograph/monograph.tex	1168	latex_code	TENSOR\_SET	TENSOR_SET	nonproof	nonproof_token		excluded_nonproof_token
monograph/monograph.tex	1168	latex_code	csr\_cert\_addr	csr_cert_addr	nonproof	nonproof_token		excluded_nonproof_token
monograph/monograph.tex	1168	latex_code	false	false	nonproof	nonproof_token		excluded_nonproof_token
monograph/monograph.tex	1168	latex_code	is\_classical\_opcode	is_classical_opcode	nonproof	Definition		Definition@coq/kernel/foundation/ClassicalConservativity.v:39
monograph/monograph.tex	1168	latex_code	is\_classical\_opcode	is_classical_opcode	nonproof	Definition		Definition@coq/kernel/foundation/ClassicalConservativity.v:39
monograph/monograph.tex	1168	latex_code	is\_classical\_opcode	is_classical_opcode	nonproof	Definition		Definition@coq/kernel/foundation/ClassicalConservativity.v:39
monograph/monograph.tex	1168	latex_code	vm\_apply	vm_apply	nonproof	Definition		Definition@coq/ThieleMachineComplete.v:3534;Definition@coq/kernel/foundation/SimulationProof.v:262
monograph/monograph.tex	1168	latex_code	vm\_certified	vm_certified	nonproof	nonproof_token		excluded_nonproof_token
monograph/monograph.tex	1168	latex_code	vm\_err	vm_err	nonproof	nonproof_token		excluded_nonproof_token
monograph/monograph.tex	1168	latex_code	vm\_graph	vm_graph	nonproof	nonproof_token		excluded_nonproof_token
monograph/monograph.tex	1168	latex_code	vm\_logic\_acc	vm_logic_acc	nonproof	nonproof_token		excluded_nonproof_token
monograph/monograph.tex	1168	latex_code	vm\_mem	vm_mem	nonproof	nonproof_token		excluded_nonproof_token
monograph/monograph.tex	1168	latex_code	vm\_mstatus	vm_mstatus	nonproof	nonproof_token		excluded_nonproof_token
monograph/monograph.tex	1168	latex_code	vm\_mu	vm_mu	nonproof	nonproof_token		excluded_nonproof_token
monograph/monograph.tex	1168	latex_code	vm\_mu\_tensor	vm_mu_tensor	nonproof	nonproof_token		excluded_nonproof_token
monograph/monograph.tex	1168	latex_code	vm\_pc	vm_pc	nonproof	nonproof_token		excluded_nonproof_token
monograph/monograph.tex	1168	latex_code	vm\_regs	vm_regs	nonproof	nonproof_token		excluded_nonproof_token
monograph/monograph.tex	1172	latex_code	thiele\_run	thiele_run	nonproof	Fixpoint		Fixpoint@coq/kernel/foundation/ProperSubsumption.v:152
monograph/monograph.tex	1176	latex_code	lift\_config	lift_config	nonproof	Definition		Definition@coq/kernel/foundation/ProperSubsumption.v:164
monograph/monograph.tex	1176	latex_code	th\_mu	th_mu	nonproof	nonproof_token		excluded_nonproof_token
monograph/monograph.tex	1176	latex_code	th\_tm\_config	th_tm_config	nonproof	nonproof_token		excluded_nonproof_token
monograph/monograph.tex	1178	latex_code	lift\_config	lift_config	nonproof	Definition		Definition@coq/kernel/foundation/ProperSubsumption.v:164
monograph/monograph.tex	1178	latex_code	th\_tm\_config	th_tm_config	nonproof	nonproof_token		excluded_nonproof_token
monograph/monograph.tex	1178	latex_code	thiele\_run	thiele_run	nonproof	Fixpoint		Fixpoint@coq/kernel/foundation/ProperSubsumption.v:152
monograph/monograph.tex	1178	latex_code	tm\_run	tm_run	nonproof	Fixpoint		Fixpoint@coq/kernel/foundation/ProperSubsumption.v:117
monograph/monograph.tex	1185	latex_code	thiele\_run	thiele_run	nonproof	Fixpoint		Fixpoint@coq/kernel/foundation/ProperSubsumption.v:152
monograph/monograph.tex	1185	latex_code	tm\_run	tm_run	nonproof	Fixpoint		Fixpoint@coq/kernel/foundation/ProperSubsumption.v:117
monograph/monograph.tex	1187	latex_code	lift\_config	lift_config	nonproof	Definition		Definition@coq/kernel/foundation/ProperSubsumption.v:164
monograph/monograph.tex	1187	latex_code	thiele\_step	thiele_step	nonproof	Definition		Definition@coq/kernel/foundation/ProperSubsumption.v:139
monograph/monograph.tex	1187	latex_code	tm\_step	tm_step	nonproof	Definition		Definition@coq/kernel/foundation/ProperSubsumption.v:108
monograph/monograph.tex	1187	latex_code	tm\_step	tm_step	nonproof	Definition		Definition@coq/kernel/foundation/ProperSubsumption.v:108
monograph/monograph.tex	1191	latex_code	MORPH\_GET	MORPH_GET	nonproof	nonproof_token		excluded_nonproof_token
monograph/monograph.tex	1191	latex_code	TENSOR\_GET	TENSOR_GET	nonproof	nonproof_token		excluded_nonproof_token
monograph/monograph.tex	1199	latex_code	lift\_config	lift_config	nonproof	Definition		Definition@coq/kernel/foundation/ProperSubsumption.v:164
monograph/monograph.tex	1199	latex_code	th\_tm\_config	th_tm_config	nonproof	nonproof_token		excluded_nonproof_token
monograph/monograph.tex	1199	latex_code	thiele\_run	thiele_run	nonproof	Fixpoint		Fixpoint@coq/kernel/foundation/ProperSubsumption.v:152
monograph/monograph.tex	1199	latex_code	tm\_run	tm_run	nonproof	Fixpoint		Fixpoint@coq/kernel/foundation/ProperSubsumption.v:117
monograph/monograph.tex	1201	latex_code	shadow\_proj	shadow_proj	nonproof	Definition		Definition@coq/kernel/witness/ShadowProjection.v:52
monograph/monograph.tex	1203	latex_code	shadow\_proj	shadow_proj	nonproof	Definition		Definition@coq/kernel/witness/ShadowProjection.v:52
monograph/monograph.tex	1203	latex_code	shadow\_proj	shadow_proj	nonproof	Definition		Definition@coq/kernel/witness/ShadowProjection.v:52
monograph/monograph.tex	1204	latex_code	eq\_on\_classical\_shadow	eq_on_classical_shadow	nonproof	Definition		Definition@coq/kernel/foundation/TuringClassicalEmbedding.v:472
monograph/monograph.tex	1206	latex_code	shadow\_proj	shadow_proj	nonproof	Definition		Definition@coq/kernel/witness/ShadowProjection.v:52
monograph/monograph.tex	1206	latex_code	shadow\_proj	shadow_proj	nonproof	Definition		Definition@coq/kernel/witness/ShadowProjection.v:52
monograph/monograph.tex	1206	latex_code	vm\_csrs	vm_csrs	nonproof	nonproof_token		excluded_nonproof_token
monograph/monograph.tex	1206	latex_code	vm\_csrs	vm_csrs	nonproof	nonproof_token		excluded_nonproof_token
monograph/monograph.tex	1206	latex_code	vm\_graph	vm_graph	nonproof	nonproof_token		excluded_nonproof_token
monograph/monograph.tex	1206	latex_code	vm\_graph	vm_graph	nonproof	nonproof_token		excluded_nonproof_token
monograph/monograph.tex	1208	latex_code	run	run	nonproof	Definition,Fixpoint		Definition@coq/nofi/Instance_Kernel.v:52;Fixpoint@coq/kernel/nfi/CostFrameworks.v:57;Fixpoint@coq/kernel/nfi/CostSemanticsComparison.v:84;Fixpoint@coq/kernel/nfi/KnowledgeNarrowing.v:68
monograph/monograph.tex	1208	latex_code	run	run	nonproof	Definition,Fixpoint		Definition@coq/nofi/Instance_Kernel.v:52;Fixpoint@coq/kernel/nfi/CostFrameworks.v:57;Fixpoint@coq/kernel/nfi/CostSemanticsComparison.v:84;Fixpoint@coq/kernel/nfi/KnowledgeNarrowing.v:68
monograph/monograph.tex	1208	latex_code	shadow\_proj	shadow_proj	nonproof	Definition		Definition@coq/kernel/witness/ShadowProjection.v:52
monograph/monograph.tex	1208	latex_code	shadow\_proj	shadow_proj	nonproof	Definition		Definition@coq/kernel/witness/ShadowProjection.v:52
monograph/monograph.tex	1210	latex_code	HEAP\_LOAD	HEAP_LOAD	nonproof	nonproof_token		excluded_nonproof_token
monograph/monograph.tex	1210	latex_code	HEAP\_STORE	HEAP_STORE	nonproof	nonproof_token		excluded_nonproof_token
monograph/monograph.tex	1210	latex_code	MORPH\_GET	MORPH_GET	nonproof	nonproof_token		excluded_nonproof_token
monograph/monograph.tex	1210	latex_code	TENSOR\_GET	TENSOR_GET	nonproof	nonproof_token		excluded_nonproof_token
monograph/monograph.tex	1210	latex_code	csr\_heap\_base	csr_heap_base	nonproof	nonproof_token		excluded_nonproof_token
monograph/monograph.tex	1210	latex_code	vm\_csrs	vm_csrs	nonproof	nonproof_token		excluded_nonproof_token
monograph/monograph.tex	1210	latex_code	vm\_csrs	vm_csrs	nonproof	nonproof_token		excluded_nonproof_token
monograph/monograph.tex	1210	latex_code	vm\_graph	vm_graph	nonproof	nonproof_token		excluded_nonproof_token
monograph/monograph.tex	1210	latex_code	vm\_graph	vm_graph	nonproof	nonproof_token		excluded_nonproof_token
monograph/monograph.tex	1211	latex_code	shadow\_proj	shadow_proj	nonproof	Definition		Definition@coq/kernel/witness/ShadowProjection.v:52
monograph/monograph.tex	1211	latex_code	shadow\_proj	shadow_proj	nonproof	Definition		Definition@coq/kernel/witness/ShadowProjection.v:52
monograph/monograph.tex	1218	latex_code	thiele\_simulates\_turing	thiele_simulates_turing	proof	Theorem	Kernel.ProperSubsumption.ProperSubsumption.thiele_simulates_turing	unique_suffix
monograph/monograph.tex	1219	latex_code	shadow\_proj	shadow_proj	nonproof	Definition		Definition@coq/kernel/witness/ShadowProjection.v:52
monograph/monograph.tex	1219	latex_code	shadow\_proj\_kernel\_is\_eq\_on\_classical\_shadow	shadow_proj_kernel_is_eq_on_classical_shadow	proof	Theorem	Kernel.TuringClassicalEmbedding.shadow_proj_kernel_is_eq_on_classical_shadow	unique_suffix
monograph/monograph.tex	1220	latex_code	D2\_classical\_shadow\_preserved	D2_classical_shadow_preserved	proof	Theorem	Kernel.TuringClassicalEmbedding.D2_classical_shadow_preserved	unique_suffix
monograph/monograph.tex	1220	latex_code	MORPH\_GET	MORPH_GET	nonproof	nonproof_token		excluded_nonproof_token
monograph/monograph.tex	1220	latex_code	TENSOR\_GET	TENSOR_GET	nonproof	nonproof_token		excluded_nonproof_token
monograph/monograph.tex	1220	latex_code	vm\_csrs	vm_csrs	nonproof	nonproof_token		excluded_nonproof_token
monograph/monograph.tex	1220	latex_code	vm\_graph	vm_graph	nonproof	nonproof_token		excluded_nonproof_token
monograph/monograph.tex	1221	latex_code	pg\_morphisms	pg_morphisms	nonproof	nonproof_token		excluded_nonproof_token
monograph/monograph.tex	1221	latex_code	shadow\_strictly\_lossy	shadow_strictly_lossy	proof	Theorem	Kernel.ShadowProjection.shadow_strictly_lossy	unique_suffix
monograph/monograph.tex	1231	latex_code	TMSnapshot	TMSnapshot	nonproof	Record		Record@coq/kernel/witness/BlindnessRepresentation.v:38
monograph/monograph.tex	1231	latex_code	VMState	VMState	nonproof	Record		Record@coq/ThieleMachineComplete.v:1582;Record@coq/kernel/foundation/VMState.v:1931
monograph/monograph.tex	1231	latex_code	bare\_observable	bare_observable	nonproof	Definition		Definition@coq/kernel/witness/ProjectionNonExistence.v:61
monograph/monograph.tex	1231	latex_code	forget	forget	nonproof	Definition		Definition@coq/kernel/witness/BlindnessRepresentation.v:51
monograph/monograph.tex	1231	latex_code	mem	mem	nonproof	nonproof_token		excluded_nonproof_token
monograph/monograph.tex	1231	latex_code	mem	mem	nonproof	nonproof_token		excluded_nonproof_token
monograph/monograph.tex	1231	latex_code	pc	pc	nonproof	nonproof_token		excluded_nonproof_token
monograph/monograph.tex	1231	latex_code	pc	pc	nonproof	nonproof_token		excluded_nonproof_token
monograph/monograph.tex	1231	latex_code	regs	regs	nonproof	nonproof_token		excluded_nonproof_token
monograph/monograph.tex	1231	latex_code	regs	regs	nonproof	nonproof_token		excluded_nonproof_token
monograph/monograph.tex	1241	latex_code	run\_thiele	run_thiele	nonproof	Fixpoint		Fixpoint@coq/kernel/foundation/KernelThiele.v:51
monograph/monograph.tex	1241	latex_code	run\_tm	run_tm	nonproof	Fixpoint		Fixpoint@coq/kernel/foundation/KernelTM.v:54
monograph/monograph.tex	1241	latex_code	state	state	nonproof	Record		Record@coq/kernel/foundation/Kernel.v:33
monograph/monograph.tex	1241	latex_code	thiele\_simulates\_turing	thiele_simulates_turing	proof	Theorem	Kernel.ProperSubsumption.ProperSubsumption.thiele_simulates_turing	unique_suffix
monograph/monograph.tex	1242	latex_code	abstract\_nfi	abstract_nfi	proof	Theorem	Kernel.AbstractNoFI.abstract_nfi	unique_suffix
monograph/monograph.tex	1242	latex_code	acm\_run	acm_run	nonproof	Fixpoint		Fixpoint@coq/kernel/nfi/AbstractNoFI.v:92
monograph/monograph.tex	1243	latex_code	VMState	VMState	nonproof	Record		Record@coq/ThieleMachineComplete.v:1582;Record@coq/kernel/foundation/VMState.v:1931
monograph/monograph.tex	1243	latex_code	VMState	VMState	nonproof	Record		Record@coq/ThieleMachineComplete.v:1582;Record@coq/kernel/foundation/VMState.v:1931
monograph/monograph.tex	1243	latex_code	vm\_apply	vm_apply	nonproof	Definition		Definition@coq/ThieleMachineComplete.v:3534;Definition@coq/kernel/foundation/SimulationProof.v:262
monograph/monograph.tex	1244	latex_code	SimulationProof	SimulationProof	nonproof	nonproof_token		excluded_nonproof_token
monograph/monograph.tex	1244	latex_code	VMState	VMState	nonproof	Record		Record@coq/ThieleMachineComplete.v:1582;Record@coq/kernel/foundation/VMState.v:1931
monograph/monograph.tex	1244	latex_code	VMState	VMState	nonproof	Record		Record@coq/ThieleMachineComplete.v:1582;Record@coq/kernel/foundation/VMState.v:1931
monograph/monograph.tex	1244	latex_code	run\_vm	run_vm	nonproof	Fixpoint		Fixpoint@coq/ThieleMachineComplete.v:3996;Fixpoint@coq/kernel/foundation/SimulationProof.v:730
monograph/monograph.tex	1244	latex_code	vm\_apply	vm_apply	nonproof	Definition		Definition@coq/ThieleMachineComplete.v:3534;Definition@coq/kernel/foundation/SimulationProof.v:262
monograph/monograph.tex	1244	latex_code	vm\_pc	vm_pc	nonproof	nonproof_token		excluded_nonproof_token
monograph/monograph.tex	1245	latex_code	Some	Some	nonproof	nonproof_token		excluded_nonproof_token
monograph/monograph.tex	1245	latex_code	VMState	VMState	nonproof	Record		Record@coq/ThieleMachineComplete.v:1582;Record@coq/kernel/foundation/VMState.v:1931
monograph/monograph.tex	1245	latex_code	VMState	VMState	nonproof	Record		Record@coq/ThieleMachineComplete.v:1582;Record@coq/kernel/foundation/VMState.v:1931
monograph/monograph.tex	1245	latex_code	run\_vm	run_vm	nonproof	Fixpoint		Fixpoint@coq/ThieleMachineComplete.v:3996;Fixpoint@coq/kernel/foundation/SimulationProof.v:730
monograph/monograph.tex	1245	latex_code	vm\_run	vm_run	nonproof	Definition		Definition@coq/kernel/foundation/VMSubstrateInstance.v:65
monograph/monograph.tex	1246	latex_code	VMState	VMState	nonproof	Record		Record@coq/ThieleMachineComplete.v:1582;Record@coq/kernel/foundation/VMState.v:1931
monograph/monograph.tex	1246	latex_code	VMState	VMState	nonproof	Record		Record@coq/ThieleMachineComplete.v:1582;Record@coq/kernel/foundation/VMState.v:1931
monograph/monograph.tex	1246	latex_code	run\_vm	run_vm	nonproof	Fixpoint		Fixpoint@coq/ThieleMachineComplete.v:3996;Fixpoint@coq/kernel/foundation/SimulationProof.v:730
monograph/monograph.tex	1246	latex_code	vm\_halts\_at	vm_halts_at	nonproof	Definition		Definition@coq/kernel/foundation/VMUnboundedExec.v:45
monograph/monograph.tex	1246	latex_code	vm\_halts\_at\_deterministic	vm_halts_at_deterministic	proof	Lemma	Kernel.VMUnboundedExec.vm_halts_at_deterministic	unique_suffix
monograph/monograph.tex	1247	latex_code	VMState	VMState	nonproof	Record		Record@coq/ThieleMachineComplete.v:1582;Record@coq/kernel/foundation/VMState.v:1931
monograph/monograph.tex	1247	latex_code	VMState	VMState	nonproof	Record		Record@coq/ThieleMachineComplete.v:1582;Record@coq/kernel/foundation/VMState.v:1931
monograph/monograph.tex	1247	latex_code	run\_vm\_u	run_vm_u	nonproof	Fixpoint		Fixpoint@coq/kernel/foundation/VMUnboundedStep.v:541
monograph/monograph.tex	1247	latex_code	vm\_apply\_u	vm_apply_u	nonproof	Definition		Definition@coq/kernel/foundation/VMUnboundedStep.v:86
monograph/monograph.tex	1248	latex_code	CM2ConfigU	CM2ConfigU	nonproof	Record		Record@coq/kernel/foundation/VMUnboundedCM2Interpreter.v:22
monograph/monograph.tex	1248	latex_code	cm2\_run	cm2_run	nonproof	Inductive		Inductive@coq/kernel/foundation/VMUnboundedCM2Interpreter.v:60
monograph/monograph.tex	1248	latex_code	cm2\_step\_instr	cm2_step_instr	nonproof	Definition		Definition@coq/kernel/foundation/VMUnboundedCM2Interpreter.v:44
monograph/monograph.tex	1248	latex_code	mm2\_termination\_guest\_iff	mm2_termination_guest_iff	proof	Theorem	Kernel.VMUnboundedCM2Bridge.mm2_termination_guest_iff	unique_suffix
monograph/monograph.tex	1249	latex_code	VMState	VMState	nonproof	Record		Record@coq/ThieleMachineComplete.v:1582;Record@coq/kernel/foundation/VMState.v:1931
monograph/monograph.tex	1249	latex_code	cm2\_interpreter\_program	cm2_interpreter_program	nonproof	Definition		Definition@coq/kernel/foundation/VMUnboundedCM2Interpreter.v:83
monograph/monograph.tex	1249	latex_code	cm2\_result	cm2_result	nonproof	Definition		Definition@coq/kernel/foundation/VMUnboundedCM2Correctness.v:394
monograph/monograph.tex	1249	latex_code	mm2\_halting\_host\_iff	mm2_halting_host_iff	proof	Theorem	Kernel.VMUnboundedCM2Bridge.mm2_halting_host_iff	unique_suffix
monograph/monograph.tex	1249	latex_code	run\_vm\_u	run_vm_u	nonproof	Fixpoint		Fixpoint@coq/kernel/foundation/VMUnboundedStep.v:541
monograph/monograph.tex	1250	latex_code	GConf	GConf	nonproof	Record		Record@coq/kernel/foundation/VMSelfRun.v:22
monograph/monograph.tex	1250	latex_code	GInstr	GInstr	nonproof	Inductive		Inductive@coq/kernel/foundation/VMSelfGuest.v:42
monograph/monograph.tex	1250	latex_code	g\_run	g_run	nonproof	Fixpoint		Fixpoint@coq/kernel/foundation/VMSelfRun.v:32
monograph/monograph.tex	1250	latex_code	g\_step\_is\_vm\_apply\_u	g_step_is_vm_apply_u	proof	Theorem	Kernel.VMSelfGuest.g_step_is_vm_apply_u	unique_suffix
monograph/monograph.tex	1250	latex_code	self\_interpreter\_correct	self_interpreter_correct	proof	Theorem	Kernel.VMSelfRun.self_interpreter_correct	unique_suffix
monograph/monograph.tex	1250	latex_code	vm\_apply\_u	vm_apply_u	nonproof	Definition		Definition@coq/kernel/foundation/VMUnboundedStep.v:86
monograph/monograph.tex	1251	latex_code	VMState	VMState	nonproof	Record		Record@coq/ThieleMachineComplete.v:1582;Record@coq/kernel/foundation/VMState.v:1931
monograph/monograph.tex	1251	latex_code	run\_vm\_u	run_vm_u	nonproof	Fixpoint		Fixpoint@coq/kernel/foundation/VMUnboundedStep.v:541
monograph/monograph.tex	1251	latex_code	self\_interpreter\_correct	self_interpreter_correct	proof	Theorem	Kernel.VMSelfRun.self_interpreter_correct	unique_suffix
monograph/monograph.tex	1251	latex_code	self\_interpreter\_program	self_interpreter_program	nonproof	Definition		Definition@coq/kernel/foundation/VMSelfProgram.v:47
monograph/monograph.tex	1252	latex_code	KamiSnapshot	KamiSnapshot	nonproof	Record		Record@coq/ThieleMachineComplete.v:8627;Record@coq/kami_hw/Abstraction.v:160
monograph/monograph.tex	1252	latex_code	WFDrivenRun	WFDrivenRun	nonproof	Fixpoint		Fixpoint@coq/kami_hw/GraphReconstructionBridge.v:3955
monograph/monograph.tex	1252	latex_code	driven\_step\_wf	driven_step_wf	proof	Theorem	KamiHW.GraphReconstructionBridge.driven_step_wf	unique_suffix
monograph/monograph.tex	1252	latex_code	driven\_trace\_commutes	driven_trace_commutes	proof	Theorem	KamiHW.GraphReconstructionBridge.driven_trace_commutes	unique_suffix
monograph/monograph.tex	1252	latex_code	kami\_run\_driven	kami_run_driven	nonproof	Fixpoint		Fixpoint@coq/kami_hw/GraphReconstructionBridge.v:3940
monograph/monograph.tex	1252	latex_code	kami\_step	kami_step	nonproof	Definition		Definition@coq/ThieleMachineComplete.v:8779;Definition@coq/kami_hw/Abstraction.v:817
monograph/monograph.tex	1253	latex_code	AdmittedRun	AdmittedRun	nonproof	Inductive		Inductive@coq/kami_hw/TableInvariantsReachable.v:35
monograph/monograph.tex	1253	latex_code	HWB	HWB	nonproof	Record		Record@coq/kami_hw/HWBoundary.v:12
monograph/monograph.tex	1253	latex_code	Retire	Retire	nonproof	Definition		Definition@coq/kami_hw/RetireMaster.v:27
monograph/monograph.tex	1253	latex_code	Runs	Runs	nonproof	Inductive		Inductive@coq/kami_hw/RetireRuns.v:18
monograph/monograph.tex	1253	latex_code	admitted\_run\_progress	admitted_run_progress	proof	Theorem	KamiHW.RetireProgress.admitted_run_progress	unique_suffix
monograph/monograph.tex	1253	latex_code	fsm\_retirement\_refinement	fsm_retirement_refinement	proof	Theorem	KamiHW.TableInvariantsReachable.fsm_retirement_refinement	unique_suffix
monograph/monograph.tex	1253	latex_code	run\_boundary\_rules	run_boundary_rules	nonproof	Fixpoint		Fixpoint@coq/kami_hw/BoundaryRun.v:54
monograph/monograph.tex	1254	latex_code	bare\_observable	bare_observable	nonproof	Definition		Definition@coq/kernel/witness/ProjectionNonExistence.v:61
monograph/monograph.tex	1254	latex_code	mem	mem	nonproof	nonproof_token		excluded_nonproof_token
monograph/monograph.tex	1254	latex_code	mu\_not\_function\_of\_bare\_observable	mu_not_function_of_bare_observable	proof	Theorem	Kernel.ProjectionNonExistence.mu_not_function_of_bare_observable	unique_suffix
monograph/monograph.tex	1254	latex_code	pc	pc	nonproof	nonproof_token		excluded_nonproof_token
monograph/monograph.tex	1254	latex_code	regs	regs	nonproof	nonproof_token		excluded_nonproof_token
monograph/monograph.tex	1255	latex_code	cert\_not\_function\_of\_forget	cert_not_function_of_forget	proof	Theorem	Kernel.ProjectionNonExistence.cert_not_function_of_forget	unique_suffix
monograph/monograph.tex	1255	latex_code	forget	forget	nonproof	Definition		Definition@coq/kernel/witness/BlindnessRepresentation.v:51
monograph/monograph.tex	1255	latex_code	mem	mem	nonproof	nonproof_token		excluded_nonproof_token
monograph/monograph.tex	1255	latex_code	pc	pc	nonproof	nonproof_token		excluded_nonproof_token
monograph/monograph.tex	1255	latex_code	regs	regs	nonproof	nonproof_token		excluded_nonproof_token
monograph/monograph.tex	1256	latex_code	certified	certified	nonproof	nonproof_token		excluded_nonproof_token
monograph/monograph.tex	1256	latex_code	err	err	nonproof	nonproof_token		excluded_nonproof_token
monograph/monograph.tex	1256	latex_code	mem	mem	nonproof	nonproof_token		excluded_nonproof_token
monograph/monograph.tex	1256	latex_code	pc	pc	nonproof	nonproof_token		excluded_nonproof_token
monograph/monograph.tex	1256	latex_code	regs	regs	nonproof	nonproof_token		excluded_nonproof_token
monograph/monograph.tex	1256	latex_code	shadow\_proj	shadow_proj	nonproof	Definition		Definition@coq/kernel/witness/ShadowProjection.v:52
monograph/monograph.tex	1256	latex_code	shadow\_strictly\_lossy	shadow_strictly_lossy	proof	Theorem	Kernel.ShadowProjection.shadow_strictly_lossy	unique_suffix
monograph/monograph.tex	1263	latex_code	thiele\_simulates\_turing	thiele_simulates_turing	proof	Theorem	Kernel.ProperSubsumption.ProperSubsumption.thiele_simulates_turing	unique_suffix
monograph/monograph.tex	1269	latex_code	forget	forget	nonproof	Definition		Definition@coq/kernel/witness/BlindnessRepresentation.v:51
monograph/monograph.tex	1269	latex_code	mem	mem	nonproof	nonproof_token		excluded_nonproof_token
monograph/monograph.tex	1269	latex_code	pc	pc	nonproof	nonproof_token		excluded_nonproof_token
monograph/monograph.tex	1269	latex_code	regs	regs	nonproof	nonproof_token		excluded_nonproof_token
monograph/monograph.tex	1269	latex_code	vm\_certified	vm_certified	nonproof	nonproof_token		excluded_nonproof_token
monograph/monograph.tex	1272	latex_code	cert\_not\_function\_of\_forget	cert_not_function_of_forget	proof	Theorem	Kernel.ProjectionNonExistence.cert_not_function_of_forget	unique_suffix
monograph/monograph.tex	1273	latex_code	TMSnapshot	TMSnapshot	nonproof	Record		Record@coq/kernel/witness/BlindnessRepresentation.v:38
monograph/monograph.tex	1273	latex_code	bool	bool	nonproof	nonproof_token		excluded_nonproof_token
monograph/monograph.tex	1275	latex_code	forget	forget	nonproof	Definition		Definition@coq/kernel/witness/BlindnessRepresentation.v:51
monograph/monograph.tex	1275	latex_code	vm\_certified	vm_certified	nonproof	nonproof_token		excluded_nonproof_token
monograph/monograph.tex	1280	latex_code	false	false	nonproof	nonproof_token		excluded_nonproof_token
monograph/monograph.tex	1280	latex_code	forget	forget	nonproof	Definition		Definition@coq/kernel/witness/BlindnessRepresentation.v:51
monograph/monograph.tex	1280	latex_code	forget	forget	nonproof	Definition		Definition@coq/kernel/witness/BlindnessRepresentation.v:51
monograph/monograph.tex	1280	latex_code	forget	forget	nonproof	Definition		Definition@coq/kernel/witness/BlindnessRepresentation.v:51
monograph/monograph.tex	1280	latex_code	forget\_witness\_uncert	forget_witness_uncert	nonproof	Definition		Definition@coq/kernel/witness/BlindnessRepresentation.v:143
monograph/monograph.tex	1280	latex_code	forget\_witness\_uncert	forget_witness_uncert	nonproof	Definition		Definition@coq/kernel/witness/BlindnessRepresentation.v:143
monograph/monograph.tex	1280	latex_code	trace\_witness\_A	trace_witness_A	nonproof	Definition		Definition@coq/kernel/witness/ThieleTraceProjection.v:128
monograph/monograph.tex	1280	latex_code	trace\_witness\_A	trace_witness_A	nonproof	Definition		Definition@coq/kernel/witness/ThieleTraceProjection.v:128
monograph/monograph.tex	1280	latex_code	true	true	nonproof	nonproof_token		excluded_nonproof_token
monograph/monograph.tex	1284	latex_code	mem	mem	nonproof	nonproof_token		excluded_nonproof_token
monograph/monograph.tex	1284	latex_code	pc	pc	nonproof	nonproof_token		excluded_nonproof_token
monograph/monograph.tex	1284	latex_code	regs	regs	nonproof	nonproof_token		excluded_nonproof_token
monograph/monograph.tex	1287	latex_code	mu\_not\_function\_of\_bare\_observable	mu_not_function_of_bare_observable	proof	Theorem	Kernel.ProjectionNonExistence.mu_not_function_of_bare_observable	unique_suffix
monograph/monograph.tex	1288	latex_code	BareTMObservable	BareTMObservable	nonproof	Record		Record@coq/kernel/witness/ProjectionNonExistence.v:55
monograph/monograph.tex	1288	latex_code	nat	nat	nonproof	nonproof_token		excluded_nonproof_token
monograph/monograph.tex	1290	latex_code	bare\_observable	bare_observable	nonproof	Definition		Definition@coq/kernel/witness/ProjectionNonExistence.v:61
monograph/monograph.tex	1290	latex_code	vm\_mu	vm_mu	nonproof	nonproof_token		excluded_nonproof_token
monograph/monograph.tex	1295	latex_code	mu\_separation\_witness\_one	mu_separation_witness_one	nonproof	Definition		Definition@coq/kernel/witness/ProjectionNonExistence.v:81
monograph/monograph.tex	1295	latex_code	mu\_separation\_witness\_zero	mu_separation_witness_zero	nonproof	Definition		Definition@coq/kernel/witness/ProjectionNonExistence.v:67
monograph/monograph.tex	1299	latex_code	csr\_cert\_addr	csr_cert_addr	nonproof	nonproof_token		excluded_nonproof_token
monograph/monograph.tex	1299	latex_code	forget	forget	nonproof	Definition		Definition@coq/kernel/witness/BlindnessRepresentation.v:51
monograph/monograph.tex	1302	latex_code	cert\_addr\_not\_function\_of\_forget	cert_addr_not_function_of_forget	proof	Theorem	Kernel.ProjectionNonExistence.cert_addr_not_function_of_forget	unique_suffix
monograph/monograph.tex	1303	latex_code	TMSnapshot	TMSnapshot	nonproof	Record		Record@coq/kernel/witness/BlindnessRepresentation.v:38
monograph/monograph.tex	1303	latex_code	nat	nat	nonproof	nonproof_token		excluded_nonproof_token
monograph/monograph.tex	1305	latex_code	csr\_cert\_addr	csr_cert_addr	nonproof	nonproof_token		excluded_nonproof_token
monograph/monograph.tex	1305	latex_code	forget	forget	nonproof	Definition		Definition@coq/kernel/witness/BlindnessRepresentation.v:51
monograph/monograph.tex	1305	latex_code	vm\_csrs	vm_csrs	nonproof	nonproof_token		excluded_nonproof_token
monograph/monograph.tex	1310	latex_code	cert\_addr\_witness\_one	cert_addr_witness_one	nonproof	Definition		Definition@coq/kernel/witness/ProjectionNonExistence.v:122
monograph/monograph.tex	1310	latex_code	cert\_addr\_witness\_zero	cert_addr_witness_zero	nonproof	Definition		Definition@coq/kernel/witness/ProjectionNonExistence.v:105
monograph/monograph.tex	1310	latex_code	csr\_cert\_addr	csr_cert_addr	nonproof	nonproof_token		excluded_nonproof_token
monograph/monograph.tex	1310	latex_code	forget	forget	nonproof	Definition		Definition@coq/kernel/witness/BlindnessRepresentation.v:51
monograph/monograph.tex	1318	latex_code	CertificationSystem	CertificationSystem	nonproof	Record		Record@coq/kernel/nfi/UniversalCertificationCost.v:30
monograph/monograph.tex	1318	latex_code	TMSnapshot	TMSnapshot	nonproof	Record		Record@coq/kernel/witness/BlindnessRepresentation.v:38
monograph/monograph.tex	1318	latex_code	cs\_cert\_costs	cs_cert_costs	nonproof	nonproof_token		excluded_nonproof_token
monograph/monograph.tex	1318	latex_code	false	false	nonproof	nonproof_token		excluded_nonproof_token
monograph/monograph.tex	1318	latex_code	no\_classical\_a2\_cert\_predicate	no_classical_a2_cert_predicate	proof	Corollary	Kernel.ProjectionNonExistence.no_classical_a2_cert_predicate	unique_suffix
monograph/monograph.tex	1318	latex_code	true	true	nonproof	nonproof_token		excluded_nonproof_token
monograph/monograph.tex	1318	latex_code	vm\_certified	vm_certified	nonproof	nonproof_token		excluded_nonproof_token
monograph/monograph.tex	1320	latex_code	mem	mem	nonproof	nonproof_token		excluded_nonproof_token
monograph/monograph.tex	1320	latex_code	mu\_separation\_witness\_one	mu_separation_witness_one	nonproof	Definition		Definition@coq/kernel/witness/ProjectionNonExistence.v:81
monograph/monograph.tex	1320	latex_code	mu\_separation\_witness\_zero	mu_separation_witness_zero	nonproof	Definition		Definition@coq/kernel/witness/ProjectionNonExistence.v:67
monograph/monograph.tex	1320	latex_code	no\_classical\_mu\_separation\_predicate	no_classical_mu_separation_predicate	proof	Corollary	Kernel.ProjectionNonExistence.no_classical_mu_separation_predicate	unique_suffix
monograph/monograph.tex	1320	latex_code	pc	pc	nonproof	nonproof_token		excluded_nonproof_token
monograph/monograph.tex	1320	latex_code	regs	regs	nonproof	nonproof_token		excluded_nonproof_token
monograph/monograph.tex	1322	latex_code	forget	forget	nonproof	Definition		Definition@coq/kernel/witness/BlindnessRepresentation.v:51
monograph/monograph.tex	1322	latex_code	no\_classical\_cert\_addr\_predicate	no_classical_cert_addr_predicate	proof	Corollary	Kernel.ProjectionNonExistence.no_classical_cert_addr_predicate	unique_suffix
monograph/monograph.tex	1327	latex_code	fiber\_has\_two\_preimages	fiber_has_two_preimages	proof	Theorem	Kernel.BlindnessRepresentation.fiber_has_two_preimages	unique_suffix
monograph/monograph.tex	1329	latex_code	decoding\_requires\_fiber\_constancy	decoding_requires_fiber_constancy	proof	Theorem	Kernel.ObservationPolicy.decoding_requires_fiber_constancy	unique_suffix
monograph/monograph.tex	1333	latex_code	CertCostMachine	CertCostMachine	nonproof	Record		Record@coq/kernel/nfi/UniversalCertificationCost.v:336
monograph/monograph.tex	1333	latex_code	thiele\_is\_initial\_a2\_substrate	thiele_is_initial_a2_substrate	nonproof	Definition		Definition@coq/kernel/nfi/ThieleInitiality.v:88
monograph/monograph.tex	1333	latex_code	thiele\_trace\_fold\_initial	thiele_trace_fold_initial	proof	Theorem	Kernel.ThieleInitiality.thiele_trace_fold_initial	unique_suffix
monograph/monograph.tex	1335	latex_code	thiele\_morphism\_unique\_on\_reachable	thiele_morphism_unique_on_reachable	proof	Corollary	Kernel.ThieleInitiality.thiele_morphism_unique_on_reachable	unique_suffix
monograph/monograph.tex	1337	latex_code	reachable\_simulation\_exists\_iff	reachable_simulation_exists_iff	proof	Theorem	Kernel.TraceStateDescent.reachable_simulation_exists_iff	unique_suffix
monograph/monograph.tex	1337	latex_code	trace\_descent\_unique\_value\_iff	trace_descent_unique_value_iff	proof	Theorem	Kernel.TraceStateDescent.trace_descent_unique_value_iff	unique_suffix
monograph/monograph.tex	1339	latex_code	JUMP 0 0	JUMP	nonproof	nonproof_token		excluded_nonproof_token
monograph/monograph.tex	1339	latex_code	certification\_agreement\_does\_not\_imply\_descent	certification_agreement_does_not_imply_descent	proof	Theorem	Kernel.TraceStateDescent.certification_agreement_does_not_imply_descent	unique_suffix
monograph/monograph.tex	1346	latex_code	StrictClassicalState	StrictClassicalState	nonproof	Record		Record@coq/NecessityOfMuLedger.v:75;Record@coq/ThieleMachineComplete.v:4247
monograph/monograph.tex	1346	latex_code	csr\_cert\_addr	csr_cert_addr	nonproof	nonproof_token		excluded_nonproof_token
monograph/monograph.tex	1346	latex_code	vm\_certified	vm_certified	nonproof	nonproof_token		excluded_nonproof_token
monograph/monograph.tex	1354	latex_code	bare\_setting\_no\_sound\_complete\_verifier	bare_setting_no_sound_complete_verifier	proof	Theorem	VerifierImpossibility.bare_setting_no_sound_complete_verifier	unique_suffix
monograph/monograph.tex	1355	latex_code	bool	bool	nonproof	nonproof_token		excluded_nonproof_token
monograph/monograph.tex	1355	latex_code	list StrictClassicalState	StrictClassicalState	nonproof	Record		Record@coq/NecessityOfMuLedger.v:75;Record@coq/ThieleMachineComplete.v:4247
monograph/monograph.tex	1355	latex_code	list StrictClassicalState	list	nonproof	nonproof_token		excluded_nonproof_token
monograph/monograph.tex	1355	latex_code	vm\_mu	vm_mu	nonproof	nonproof_token		excluded_nonproof_token
monograph/monograph.tex	1359	latex_code	CERTIFY 0	CERTIFY	nonproof	nonproof_token		excluded_nonproof_token
monograph/monograph.tex	1359	latex_code	PNEW [] 0	PNEW	nonproof	nonproof_token		excluded_nonproof_token
monograph/monograph.tex	1359	latex_code	ReceiptTheorem	ReceiptTheorem	proof	Theorem	ReceiptTheorem.ReceiptTheorem	unique_suffix
monograph/monograph.tex	1359	latex_code	po1\_state\_A	po1_state_A	nonproof	Definition		Definition@coq/NecessityOfMuLedger.v:299;Definition@coq/ThieleMachineComplete.v:4401
monograph/monograph.tex	1359	latex_code	po1\_state\_B	po1_state_B	nonproof	Definition		Definition@coq/NecessityOfMuLedger.v:306;Definition@coq/ThieleMachineComplete.v:4404
monograph/monograph.tex	1367	latex_code	Nat.eqb (last t).vm\_mu 1	Nat.eqb	nonproof	nonproof_token		excluded_nonproof_token
monograph/monograph.tex	1367	latex_code	Nat.eqb (last t).vm\_mu 1	last	nonproof	nonproof_token		excluded_nonproof_token
monograph/monograph.tex	1367	latex_code	Nat.eqb (last t).vm\_mu 1	t	nonproof	nonproof_token		excluded_nonproof_token
monograph/monograph.tex	1367	latex_code	VMState	VMState	nonproof	Record		Record@coq/ThieleMachineComplete.v:1582;Record@coq/kernel/foundation/VMState.v:1931
monograph/monograph.tex	1367	latex_code	substrate\_escape\_succeeds	substrate_escape_succeeds	proof	Theorem	VerifierEscape_Substrate.substrate_escape_succeeds	unique_suffix
monograph/monograph.tex	1367	latex_code	vm\_mu	vm_mu	nonproof	nonproof_token		excluded_nonproof_token
monograph/monograph.tex	1369	latex_code	CommitmentBitContract	CommitmentBitContract	nonproof	Record		Record@coq/VerifierEscape_Hardness.v:70
monograph/monograph.tex	1369	latex_code	commitment\_contract\_verifier	commitment_contract_verifier	proof	Theorem	VerifierEscape_Hardness.commitment_contract_verifier	unique_suffix
monograph/monograph.tex	1369	latex_code	honest\_commitments\_satisfy\_contract	honest_commitments_satisfy_contract	proof	Theorem	VerifierEscape_Hardness.honest_commitments_satisfy_contract	unique_suffix
monograph/monograph.tex	1369	latex_code	unchecked\_bit\_violates\_contract	unchecked_bit_violates_contract	proof	Theorem	VerifierEscape_Hardness.unchecked_bit_violates_contract	unique_suffix
monograph/monograph.tex	1371	latex_code	interactive\_escape\_succeeds	interactive_escape_succeeds	proof	Theorem	VerifierEscape_Interaction.interactive_escape_succeeds	unique_suffix
monograph/monograph.tex	1380	latex_code	V\_does\_not\_factor\_through\_classical	V_does_not_factor_through_classical	proof	Theorem	VerifierExhaustiveness.V_does_not_factor_through_classical	unique_suffix
monograph/monograph.tex	1381	latex_code	VMState	VMState	nonproof	Record		Record@coq/ThieleMachineComplete.v:1582;Record@coq/kernel/foundation/VMState.v:1931
monograph/monograph.tex	1381	latex_code	bool	bool	nonproof	nonproof_token		excluded_nonproof_token
monograph/monograph.tex	1381	latex_code	list StrictClassicalState	StrictClassicalState	nonproof	Record		Record@coq/NecessityOfMuLedger.v:75;Record@coq/ThieleMachineComplete.v:4247
monograph/monograph.tex	1381	latex_code	list StrictClassicalState	list	nonproof	nonproof_token		excluded_nonproof_token
monograph/monograph.tex	1381	latex_code	vm\_mu	vm_mu	nonproof	nonproof_token		excluded_nonproof_token
monograph/monograph.tex	1381	latex_code	vm\_mu	vm_mu	nonproof	nonproof_token		excluded_nonproof_token
monograph/monograph.tex	1381	latex_code	vm\_mu	vm_mu	nonproof	nonproof_token		excluded_nonproof_token
monograph/monograph.tex	1381	latex_code	vm\_mu	vm_mu	nonproof	nonproof_token		excluded_nonproof_token
monograph/monograph.tex	1385	latex_code	bool	bool	nonproof	nonproof_token		excluded_nonproof_token
monograph/monograph.tex	1385	latex_code	false	false	nonproof	nonproof_token		excluded_nonproof_token
monograph/monograph.tex	1385	latex_code	list StrictClassicalState	StrictClassicalState	nonproof	Record		Record@coq/NecessityOfMuLedger.v:75;Record@coq/ThieleMachineComplete.v:4247
monograph/monograph.tex	1385	latex_code	list StrictClassicalState	list	nonproof	nonproof_token		excluded_nonproof_token
monograph/monograph.tex	1385	latex_code	true	true	nonproof	nonproof_token		excluded_nonproof_token
monograph/monograph.tex	1385	latex_code	vm\_mu	vm_mu	nonproof	nonproof_token		excluded_nonproof_token
monograph/monograph.tex	1385	latex_code	vm\_mu	vm_mu	nonproof	nonproof_token		excluded_nonproof_token
monograph/monograph.tex	1419	latex_code	CERTIFY	CERTIFY	nonproof	nonproof_token		excluded_nonproof_token
monograph/monograph.tex	1442	latex_code	LASSERT	LASSERT	nonproof	nonproof_token		excluded_nonproof_token
monograph/monograph.tex	1462	latex_code	list VMState	VMState	nonproof	Record		Record@coq/ThieleMachineComplete.v:1582;Record@coq/kernel/foundation/VMState.v:1931
monograph/monograph.tex	1462	latex_code	list VMState	list	nonproof	nonproof_token		excluded_nonproof_token
monograph/monograph.tex	1478	latex_code	csr\_cert\_addr	csr_cert_addr	nonproof	nonproof_token		excluded_nonproof_token
monograph/monograph.tex	1478	latex_code	csr\_cert\_addr	csr_cert_addr	nonproof	nonproof_token		excluded_nonproof_token
monograph/monograph.tex	1478	latex_code	csr\_cert\_addr	csr_cert_addr	nonproof	nonproof_token		excluded_nonproof_token
monograph/monograph.tex	1478	latex_code	csr\_cert\_addr	csr_cert_addr	nonproof	nonproof_token		excluded_nonproof_token
monograph/monograph.tex	1478	latex_code	vm\_apply	vm_apply	nonproof	Definition		Definition@coq/ThieleMachineComplete.v:3534;Definition@coq/kernel/foundation/SimulationProof.v:262
monograph/monograph.tex	1478	latex_code	vm\_csrs	vm_csrs	nonproof	nonproof_token		excluded_nonproof_token
monograph/monograph.tex	1478	latex_code	vm\_csrs	vm_csrs	nonproof	nonproof_token		excluded_nonproof_token
monograph/monograph.tex	1481	latex_code	has\_supra\_cert	has_supra_cert	nonproof	Definition		Definition@coq/ThieleMachineComplete.v:5231;Definition@coq/kernel/nfi/RevelationRequirement.v:98;Definition@coq/kernel/quantum/QuantumBound.v:53
monograph/monograph.tex	1482	latex_code	csr\_cert\_addr	csr_cert_addr	nonproof	nonproof_token		excluded_nonproof_token
monograph/monograph.tex	1482	latex_code	csr\_cert\_addr	csr_cert_addr	nonproof	nonproof_token		excluded_nonproof_token
monograph/monograph.tex	1482	latex_code	has\_supra\_cert	has_supra_cert	nonproof	Definition		Definition@coq/ThieleMachineComplete.v:5231;Definition@coq/kernel/nfi/RevelationRequirement.v:98;Definition@coq/kernel/quantum/QuantumBound.v:53
monograph/monograph.tex	1482	latex_code	vm\_certified	vm_certified	nonproof	nonproof_token		excluded_nonproof_token
monograph/monograph.tex	1482	latex_code	vm\_certified = true	true	nonproof	nonproof_token		excluded_nonproof_token
monograph/monograph.tex	1482	latex_code	vm\_certified = true	vm_certified	nonproof	nonproof_token		excluded_nonproof_token
monograph/monograph.tex	1486	latex_code	cert\_setter\_executions	cert_setter_executions	nonproof	Fixpoint		Fixpoint@coq/kernel/mu_calculus/MuShannonBridge.v:186
monograph/monograph.tex	1497	latex_code	shadow\_proj	shadow_proj	nonproof	Definition		Definition@coq/kernel/witness/ShadowProjection.v:52
monograph/monograph.tex	1497	latex_code	vm\_certified	vm_certified	nonproof	nonproof_token		excluded_nonproof_token
monograph/monograph.tex	1501	latex_code	pg\_morphisms	pg_morphisms	nonproof	nonproof_token		excluded_nonproof_token
monograph/monograph.tex	1501	latex_code	pg\_morphisms	pg_morphisms	nonproof	nonproof_token		excluded_nonproof_token
monograph/monograph.tex	1501	latex_code	shadow\_proj	shadow_proj	nonproof	Definition		Definition@coq/kernel/witness/ShadowProjection.v:52
monograph/monograph.tex	1501	latex_code	vm\_certified	vm_certified	nonproof	nonproof_token		excluded_nonproof_token
monograph/monograph.tex	1501	latex_code	vm\_err	vm_err	nonproof	nonproof_token		excluded_nonproof_token
monograph/monograph.tex	1501	latex_code	vm\_mem	vm_mem	nonproof	nonproof_token		excluded_nonproof_token
monograph/monograph.tex	1501	latex_code	vm\_mu	vm_mu	nonproof	nonproof_token		excluded_nonproof_token
monograph/monograph.tex	1501	latex_code	vm\_pc	vm_pc	nonproof	nonproof_token		excluded_nonproof_token
monograph/monograph.tex	1501	latex_code	vm\_regs	vm_regs	nonproof	nonproof_token		excluded_nonproof_token
monograph/monograph.tex	1507	latex_code	JUMP	JUMP	nonproof	nonproof_token		excluded_nonproof_token
monograph/monograph.tex	1507	latex_code	JUMP	JUMP	nonproof	nonproof_token		excluded_nonproof_token
monograph/monograph.tex	1507	latex_code	PNEW	PNEW	nonproof	nonproof_token		excluded_nonproof_token
monograph/monograph.tex	1511	latex_code	vm\_graph	vm_graph	nonproof	nonproof_token		excluded_nonproof_token
monograph/monograph.tex	1512	latex_code	mem	mem	nonproof	nonproof_token		excluded_nonproof_token
monograph/monograph.tex	1512	latex_code	pc	pc	nonproof	nonproof_token		excluded_nonproof_token
monograph/monograph.tex	1512	latex_code	regs	regs	nonproof	nonproof_token		excluded_nonproof_token
monograph/monograph.tex	1512	latex_code	vm\_graph	vm_graph	nonproof	nonproof_token		excluded_nonproof_token
monograph/monograph.tex	1513	latex_code	certified	certified	nonproof	nonproof_token		excluded_nonproof_token
monograph/monograph.tex	1513	latex_code	mem	mem	nonproof	nonproof_token		excluded_nonproof_token
monograph/monograph.tex	1513	latex_code	pc	pc	nonproof	nonproof_token		excluded_nonproof_token
monograph/monograph.tex	1513	latex_code	regs	regs	nonproof	nonproof_token		excluded_nonproof_token
monograph/monograph.tex	1513	latex_code	vm\_graph	vm_graph	nonproof	nonproof_token		excluded_nonproof_token
monograph/monograph.tex	1514	latex_code	certified	certified	nonproof	nonproof_token		excluded_nonproof_token
monograph/monograph.tex	1514	latex_code	mem	mem	nonproof	nonproof_token		excluded_nonproof_token
monograph/monograph.tex	1514	latex_code	pc	pc	nonproof	nonproof_token		excluded_nonproof_token
monograph/monograph.tex	1514	latex_code	regs	regs	nonproof	nonproof_token		excluded_nonproof_token
monograph/monograph.tex	1514	latex_code	vm\_graph	vm_graph	nonproof	nonproof_token		excluded_nonproof_token
monograph/monograph.tex	1515	latex_code	certified	certified	nonproof	nonproof_token		excluded_nonproof_token
monograph/monograph.tex	1515	latex_code	mem	mem	nonproof	nonproof_token		excluded_nonproof_token
monograph/monograph.tex	1515	latex_code	pc	pc	nonproof	nonproof_token		excluded_nonproof_token
monograph/monograph.tex	1515	latex_code	regs	regs	nonproof	nonproof_token		excluded_nonproof_token
monograph/monograph.tex	1515	latex_code	vm\_graph	vm_graph	nonproof	nonproof_token		excluded_nonproof_token
monograph/monograph.tex	1516	latex_code	certified	certified	nonproof	nonproof_token		excluded_nonproof_token
monograph/monograph.tex	1516	latex_code	mem	mem	nonproof	nonproof_token		excluded_nonproof_token
monograph/monograph.tex	1516	latex_code	pc	pc	nonproof	nonproof_token		excluded_nonproof_token
monograph/monograph.tex	1516	latex_code	regs	regs	nonproof	nonproof_token		excluded_nonproof_token
monograph/monograph.tex	1516	latex_code	vm\_graph	vm_graph	nonproof	nonproof_token		excluded_nonproof_token
monograph/monograph.tex	1517	latex_code	vm\_certified	vm_certified	nonproof	nonproof_token		excluded_nonproof_token
monograph/monograph.tex	1517	latex_code	vm\_graph	vm_graph	nonproof	nonproof_token		excluded_nonproof_token
monograph/monograph.tex	1523	latex_code	certified	certified	nonproof	nonproof_token		excluded_nonproof_token
monograph/monograph.tex	1523	latex_code	mem	mem	nonproof	nonproof_token		excluded_nonproof_token
monograph/monograph.tex	1523	latex_code	pc	pc	nonproof	nonproof_token		excluded_nonproof_token
monograph/monograph.tex	1523	latex_code	pg\_morphisms	pg_morphisms	nonproof	nonproof_token		excluded_nonproof_token
monograph/monograph.tex	1523	latex_code	pg\_morphisms	pg_morphisms	nonproof	nonproof_token		excluded_nonproof_token
monograph/monograph.tex	1523	latex_code	regs	regs	nonproof	nonproof_token		excluded_nonproof_token
monograph/monograph.tex	1523	latex_code	vm\_graph	vm_graph	nonproof	nonproof_token		excluded_nonproof_token
monograph/monograph.tex	1525	latex_code	CERTIFY	CERTIFY	nonproof	nonproof_token		excluded_nonproof_token
monograph/monograph.tex	1525	latex_code	FullStrictShadow	FullStrictShadow	nonproof	Record		Record@coq/ThieleMachineComplete.v:4902
monograph/monograph.tex	1525	latex_code	JUMP	JUMP	nonproof	nonproof_token		excluded_nonproof_token
monograph/monograph.tex	1525	latex_code	PNEW	PNEW	nonproof	nonproof_token		excluded_nonproof_token
monograph/monograph.tex	1525	latex_code	PNEW	PNEW	nonproof	nonproof_token		excluded_nonproof_token
monograph/monograph.tex	1525	latex_code	abs\_A\_strict	abs_A_strict	nonproof	Definition		Definition@coq/ThieleMachineComplete.v:4704;Definition@coq/kernel/nfi/NecessityAbstract.v:264
monograph/monograph.tex	1525	latex_code	abs\_B\_strict\_g	abs_B_strict_g	nonproof	Definition		Definition@coq/ThieleMachineComplete.v:4894
monograph/monograph.tex	1525	latex_code	certified	certified	nonproof	nonproof_token		excluded_nonproof_token
monograph/monograph.tex	1525	latex_code	certified	certified	nonproof	nonproof_token		excluded_nonproof_token
monograph/monograph.tex	1525	latex_code	jump\_state	jump_state	nonproof	Definition		Definition@coq/ThieleMachineComplete.v:3481;Definition@coq/kernel/foundation/VMStep.v:515
monograph/monograph.tex	1525	latex_code	mem	mem	nonproof	nonproof_token		excluded_nonproof_token
monograph/monograph.tex	1525	latex_code	pc	pc	nonproof	nonproof_token		excluded_nonproof_token
monograph/monograph.tex	1525	latex_code	regs	regs	nonproof	nonproof_token		excluded_nonproof_token
monograph/monograph.tex	1525	latex_code	vm\_graph	vm_graph	nonproof	nonproof_token		excluded_nonproof_token
monograph/monograph.tex	1525	latex_code	vm\_graph	vm_graph	nonproof	nonproof_token		excluded_nonproof_token
monograph/monograph.tex	1525	latex_code	vm\_graph	vm_graph	nonproof	nonproof_token		excluded_nonproof_token
monograph/monograph.tex	1525	latex_code	vm\_mem	vm_mem	nonproof	nonproof_token		excluded_nonproof_token
monograph/monograph.tex	1525	latex_code	vm\_pc	vm_pc	nonproof	nonproof_token		excluded_nonproof_token
monograph/monograph.tex	1525	latex_code	vm\_regs	vm_regs	nonproof	nonproof_token		excluded_nonproof_token
monograph/monograph.tex	1527	latex_code	CERTIFY	CERTIFY	nonproof	nonproof_token		excluded_nonproof_token
monograph/monograph.tex	1527	latex_code	FullCostShadow	FullCostShadow	nonproof	Record		Record@coq/ThieleMachineComplete.v:4946
monograph/monograph.tex	1527	latex_code	JUMP	JUMP	nonproof	nonproof_token		excluded_nonproof_token
monograph/monograph.tex	1527	latex_code	abs\_A\_cost	abs_A_cost	nonproof	Definition		Definition@coq/ThieleMachineComplete.v:4781;Definition@coq/kernel/nfi/NecessityAbstract.v:370
monograph/monograph.tex	1527	latex_code	abs\_B\_cost\_g	abs_B_cost_g	nonproof	Definition		Definition@coq/ThieleMachineComplete.v:4941
monograph/monograph.tex	1527	latex_code	certified	certified	nonproof	nonproof_token		excluded_nonproof_token
monograph/monograph.tex	1527	latex_code	mem	mem	nonproof	nonproof_token		excluded_nonproof_token
monograph/monograph.tex	1527	latex_code	pc	pc	nonproof	nonproof_token		excluded_nonproof_token
monograph/monograph.tex	1527	latex_code	regs	regs	nonproof	nonproof_token		excluded_nonproof_token
monograph/monograph.tex	1527	latex_code	vm\_certified	vm_certified	nonproof	nonproof_token		excluded_nonproof_token
monograph/monograph.tex	1527	latex_code	vm\_graph	vm_graph	nonproof	nonproof_token		excluded_nonproof_token
monograph/monograph.tex	1529	latex_code	CERTIFY	CERTIFY	nonproof	nonproof_token		excluded_nonproof_token
monograph/monograph.tex	1529	latex_code	CERTIFY	CERTIFY	nonproof	nonproof_token		excluded_nonproof_token
monograph/monograph.tex	1529	latex_code	CERTIFY	CERTIFY	nonproof	nonproof_token		excluded_nonproof_token
monograph/monograph.tex	1529	latex_code	FullCertShadow	FullCertShadow	nonproof	Record		Record@coq/ThieleMachineComplete.v:4983
monograph/monograph.tex	1529	latex_code	abs\_A\_cert	abs_A_cert	nonproof	Definition		Definition@coq/ThieleMachineComplete.v:4827;Definition@coq/kernel/nfi/NecessityAbstract.v:443
monograph/monograph.tex	1529	latex_code	abs\_B\_cert	abs_B_cert	nonproof	Definition		Definition@coq/ThieleMachineComplete.v:4828;Definition@coq/kernel/nfi/NecessityAbstract.v:444
monograph/monograph.tex	1529	latex_code	certified	certified	nonproof	nonproof_token		excluded_nonproof_token
monograph/monograph.tex	1529	latex_code	mem	mem	nonproof	nonproof_token		excluded_nonproof_token
monograph/monograph.tex	1529	latex_code	pc	pc	nonproof	nonproof_token		excluded_nonproof_token
monograph/monograph.tex	1529	latex_code	regs	regs	nonproof	nonproof_token		excluded_nonproof_token
monograph/monograph.tex	1529	latex_code	vm\_graph	vm_graph	nonproof	nonproof_token		excluded_nonproof_token
monograph/monograph.tex	1529	latex_code	vm\_graph	vm_graph	nonproof	nonproof_token		excluded_nonproof_token
monograph/monograph.tex	1541	latex_code	canonical\_cost	canonical_cost	nonproof	Definition		Definition@coq/ThieleMachineComplete.v:5536;Definition@coq/kernel/mu_calculus/MuInitiality.v:161
monograph/monograph.tex	1541	latex_code	vm\_apply	vm_apply	nonproof	Definition		Definition@coq/ThieleMachineComplete.v:3534;Definition@coq/kernel/foundation/SimulationProof.v:262
monograph/monograph.tex	1543	latex_code	instruction\_cost	instruction_cost	nonproof	Definition		Definition@coq/ThieleMachineComplete.v:2319;Definition@coq/kernel/foundation/VMStep.v:231
monograph/monograph.tex	1545	latex_code	canonical\_cost	canonical_cost	nonproof	Definition		Definition@coq/ThieleMachineComplete.v:5536;Definition@coq/kernel/mu_calculus/MuInitiality.v:161
monograph/monograph.tex	1545	latex_code	canonical\_cost	canonical_cost	nonproof	Definition		Definition@coq/ThieleMachineComplete.v:5536;Definition@coq/kernel/mu_calculus/MuInitiality.v:161
monograph/monograph.tex	1545	latex_code	canonical\_cost	canonical_cost	nonproof	Definition		Definition@coq/ThieleMachineComplete.v:5536;Definition@coq/kernel/mu_calculus/MuInitiality.v:161
monograph/monograph.tex	1545	latex_code	init\_state	init_state	nonproof	Definition		Definition@coq/ThieleMachineComplete.v:5464;Definition@coq/kernel/mu_calculus/MuInitiality.v:34
monograph/monograph.tex	1545	latex_code	instruction\_consistent\_measure\_equals\_mu	instruction_consistent_measure_equals_mu	proof	Theorem	Kernel.MuInitiality.instruction_consistent_measure_equals_mu	explicit_binding
monograph/monograph.tex	1545	latex_code	instruction\_cost	instruction_cost	nonproof	Definition		Definition@coq/ThieleMachineComplete.v:2319;Definition@coq/kernel/foundation/VMStep.v:231
monograph/monograph.tex	1545	latex_code	vm\_mu	vm_mu	nonproof	nonproof_token		excluded_nonproof_token
monograph/monograph.tex	1553	latex_code	vm\_apply	vm_apply	nonproof	Definition		Definition@coq/ThieleMachineComplete.v:3534;Definition@coq/kernel/foundation/SimulationProof.v:262
monograph/monograph.tex	1555	latex_code	instruction\_cost	instruction_cost	nonproof	Definition		Definition@coq/ThieleMachineComplete.v:2319;Definition@coq/kernel/foundation/VMStep.v:231
monograph/monograph.tex	1559	latex_code	instruction\_cost	instruction_cost	nonproof	Definition		Definition@coq/ThieleMachineComplete.v:2319;Definition@coq/kernel/foundation/VMStep.v:231
monograph/monograph.tex	1563	latex_code	instruction\_cost	instruction_cost	nonproof	Definition		Definition@coq/ThieleMachineComplete.v:2319;Definition@coq/kernel/foundation/VMStep.v:231
monograph/monograph.tex	1563	latex_code	instruction\_cost	instruction_cost	nonproof	Definition		Definition@coq/ThieleMachineComplete.v:2319;Definition@coq/kernel/foundation/VMStep.v:231
monograph/monograph.tex	1564	latex_code	instruction\_cost	instruction_cost	nonproof	Definition		Definition@coq/ThieleMachineComplete.v:2319;Definition@coq/kernel/foundation/VMStep.v:231
monograph/monograph.tex	1658	latex_code	csr\_cert\_addr	csr_cert_addr	nonproof	nonproof_token		excluded_nonproof_token
monograph/monograph.tex	1658	latex_code	csr\_cert\_addr	csr_cert_addr	nonproof	nonproof_token		excluded_nonproof_token
monograph/monograph.tex	1658	latex_code	csr\_cert\_addr	csr_cert_addr	nonproof	nonproof_token		excluded_nonproof_token
monograph/monograph.tex	1658	latex_code	has\_supra\_cert	has_supra_cert	nonproof	Definition		Definition@coq/ThieleMachineComplete.v:5231;Definition@coq/kernel/nfi/RevelationRequirement.v:98;Definition@coq/kernel/quantum/QuantumBound.v:53
monograph/monograph.tex	1658	latex_code	vm\_csrs	vm_csrs	nonproof	nonproof_token		excluded_nonproof_token
monograph/monograph.tex	1658	latex_code	vm\_csrs	vm_csrs	nonproof	nonproof_token		excluded_nonproof_token
monograph/monograph.tex	1682	latex_code	structural\_entitlement\_representation	structural_entitlement_representation	proof	Theorem	Kernel.HonestNoFI_TheoremsWithoutAssumptions.structural_entitlement_representation	unique_suffix
monograph/monograph.tex	1686	latex_code	Certified	Certified	nonproof	Definition		Definition@coq/ThieleMachineComplete.v:5407;Definition@coq/kernel/nfi/Certification.v:135;Definition@coq/kernel/nfi/NoFreeInsight.v:205;Definition@coq/nofi/Instance_Kernel.v:67
monograph/monograph.tex	1686	latex_code	Certified	Certified	nonproof	Definition		Definition@coq/ThieleMachineComplete.v:5407;Definition@coq/kernel/nfi/Certification.v:135;Definition@coq/kernel/nfi/NoFreeInsight.v:205;Definition@coq/nofi/Instance_Kernel.v:67
monograph/monograph.tex	1686	latex_code	CertifiedObs	CertifiedObs	nonproof	Definition		Definition@coq/ThieleMachineComplete.v:5397;Definition@coq/kernel/nfi/NoFreeInsight.v:191
monograph/monograph.tex	1686	latex_code	has\_supra\_cert	has_supra_cert	nonproof	Definition		Definition@coq/ThieleMachineComplete.v:5231;Definition@coq/kernel/nfi/RevelationRequirement.v:98;Definition@coq/kernel/quantum/QuantumBound.v:53
monograph/monograph.tex	1687	latex_code	cert\_setter\_executions	cert_setter_executions	nonproof	Fixpoint		Fixpoint@coq/kernel/mu_calculus/MuShannonBridge.v:186
monograph/monograph.tex	1687	latex_code	decision\_tree\_realized\_by\_trace	decision_tree_realized_by_trace	nonproof	Definition		Definition@coq/kernel/mu_calculus/MuShannonBridge.v:454
monograph/monograph.tex	1694	latex_code	list VMState	VMState	nonproof	Record		Record@coq/ThieleMachineComplete.v:1582;Record@coq/kernel/foundation/VMState.v:1931
monograph/monograph.tex	1694	latex_code	list VMState	list	nonproof	nonproof_token		excluded_nonproof_token
monograph/monograph.tex	1694	latex_code	set	set	nonproof	nonproof_token		excluded_nonproof_token
monograph/monograph.tex	1702	latex_code	csr\_cert\_addr	csr_cert_addr	nonproof	nonproof_token		excluded_nonproof_token
monograph/monograph.tex	1702	latex_code	csr\_cert\_addr	csr_cert_addr	nonproof	nonproof_token		excluded_nonproof_token
monograph/monograph.tex	1704	latex_code	fibered\_reduction\_implies\_tree\_cover	fibered_reduction_implies_tree_cover	proof	Theorem	Kernel.MuShannonBridge.fibered_reduction_implies_tree_cover	unique_suffix
monograph/monograph.tex	1704	latex_code	tree\_covers\_feasible\_reduction	tree_covers_feasible_reduction	nonproof	Definition		Definition@coq/kernel/mu_calculus/MuShannonBridge.v:460
monograph/monograph.tex	1714	latex_code	cert\_setter\_executions	cert_setter_executions	nonproof	Fixpoint		Fixpoint@coq/kernel/mu_calculus/MuShannonBridge.v:186
monograph/monograph.tex	1716	latex_code	cert\_setter\_executions	cert_setter_executions	nonproof	Fixpoint		Fixpoint@coq/kernel/mu_calculus/MuShannonBridge.v:186
monograph/monograph.tex	1783	latex_code	factored\_n1\_shortcut	factored_n1_shortcut	nonproof	Definition		Definition@coq/kernel/nfi/StructuralAdvantageCertifiedShortcut.v:310
monograph/monograph.tex	1787	latex_code	SoundStructuralShortcut	SoundStructuralShortcut	nonproof	Record		Record@coq/kernel/nfi/HonestNoFI_TheoremsWithoutAssumptions.v:501
monograph/monograph.tex	1791	latex_code	SoundStructuralShortcut	SoundStructuralShortcut	nonproof	Record		Record@coq/kernel/nfi/HonestNoFI_TheoremsWithoutAssumptions.v:501
monograph/monograph.tex	1798	latex_code	EMIT "." 0	EMIT	nonproof	nonproof_token		excluded_nonproof_token
monograph/monograph.tex	1800	latex_code	EMIT	EMIT	nonproof	nonproof_token		excluded_nonproof_token
monograph/monograph.tex	1800	latex_code	SoundStructuralShortcut	SoundStructuralShortcut	nonproof	Record		Record@coq/kernel/nfi/HonestNoFI_TheoremsWithoutAssumptions.v:501
monograph/monograph.tex	1802	latex_code	CertifiedObs	CertifiedObs	nonproof	Definition		Definition@coq/ThieleMachineComplete.v:5397;Definition@coq/kernel/nfi/NoFreeInsight.v:191
monograph/monograph.tex	1802	latex_code	EMIT	EMIT	nonproof	nonproof_token		excluded_nonproof_token
monograph/monograph.tex	1802	latex_code	MORPH\_ASSERT	MORPH_ASSERT	nonproof	nonproof_token		excluded_nonproof_token
monograph/monograph.tex	1802	latex_code	MORPH\_ID	MORPH_ID	nonproof	nonproof_token		excluded_nonproof_token
monograph/monograph.tex	1802	latex_code	PNEW	PNEW	nonproof	nonproof_token		excluded_nonproof_token
monograph/monograph.tex	1802	latex_code	has\_supra\_cert	has_supra_cert	nonproof	Definition		Definition@coq/ThieleMachineComplete.v:5231;Definition@coq/kernel/nfi/RevelationRequirement.v:98;Definition@coq/kernel/quantum/QuantumBound.v:53
monograph/monograph.tex	1807	latex_code	SoundStructuralShortcut	SoundStructuralShortcut	nonproof	Record		Record@coq/kernel/nfi/HonestNoFI_TheoremsWithoutAssumptions.v:501
monograph/monograph.tex	1807	latex_code	n=1	n	nonproof	nonproof_token		excluded_nonproof_token
monograph/monograph.tex	1810	latex_code	VMState	VMState	nonproof	Record		Record@coq/ThieleMachineComplete.v:1582;Record@coq/kernel/foundation/VMState.v:1931
monograph/monograph.tex	1810	latex_code	sighted\_n1\_supra\_prior := [init\_state; sighted\_n1\_supra\_final]	init_state	nonproof	Definition		Definition@coq/ThieleMachineComplete.v:5464;Definition@coq/kernel/mu_calculus/MuInitiality.v:34
monograph/monograph.tex	1810	latex_code	sighted\_n1\_supra\_prior := [init\_state; sighted\_n1\_supra\_final]	sighted_n1_supra_final	nonproof	Definition		Definition@coq/kernel/nfi/StructuralAdvantageCertifiedShortcut.v:35
monograph/monograph.tex	1810	latex_code	sighted\_n1\_supra\_prior := [init\_state; sighted\_n1\_supra\_final]	sighted_n1_supra_prior	nonproof	Definition		Definition@coq/kernel/nfi/StructuralAdvantageCertifiedShortcut.v:44
monograph/monograph.tex	1811	latex_code	sighted\_n1\_supra\_posterior := [sighted\_n1\_supra\_final]	sighted_n1_supra_final	nonproof	Definition		Definition@coq/kernel/nfi/StructuralAdvantageCertifiedShortcut.v:35
monograph/monograph.tex	1811	latex_code	sighted\_n1\_supra\_posterior := [sighted\_n1\_supra\_final]	sighted_n1_supra_posterior	nonproof	Definition		Definition@coq/kernel/nfi/StructuralAdvantageCertifiedShortcut.v:47
monograph/monograph.tex	1813	latex_code	MORPH\_ASSERT	MORPH_ASSERT	nonproof	nonproof_token		excluded_nonproof_token
monograph/monograph.tex	1813	latex_code	sighted\_n1\_supra\_obs\_fn	sighted_n1_supra_obs_fn	nonproof	Definition		Definition@coq/kernel/nfi/StructuralAdvantageCertifiedShortcut.v:38
monograph/monograph.tex	1813	latex_code	sighted\_n1\_supra\_trace	sighted_n1_supra_trace	nonproof	Definition		Definition@coq/kernel/nfi/StructuralAdvantageCertifiedShortcut.v:28
monograph/monograph.tex	1813	latex_code	vm\_mu = 0	vm_mu	nonproof	nonproof_token		excluded_nonproof_token
monograph/monograph.tex	1813	latex_code	vm\_mu = 19	vm_mu	nonproof	nonproof_token		excluded_nonproof_token
monograph/monograph.tex	1813	latex_code	vm\_mu = 19	vm_mu	nonproof	nonproof_token		excluded_nonproof_token
monograph/monograph.tex	1814	latex_code	sighted\_n1\_tree := dt\_branch dt\_leaf dt\_leaf	dt_branch	nonproof	nonproof_token		excluded_nonproof_token
monograph/monograph.tex	1814	latex_code	sighted\_n1\_tree := dt\_branch dt\_leaf dt\_leaf	dt_leaf	nonproof	nonproof_token		excluded_nonproof_token
monograph/monograph.tex	1814	latex_code	sighted\_n1\_tree := dt\_branch dt\_leaf dt\_leaf	dt_leaf	nonproof	nonproof_token		excluded_nonproof_token
monograph/monograph.tex	1814	latex_code	sighted\_n1\_tree := dt\_branch dt\_leaf dt\_leaf	sighted_n1_tree	nonproof	Definition		Definition@coq/kernel/nfi/StructuralAdvantageObservedShortcut.v:53
monograph/monograph.tex	1815	latex_code	decision\_tree\_realized\_by\_trace	decision_tree_realized_by_trace	nonproof	Definition		Definition@coq/kernel/mu_calculus/MuShannonBridge.v:454
monograph/monograph.tex	1816	latex_code	Nat.eqb mu mu = true	Nat.eqb	nonproof	nonproof_token		excluded_nonproof_token
monograph/monograph.tex	1816	latex_code	Nat.eqb mu mu = true	mu	nonproof	Definition		Definition@coq/nofi/Instance_Kernel.v:57;Definition@coq/thermodynamic/LandauerDerived.v:227
monograph/monograph.tex	1816	latex_code	Nat.eqb mu mu = true	mu	nonproof	Definition		Definition@coq/nofi/Instance_Kernel.v:57;Definition@coq/thermodynamic/LandauerDerived.v:227
monograph/monograph.tex	1816	latex_code	Nat.eqb mu mu = true	true	nonproof	nonproof_token		excluded_nonproof_token
monograph/monograph.tex	1816	latex_code	if Nat.eqb s.(vm\_mu) s.(vm\_mu) then [] else [instr\_halt 0]	Nat.eqb	nonproof	nonproof_token		excluded_nonproof_token
monograph/monograph.tex	1816	latex_code	if Nat.eqb s.(vm\_mu) s.(vm\_mu) then [] else [instr\_halt 0]	else	nonproof	nonproof_token		excluded_nonproof_token
monograph/monograph.tex	1816	latex_code	if Nat.eqb s.(vm\_mu) s.(vm\_mu) then [] else [instr\_halt 0]	if	nonproof	nonproof_token		excluded_nonproof_token
monograph/monograph.tex	1816	latex_code	if Nat.eqb s.(vm\_mu) s.(vm\_mu) then [] else [instr\_halt 0]	instr_halt	nonproof	nonproof_token		excluded_nonproof_token
monograph/monograph.tex	1816	latex_code	if Nat.eqb s.(vm\_mu) s.(vm\_mu) then [] else [instr\_halt 0]	s.	nonproof	nonproof_token		excluded_nonproof_token
monograph/monograph.tex	1816	latex_code	if Nat.eqb s.(vm\_mu) s.(vm\_mu) then [] else [instr\_halt 0]	s.	nonproof	nonproof_token		excluded_nonproof_token
monograph/monograph.tex	1816	latex_code	if Nat.eqb s.(vm\_mu) s.(vm\_mu) then [] else [instr\_halt 0]	then	nonproof	nonproof_token		excluded_nonproof_token
monograph/monograph.tex	1816	latex_code	if Nat.eqb s.(vm\_mu) s.(vm\_mu) then [] else [instr\_halt 0]	vm_mu	nonproof	nonproof_token		excluded_nonproof_token
monograph/monograph.tex	1816	latex_code	if Nat.eqb s.(vm\_mu) s.(vm\_mu) then [] else [instr\_halt 0]	vm_mu	nonproof	nonproof_token		excluded_nonproof_token
monograph/monograph.tex	1816	latex_code	sighted\_n1\_supra\_repr\_obs\_fn	sighted_n1_supra_repr_obs_fn	nonproof	Definition		Definition@coq/kernel/nfi/StructuralAdvantageCertifiedShortcut.v:41
monograph/monograph.tex	1817	latex_code	MORPH\_ASSERT	MORPH_ASSERT	nonproof	nonproof_token		excluded_nonproof_token
monograph/monograph.tex	1817	latex_code	omega\_predicate receipt\_list\_eqb sighted\_n1\_supra\_posterior sighted\_n1\_supra\_obs\_fn	omega_predicate	nonproof	Definition		Definition@coq/kernel/nfi/InformationGainToStrengthening.v:60
monograph/monograph.tex	1817	latex_code	omega\_predicate receipt\_list\_eqb sighted\_n1\_supra\_posterior sighted\_n1\_supra\_obs\_fn	receipt_list_eqb	nonproof	Definition		Definition@coq/kernel/nfi/StructuralAdvantageObservedShortcut.v:20
monograph/monograph.tex	1817	latex_code	omega\_predicate receipt\_list\_eqb sighted\_n1\_supra\_posterior sighted\_n1\_supra\_obs\_fn	sighted_n1_supra_obs_fn	nonproof	Definition		Definition@coq/kernel/nfi/StructuralAdvantageCertifiedShortcut.v:38
monograph/monograph.tex	1817	latex_code	omega\_predicate receipt\_list\_eqb sighted\_n1\_supra\_posterior sighted\_n1\_supra\_obs\_fn	sighted_n1_supra_posterior	nonproof	Definition		Definition@coq/kernel/nfi/StructuralAdvantageCertifiedShortcut.v:47
monograph/monograph.tex	1818	latex_code	init\_state	init_state	nonproof	Definition		Definition@coq/ThieleMachineComplete.v:5464;Definition@coq/kernel/mu_calculus/MuInitiality.v:34
monograph/monograph.tex	1818	latex_code	init\_state.(vm\_csrs).(csr\_cert\_addr) = 0	csr_cert_addr	nonproof	nonproof_token		excluded_nonproof_token
monograph/monograph.tex	1818	latex_code	init\_state.(vm\_csrs).(csr\_cert\_addr) = 0	init_state.	nonproof	nonproof_token		excluded_nonproof_token
monograph/monograph.tex	1818	latex_code	init\_state.(vm\_csrs).(csr\_cert\_addr) = 0	vm_csrs	nonproof	nonproof_token		excluded_nonproof_token
monograph/monograph.tex	1821	latex_code	SoundStructuralShortcut	SoundStructuralShortcut	nonproof	Record		Record@coq/kernel/nfi/HonestNoFI_TheoremsWithoutAssumptions.v:501
monograph/monograph.tex	1821	latex_code	every\_sound\_structural\_shortcut\_lands\_here	every_sound_structural_shortcut_lands_here	proof	Theorem	Kernel.HonestNoFI_TheoremsWithoutAssumptions.every_sound_structural_shortcut_lands_here	unique_suffix
monograph/monograph.tex	1821	latex_code	factored\_n1\_shortcut : SoundStructuralShortcut 33 sighted\_n1\_supra\_trace init\_state	SoundStructuralShortcut	nonproof	Record		Record@coq/kernel/nfi/HonestNoFI_TheoremsWithoutAssumptions.v:501
monograph/monograph.tex	1821	latex_code	factored\_n1\_shortcut : SoundStructuralShortcut 33 sighted\_n1\_supra\_trace init\_state	factored_n1_shortcut	nonproof	Definition		Definition@coq/kernel/nfi/StructuralAdvantageCertifiedShortcut.v:310
monograph/monograph.tex	1821	latex_code	factored\_n1\_shortcut : SoundStructuralShortcut 33 sighted\_n1\_supra\_trace init\_state	init_state	nonproof	Definition		Definition@coq/ThieleMachineComplete.v:5464;Definition@coq/kernel/mu_calculus/MuInitiality.v:34
monograph/monograph.tex	1821	latex_code	factored\_n1\_shortcut : SoundStructuralShortcut 33 sighted\_n1\_supra\_trace init\_state	sighted_n1_supra_trace	nonproof	Definition		Definition@coq/kernel/nfi/StructuralAdvantageCertifiedShortcut.v:28
monograph/monograph.tex	1821	latex_code	factored\_n1\_shortcut\_lands\_in\_representation	factored_n1_shortcut_lands_in_representation	proof	Theorem	Kernel.StructuralAdvantageCertifiedShortcut.factored_n1_shortcut_lands_in_representation	unique_suffix
monograph/monograph.tex	1821	latex_code	sound\_shortcut\_from\_components	sound_shortcut_from_components	proof	Lemma	Kernel.HonestNoFI_TheoremsWithoutAssumptions.sound_shortcut_from_components	unique_suffix
monograph/monograph.tex	1825	latex_code	EMIT	EMIT	nonproof	nonproof_token		excluded_nonproof_token
monograph/monograph.tex	1825	latex_code	PNEW ; MORPH\_ID ; MORPH\_ASSERT	MORPH_ASSERT	nonproof	nonproof_token		excluded_nonproof_token
monograph/monograph.tex	1825	latex_code	PNEW ; MORPH\_ID ; MORPH\_ASSERT	MORPH_ID	nonproof	nonproof_token		excluded_nonproof_token
monograph/monograph.tex	1825	latex_code	PNEW ; MORPH\_ID ; MORPH\_ASSERT	PNEW	nonproof	nonproof_token		excluded_nonproof_token
monograph/monograph.tex	1825	latex_code	has\_supra\_cert	has_supra_cert	nonproof	Definition		Definition@coq/ThieleMachineComplete.v:5231;Definition@coq/kernel/nfi/RevelationRequirement.v:98;Definition@coq/kernel/quantum/QuantumBound.v:53
monograph/monograph.tex	1827	latex_code	SoundStructuralShortcut	SoundStructuralShortcut	nonproof	Record		Record@coq/kernel/nfi/HonestNoFI_TheoremsWithoutAssumptions.v:501
monograph/monograph.tex	1846	latex_code	certification\_requires\_positive\_mu	certification_requires_positive_mu	proof	Theorem	Kernel.AbstractNoFI.certification_requires_positive_mu	unique_suffix
monograph/monograph.tex	1846	latex_code	csr\_cert\_addr	csr_cert_addr	nonproof	nonproof_token		excluded_nonproof_token
monograph/monograph.tex	1846	latex_code	vm\_certified	vm_certified	nonproof	nonproof_token		excluded_nonproof_token
monograph/monograph.tex	1848	latex_code	CERTIFY	CERTIFY	nonproof	nonproof_token		excluded_nonproof_token
monograph/monograph.tex	1848	latex_code	CERTIFY	CERTIFY	nonproof	nonproof_token		excluded_nonproof_token
monograph/monograph.tex	1848	latex_code	CERTIFY	CERTIFY	nonproof	nonproof_token		excluded_nonproof_token
monograph/monograph.tex	1848	latex_code	CHSH\_LASSERT	CHSH_LASSERT	nonproof	nonproof_token		excluded_nonproof_token
monograph/monograph.tex	1848	latex_code	EMIT	EMIT	nonproof	nonproof_token		excluded_nonproof_token
monograph/monograph.tex	1848	latex_code	LASSERT	LASSERT	nonproof	nonproof_token		excluded_nonproof_token
monograph/monograph.tex	1848	latex_code	LASSERT	LASSERT	nonproof	nonproof_token		excluded_nonproof_token
monograph/monograph.tex	1848	latex_code	LASSERT	LASSERT	nonproof	nonproof_token		excluded_nonproof_token
monograph/monograph.tex	1848	latex_code	LASSERT	LASSERT	nonproof	nonproof_token		excluded_nonproof_token
monograph/monograph.tex	1848	latex_code	LASSERT	LASSERT	nonproof	nonproof_token		excluded_nonproof_token
monograph/monograph.tex	1848	latex_code	LASSERT	LASSERT	nonproof	nonproof_token		excluded_nonproof_token
monograph/monograph.tex	1848	latex_code	LJOIN	LJOIN	nonproof	nonproof_token		excluded_nonproof_token
monograph/monograph.tex	1848	latex_code	MORPH\_ASSERT	MORPH_ASSERT	nonproof	nonproof_token		excluded_nonproof_token
monograph/monograph.tex	1848	latex_code	MORPH\_ASSERT	MORPH_ASSERT	nonproof	nonproof_token		excluded_nonproof_token
monograph/monograph.tex	1848	latex_code	MORPH\_ASSERT	MORPH_ASSERT	nonproof	nonproof_token		excluded_nonproof_token
monograph/monograph.tex	1848	latex_code	READ\_PORT	READ_PORT	nonproof	nonproof_token		excluded_nonproof_token
monograph/monograph.tex	1848	latex_code	REVEAL	REVEAL	nonproof	nonproof_token		excluded_nonproof_token
monograph/monograph.tex	1848	latex_code	csr\_cert\_addr	csr_cert_addr	nonproof	nonproof_token		excluded_nonproof_token
monograph/monograph.tex	1848	latex_code	vm\_certified = true	true	nonproof	nonproof_token		excluded_nonproof_token
monograph/monograph.tex	1848	latex_code	vm\_certified = true	vm_certified	nonproof	nonproof_token		excluded_nonproof_token
monograph/monograph.tex	1850	latex_code	"validated\_constraint"	validated_constraint	nonproof	nonproof_token		excluded_nonproof_token
monograph/monograph.tex	1850	latex_code	LASSERT freg=r0 creg=r1 kind=SAT flen=4 delta=0	LASSERT	nonproof	nonproof_token		excluded_nonproof_token
monograph/monograph.tex	1850	latex_code	LASSERT freg=r0 creg=r1 kind=SAT flen=4 delta=0	SAT	nonproof	nonproof_token		excluded_nonproof_token
monograph/monograph.tex	1850	latex_code	LASSERT freg=r0 creg=r1 kind=SAT flen=4 delta=0	creg	nonproof	nonproof_token		excluded_nonproof_token
monograph/monograph.tex	1850	latex_code	LASSERT freg=r0 creg=r1 kind=SAT flen=4 delta=0	delta	nonproof	Definition		Definition@coq/kernel/curvature/CurvedTensorPipeline.v:995
monograph/monograph.tex	1850	latex_code	LASSERT freg=r0 creg=r1 kind=SAT flen=4 delta=0	flen	nonproof	nonproof_token		excluded_nonproof_token
monograph/monograph.tex	1850	latex_code	LASSERT freg=r0 creg=r1 kind=SAT flen=4 delta=0	freg	nonproof	nonproof_token		excluded_nonproof_token
monograph/monograph.tex	1850	latex_code	LASSERT freg=r0 creg=r1 kind=SAT flen=4 delta=0	kind	nonproof	nonproof_token		excluded_nonproof_token
monograph/monograph.tex	1850	latex_code	LASSERT freg=r0 creg=r1 kind=SAT flen=4 delta=0	r0	nonproof	nonproof_token		excluded_nonproof_token
monograph/monograph.tex	1850	latex_code	LASSERT freg=r0 creg=r1 kind=SAT flen=4 delta=0	r1	nonproof	nonproof_token		excluded_nonproof_token
monograph/monograph.tex	1850	latex_code	LASSERT\_TRAP\_PC	LASSERT_TRAP_PC	nonproof	Definition		Definition@coq/ThieleMachineComplete.v:2467;Definition@coq/kernel/foundation/VMStep.v:550
monograph/monograph.tex	1850	latex_code	MORPH\_ASSERT mid=m property="validated\_constraint" cert="" delta=0	MORPH_ASSERT	nonproof	nonproof_token		excluded_nonproof_token
monograph/monograph.tex	1850	latex_code	MORPH\_ASSERT mid=m property="validated\_constraint" cert="" delta=0	cert	nonproof	nonproof_token		excluded_nonproof_token
monograph/monograph.tex	1850	latex_code	MORPH\_ASSERT mid=m property="validated\_constraint" cert="" delta=0	delta	nonproof	Definition		Definition@coq/kernel/curvature/CurvedTensorPipeline.v:995
monograph/monograph.tex	1850	latex_code	MORPH\_ASSERT mid=m property="validated\_constraint" cert="" delta=0	m	nonproof	nonproof_token		excluded_nonproof_token
monograph/monograph.tex	1850	latex_code	MORPH\_ASSERT mid=m property="validated\_constraint" cert="" delta=0	mid	nonproof	nonproof_token		excluded_nonproof_token
monograph/monograph.tex	1850	latex_code	MORPH\_ASSERT mid=m property="validated\_constraint" cert="" delta=0	property	nonproof	nonproof_token		excluded_nonproof_token
monograph/monograph.tex	1850	latex_code	MORPH\_ASSERT mid=m property="validated\_constraint" cert="" delta=0	validated_constraint	nonproof	nonproof_token		excluded_nonproof_token
monograph/monograph.tex	1850	latex_code	csr\_cert\_addr	csr_cert_addr	nonproof	nonproof_token		excluded_nonproof_token
monograph/monograph.tex	1850	latex_code	csr\_cert\_addr	csr_cert_addr	nonproof	nonproof_token		excluded_nonproof_token
monograph/monograph.tex	1850	latex_code	r0	r0	nonproof	nonproof_token		excluded_nonproof_token
monograph/monograph.tex	1850	latex_code	r1	r1	nonproof	nonproof_token		excluded_nonproof_token
monograph/monograph.tex	1850	latex_code	vm\_certified	vm_certified	nonproof	nonproof_token		excluded_nonproof_token
monograph/monograph.tex	1850	latex_code	vm\_err = true	true	nonproof	nonproof_token		excluded_nonproof_token
monograph/monograph.tex	1850	latex_code	vm\_err = true	vm_err	nonproof	nonproof_token		excluded_nonproof_token
monograph/monograph.tex	1852	latex_code	LASSERT	LASSERT	nonproof	nonproof_token		excluded_nonproof_token
monograph/monograph.tex	1852	latex_code	MORPH\_ASSERT	MORPH_ASSERT	nonproof	nonproof_token		excluded_nonproof_token
monograph/monograph.tex	1854	latex_code	LASSERT	LASSERT	nonproof	nonproof_token		excluded_nonproof_token
monograph/monograph.tex	1854	latex_code	LASSERT	LASSERT	nonproof	nonproof_token		excluded_nonproof_token
monograph/monograph.tex	1854	latex_code	LASSERT	LASSERT	nonproof	nonproof_token		excluded_nonproof_token
monograph/monograph.tex	1854	latex_code	MORPH\_ASSERT	MORPH_ASSERT	nonproof	nonproof_token		excluded_nonproof_token
monograph/monograph.tex	1854	latex_code	MORPH\_ASSERT	MORPH_ASSERT	nonproof	nonproof_token		excluded_nonproof_token
monograph/monograph.tex	1854	latex_code	MORPH\_ASSERT	MORPH_ASSERT	nonproof	nonproof_token		excluded_nonproof_token
monograph/monograph.tex	1854	latex_code	MORPH\_ASSERT mid=m property="validated\_constraint" cert=""	MORPH_ASSERT	nonproof	nonproof_token		excluded_nonproof_token
monograph/monograph.tex	1854	latex_code	MORPH\_ASSERT mid=m property="validated\_constraint" cert=""	cert	nonproof	nonproof_token		excluded_nonproof_token
monograph/monograph.tex	1854	latex_code	MORPH\_ASSERT mid=m property="validated\_constraint" cert=""	m	nonproof	nonproof_token		excluded_nonproof_token
monograph/monograph.tex	1854	latex_code	MORPH\_ASSERT mid=m property="validated\_constraint" cert=""	mid	nonproof	nonproof_token		excluded_nonproof_token
monograph/monograph.tex	1854	latex_code	MORPH\_ASSERT mid=m property="validated\_constraint" cert=""	property	nonproof	nonproof_token		excluded_nonproof_token
monograph/monograph.tex	1854	latex_code	MORPH\_ASSERT mid=m property="validated\_constraint" cert=""	validated_constraint	nonproof	nonproof_token		excluded_nonproof_token
monograph/monograph.tex	1854	latex_code	csr\_cert\_addr	csr_cert_addr	nonproof	nonproof_token		excluded_nonproof_token
monograph/monograph.tex	1854	latex_code	csr\_cert\_addr	csr_cert_addr	nonproof	nonproof_token		excluded_nonproof_token
monograph/monograph.tex	1854	latex_code	mid	mid	nonproof	nonproof_token		excluded_nonproof_token
monograph/monograph.tex	1864	latex_code	CERTIFY	CERTIFY	nonproof	nonproof_token		excluded_nonproof_token
monograph/monograph.tex	1864	latex_code	CERTIFY	CERTIFY	nonproof	nonproof_token		excluded_nonproof_token
monograph/monograph.tex	1864	latex_code	CERTIFY	CERTIFY	nonproof	nonproof_token		excluded_nonproof_token
monograph/monograph.tex	1864	latex_code	CHSH\_LASSERT	CHSH_LASSERT	nonproof	nonproof_token		excluded_nonproof_token
monograph/monograph.tex	1864	latex_code	MORPH\_ASSERT	MORPH_ASSERT	nonproof	nonproof_token		excluded_nonproof_token
monograph/monograph.tex	1864	latex_code	MORPH\_ASSERT	MORPH_ASSERT	nonproof	nonproof_token		excluded_nonproof_token
monograph/monograph.tex	1864	latex_code	MORPH\_ASSERT	MORPH_ASSERT	nonproof	nonproof_token		excluded_nonproof_token
monograph/monograph.tex	1864	latex_code	MORPH\_ASSERT	MORPH_ASSERT	nonproof	nonproof_token		excluded_nonproof_token
monograph/monograph.tex	1864	latex_code	csr\_cert\_addr	csr_cert_addr	nonproof	nonproof_token		excluded_nonproof_token
monograph/monograph.tex	1864	latex_code	csr\_cert\_addr	csr_cert_addr	nonproof	nonproof_token		excluded_nonproof_token
monograph/monograph.tex	1864	latex_code	csr\_cert\_addr	csr_cert_addr	nonproof	nonproof_token		excluded_nonproof_token
monograph/monograph.tex	1864	latex_code	vm\_certified	vm_certified	nonproof	nonproof_token		excluded_nonproof_token
monograph/monograph.tex	1864	latex_code	vm\_certified	vm_certified	nonproof	nonproof_token		excluded_nonproof_token
monograph/monograph.tex	1864	latex_code	vm\_certified = true	true	nonproof	nonproof_token		excluded_nonproof_token
monograph/monograph.tex	1864	latex_code	vm\_certified = true	vm_certified	nonproof	nonproof_token		excluded_nonproof_token
monograph/monograph.tex	1864	latex_code	vm\_err	vm_err	nonproof	nonproof_token		excluded_nonproof_token
monograph/monograph.tex	1868	latex_code	LASSERT	LASSERT	nonproof	nonproof_token		excluded_nonproof_token
monograph/monograph.tex	1883	latex_code	blind\_program	blind_program	nonproof	Definition		Definition@coq/kernel/nfi/StructuralAdvantage.v:62
monograph/monograph.tex	1885	latex_code	CERTIFY	CERTIFY	nonproof	nonproof_token		excluded_nonproof_token
monograph/monograph.tex	1885	latex_code	CHSH\_LASSERT	CHSH_LASSERT	nonproof	nonproof_token		excluded_nonproof_token
monograph/monograph.tex	1885	latex_code	EMIT	EMIT	nonproof	nonproof_token		excluded_nonproof_token
monograph/monograph.tex	1885	latex_code	LASSERT	LASSERT	nonproof	nonproof_token		excluded_nonproof_token
monograph/monograph.tex	1885	latex_code	LJOIN	LJOIN	nonproof	nonproof_token		excluded_nonproof_token
monograph/monograph.tex	1885	latex_code	MORPH\_ASSERT	MORPH_ASSERT	nonproof	nonproof_token		excluded_nonproof_token
monograph/monograph.tex	1885	latex_code	READ\_PORT	READ_PORT	nonproof	nonproof_token		excluded_nonproof_token
monograph/monograph.tex	1885	latex_code	REVEAL	REVEAL	nonproof	nonproof_token		excluded_nonproof_token
monograph/monograph.tex	1887	latex_code	CERTIFY	CERTIFY	nonproof	nonproof_token		excluded_nonproof_token
monograph/monograph.tex	1891	latex_code	joint\_floor\_is\_least	joint_floor_is_least	proof	Theorem	Kernel.ObservationPolicy.joint_floor_is_least	unique_suffix
monograph/monograph.tex	1893	latex_code	EMIT	EMIT	nonproof	nonproof_token		excluded_nonproof_token
monograph/monograph.tex	1893	latex_code	EMIT	EMIT	nonproof	nonproof_token		excluded_nonproof_token
monograph/monograph.tex	1893	latex_code	READ\_PORT	READ_PORT	nonproof	nonproof_token		excluded_nonproof_token
monograph/monograph.tex	1893	latex_code	REVEAL	REVEAL	nonproof	nonproof_token		excluded_nonproof_token
monograph/monograph.tex	1895	latex_code	ADD	ADD	nonproof	nonproof_token		excluded_nonproof_token
monograph/monograph.tex	1895	latex_code	COMPOSE	COMPOSE	nonproof	nonproof_token		excluded_nonproof_token
monograph/monograph.tex	1895	latex_code	JUMP	JUMP	nonproof	nonproof_token		excluded_nonproof_token
monograph/monograph.tex	1895	latex_code	LOAD	LOAD	nonproof	nonproof_token		excluded_nonproof_token
monograph/monograph.tex	1895	latex_code	MORPH	MORPH	nonproof	nonproof_token		excluded_nonproof_token
monograph/monograph.tex	1895	latex_code	PMERGE	PMERGE	nonproof	nonproof_token		excluded_nonproof_token
monograph/monograph.tex	1895	latex_code	PNEW	PNEW	nonproof	nonproof_token		excluded_nonproof_token
monograph/monograph.tex	1895	latex_code	PSPLIT	PSPLIT	nonproof	nonproof_token		excluded_nonproof_token
monograph/monograph.tex	1895	latex_code	STORE	STORE	nonproof	nonproof_token		excluded_nonproof_token
monograph/monograph.tex	1897	latex_code	PNEW	PNEW	nonproof	nonproof_token		excluded_nonproof_token
monograph/monograph.tex	1901	latex_code	instruction\_cost	instruction_cost	nonproof	Definition		Definition@coq/ThieleMachineComplete.v:2319;Definition@coq/kernel/foundation/VMStep.v:231
monograph/monograph.tex	1909	latex_code	instruction\_cost	instruction_cost	nonproof	Definition		Definition@coq/ThieleMachineComplete.v:2319;Definition@coq/kernel/foundation/VMStep.v:231
monograph/monograph.tex	1911	latex_code	ADD	ADD	nonproof	nonproof_token		excluded_nonproof_token
monograph/monograph.tex	1911	latex_code	JUMP	JUMP	nonproof	nonproof_token		excluded_nonproof_token
monograph/monograph.tex	1911	latex_code	LOAD	LOAD	nonproof	nonproof_token		excluded_nonproof_token
monograph/monograph.tex	1911	latex_code	MORPH	MORPH	nonproof	nonproof_token		excluded_nonproof_token
monograph/monograph.tex	1911	latex_code	PNEW	PNEW	nonproof	nonproof_token		excluded_nonproof_token
monograph/monograph.tex	1912	latex_code	CERTIFY	CERTIFY	nonproof	nonproof_token		excluded_nonproof_token
monograph/monograph.tex	1912	latex_code	CHSH\_LASSERT	CHSH_LASSERT	nonproof	nonproof_token		excluded_nonproof_token
monograph/monograph.tex	1912	latex_code	LJOIN	LJOIN	nonproof	nonproof_token		excluded_nonproof_token
monograph/monograph.tex	1912	latex_code	MORPH\_ASSERT	MORPH_ASSERT	nonproof	nonproof_token		excluded_nonproof_token
monograph/monograph.tex	1913	latex_code	EMIT	EMIT	nonproof	nonproof_token		excluded_nonproof_token
monograph/monograph.tex	1914	latex_code	REVEAL	REVEAL	nonproof	nonproof_token		excluded_nonproof_token
monograph/monograph.tex	1915	latex_code	READ\_PORT	READ_PORT	nonproof	nonproof_token		excluded_nonproof_token
monograph/monograph.tex	1916	latex_code	LASSERT	LASSERT	nonproof	nonproof_token		excluded_nonproof_token
monograph/monograph.tex	1924	latex_code	LASSERT	LASSERT	nonproof	nonproof_token		excluded_nonproof_token
monograph/monograph.tex	1926	latex_code	instruction\_cost	instruction_cost	nonproof	Definition		Definition@coq/ThieleMachineComplete.v:2319;Definition@coq/kernel/foundation/VMStep.v:231
monograph/monograph.tex	1929	latex_code	instruction\_cost	instruction_cost	nonproof	Definition		Definition@coq/ThieleMachineComplete.v:2319;Definition@coq/kernel/foundation/VMStep.v:231
monograph/monograph.tex	1933	latex_code	instruction\_cost	instruction_cost	nonproof	Definition		Definition@coq/ThieleMachineComplete.v:2319;Definition@coq/kernel/foundation/VMStep.v:231
monograph/monograph.tex	1933	latex_code	vm\_apply	vm_apply	nonproof	Definition		Definition@coq/ThieleMachineComplete.v:3534;Definition@coq/kernel/foundation/SimulationProof.v:262
monograph/monograph.tex	1937	latex_code	vm\_instruction	vm_instruction	nonproof	Inductive		Inductive@coq/ThieleMachineComplete.v:2185;Inductive@coq/kernel/foundation/VMStep.v:120
monograph/monograph.tex	1939	latex_code	vm\_apply	vm_apply	nonproof	Definition		Definition@coq/ThieleMachineComplete.v:3534;Definition@coq/kernel/foundation/SimulationProof.v:262
monograph/monograph.tex	1941	latex_code	CERTIFY	CERTIFY	nonproof	nonproof_token		excluded_nonproof_token
monograph/monograph.tex	1941	latex_code	CHSH\_LASSERT	CHSH_LASSERT	nonproof	nonproof_token		excluded_nonproof_token
monograph/monograph.tex	1941	latex_code	CHSH\_TRIAL	CHSH_TRIAL	nonproof	nonproof_token		excluded_nonproof_token
monograph/monograph.tex	1941	latex_code	EMIT	EMIT	nonproof	nonproof_token		excluded_nonproof_token
monograph/monograph.tex	1941	latex_code	LASSERT	LASSERT	nonproof	nonproof_token		excluded_nonproof_token
monograph/monograph.tex	1941	latex_code	LASSERT	LASSERT	nonproof	nonproof_token		excluded_nonproof_token
monograph/monograph.tex	1941	latex_code	LJOIN	LJOIN	nonproof	nonproof_token		excluded_nonproof_token
monograph/monograph.tex	1941	latex_code	MORPH\_ASSERT	MORPH_ASSERT	nonproof	nonproof_token		excluded_nonproof_token
monograph/monograph.tex	1941	latex_code	MORPH\_ASSERT	MORPH_ASSERT	nonproof	nonproof_token		excluded_nonproof_token
monograph/monograph.tex	1941	latex_code	READ\_PORT	READ_PORT	nonproof	nonproof_token		excluded_nonproof_token
monograph/monograph.tex	1941	latex_code	REVEAL	REVEAL	nonproof	nonproof_token		excluded_nonproof_token
monograph/monograph.tex	1941	latex_code	instruction\_cost	instruction_cost	nonproof	Definition		Definition@coq/ThieleMachineComplete.v:2319;Definition@coq/kernel/foundation/VMStep.v:231
monograph/monograph.tex	1941	latex_code	instruction\_cost	instruction_cost	nonproof	Definition		Definition@coq/ThieleMachineComplete.v:2319;Definition@coq/kernel/foundation/VMStep.v:231
monograph/monograph.tex	1941	latex_code	instruction\_cost	instruction_cost	nonproof	Definition		Definition@coq/ThieleMachineComplete.v:2319;Definition@coq/kernel/foundation/VMStep.v:231
monograph/monograph.tex	1941	latex_code	vm\_apply	vm_apply	nonproof	Definition		Definition@coq/ThieleMachineComplete.v:3534;Definition@coq/kernel/foundation/SimulationProof.v:262
monograph/monograph.tex	1957	latex_code	init\_state	init_state	nonproof	Definition		Definition@coq/ThieleMachineComplete.v:5464;Definition@coq/kernel/mu_calculus/MuInitiality.v:34
monograph/monograph.tex	1957	latex_code	instruction\_cost	instruction_cost	nonproof	Definition		Definition@coq/ThieleMachineComplete.v:2319;Definition@coq/kernel/foundation/VMStep.v:231
monograph/monograph.tex	1957	latex_code	instruction\_cost	instruction_cost	nonproof	Definition		Definition@coq/ThieleMachineComplete.v:2319;Definition@coq/kernel/foundation/VMStep.v:231
monograph/monograph.tex	1957	latex_code	vm\_apply	vm_apply	nonproof	Definition		Definition@coq/ThieleMachineComplete.v:3534;Definition@coq/kernel/foundation/SimulationProof.v:262
monograph/monograph.tex	1961	latex_code	init\_state	init_state	nonproof	Definition		Definition@coq/ThieleMachineComplete.v:5464;Definition@coq/kernel/mu_calculus/MuInitiality.v:34
monograph/monograph.tex	1961	latex_code	vm\_apply	vm_apply	nonproof	Definition		Definition@coq/ThieleMachineComplete.v:3534;Definition@coq/kernel/foundation/SimulationProof.v:262
monograph/monograph.tex	1963	latex_code	init\_state	init_state	nonproof	Definition		Definition@coq/ThieleMachineComplete.v:5464;Definition@coq/kernel/mu_calculus/MuInitiality.v:34
monograph/monograph.tex	1963	latex_code	init\_state	init_state	nonproof	Definition		Definition@coq/ThieleMachineComplete.v:5464;Definition@coq/kernel/mu_calculus/MuInitiality.v:34
monograph/monograph.tex	1963	latex_code	init\_state	init_state	nonproof	Definition		Definition@coq/ThieleMachineComplete.v:5464;Definition@coq/kernel/mu_calculus/MuInitiality.v:34
monograph/monograph.tex	1963	latex_code	init\_state	init_state	nonproof	Definition		Definition@coq/ThieleMachineComplete.v:5464;Definition@coq/kernel/mu_calculus/MuInitiality.v:34
monograph/monograph.tex	1963	latex_code	init\_state	init_state	nonproof	Definition		Definition@coq/ThieleMachineComplete.v:5464;Definition@coq/kernel/mu_calculus/MuInitiality.v:34
monograph/monograph.tex	1965	latex_code	vm\_apply	vm_apply	nonproof	Definition		Definition@coq/ThieleMachineComplete.v:3534;Definition@coq/kernel/foundation/SimulationProof.v:262
monograph/monograph.tex	1967	latex_code	instruction\_cost	instruction_cost	nonproof	Definition		Definition@coq/ThieleMachineComplete.v:2319;Definition@coq/kernel/foundation/VMStep.v:231
monograph/monograph.tex	1971	latex_code	instruction\_cost	instruction_cost	nonproof	Definition		Definition@coq/ThieleMachineComplete.v:2319;Definition@coq/kernel/foundation/VMStep.v:231
monograph/monograph.tex	1971	latex_code	vm\_apply	vm_apply	nonproof	Definition		Definition@coq/ThieleMachineComplete.v:3534;Definition@coq/kernel/foundation/SimulationProof.v:262
monograph/monograph.tex	1973	latex_code	instruction\_cost	instruction_cost	nonproof	Definition		Definition@coq/ThieleMachineComplete.v:2319;Definition@coq/kernel/foundation/VMStep.v:231
monograph/monograph.tex	1976	latex_code	ADD	ADD	nonproof	nonproof_token		excluded_nonproof_token
monograph/monograph.tex	1976	latex_code	CERTIFY	CERTIFY	nonproof	nonproof_token		excluded_nonproof_token
monograph/monograph.tex	1976	latex_code	EMIT	EMIT	nonproof	nonproof_token		excluded_nonproof_token
monograph/monograph.tex	1976	latex_code	P\_full\_complete\_neither\_mu\_nor\_cert\_droppable	P_full_complete_neither_mu_nor_cert_droppable	proof	Corollary	Kernel.NecessityAbstract.P_full_complete_neither_mu_nor_cert_droppable	explicit_binding
monograph/monograph.tex	1976	latex_code	a2\_equal\_trust\_substitution\_payoff	a2_equal_trust_substitution_payoff	proof	Theorem	Kernel.A2Payoff.a2_equal_trust_substitution_payoff	unique_suffix
monograph/monograph.tex	1980	latex_code	LASSERT	LASSERT	nonproof	nonproof_token		excluded_nonproof_token
monograph/monograph.tex	1990	latex_code	lassert\_cost\_from\_component\_floors	lassert_cost_from_component_floors	proof	Theorem	Kernel.MuCostDerivation.lassert_cost_from_component_floors	unique_suffix
monograph/monograph.tex	1990	latex_code	lassert\_cost\_is\_its\_formula	lassert_cost_is_its_formula	proof	Theorem	Kernel.MuCostDerivation.lassert_cost_is_its_formula	unique_suffix
monograph/monograph.tex	1992	latex_code	LASSERT	LASSERT	nonproof	nonproof_token		excluded_nonproof_token
monograph/monograph.tex	1996	latex_code	CHSH\_LASSERT	CHSH_LASSERT	nonproof	nonproof_token		excluded_nonproof_token
monograph/monograph.tex	1996	latex_code	LASSERT	LASSERT	nonproof	nonproof_token		excluded_nonproof_token
monograph/monograph.tex	1996	latex_code	LASSERT	LASSERT	nonproof	nonproof_token		excluded_nonproof_token
monograph/monograph.tex	1996	latex_code	LASSERT	LASSERT	nonproof	nonproof_token		excluded_nonproof_token
monograph/monograph.tex	1996	latex_code	LASSERT\_TRAP\_PC	LASSERT_TRAP_PC	nonproof	Definition		Definition@coq/ThieleMachineComplete.v:2467;Definition@coq/kernel/foundation/VMStep.v:550
monograph/monograph.tex	1996	latex_code	lassert\_honest\_cost	lassert_honest_cost	proof	Theorem	Kernel.StateSpaceCounting.StateSpaceCounting.lassert_honest_cost	unique_suffix
monograph/monograph.tex	1996	latex_code	lassert\_honest\_mu\_cost	lassert_honest_mu_cost	proof	Corollary	Kernel.StateSpaceCounting.StateSpaceCounting.lassert_honest_mu_cost	unique_suffix
monograph/monograph.tex	1996	latex_code	vm\_err	vm_err	nonproof	nonproof_token		excluded_nonproof_token
monograph/monograph.tex	2041	latex_code	CERTIFY	CERTIFY	nonproof	nonproof_token		excluded_nonproof_token
monograph/monograph.tex	2041	latex_code	JUMP	JUMP	nonproof	nonproof_token		excluded_nonproof_token
monograph/monograph.tex	2041	latex_code	commitment\_cost\_not\_reducible\_to\_erasure\_cost	commitment_cost_not_reducible_to_erasure_cost	proof	Theorem	Kernel.CommitmentVsErasure.commitment_cost_not_reducible_to_erasure_cost	unique_suffix
monograph/monograph.tex	2041	latex_code	substitution\_test\_rejects\_non\_a2\_exact\_substitute	substitution_test_rejects_non_a2_exact_substitute	proof	Theorem	Kernel.CommitmentPredicateAdequacy.substitution_test_rejects_non_a2_exact_substitute	unique_suffix
monograph/monograph.tex	2041	latex_code	vm\_prices\_certifying\_merge\_leaves\_others\_free	vm_prices_certifying_merge_leaves_others_free	proof	Theorem	Kernel.FiniteCertMachine.vm_prices_certifying_merge_leaves_others_free	unique_suffix
monograph/monograph.tex	2044	latex_code	csr\_cert\_addr	csr_cert_addr	nonproof	nonproof_token		excluded_nonproof_token
monograph/monograph.tex	2044	latex_code	vm\_certified	vm_certified	nonproof	nonproof_token		excluded_nonproof_token
monograph/monograph.tex	2054	latex_code	CERTIFY	CERTIFY	nonproof	nonproof_token		excluded_nonproof_token
monograph/monograph.tex	2054	latex_code	CHSH\_LASSERT	CHSH_LASSERT	nonproof	nonproof_token		excluded_nonproof_token
monograph/monograph.tex	2054	latex_code	EMIT	EMIT	nonproof	nonproof_token		excluded_nonproof_token
monograph/monograph.tex	2054	latex_code	LASSERT	LASSERT	nonproof	nonproof_token		excluded_nonproof_token
monograph/monograph.tex	2054	latex_code	LJOIN	LJOIN	nonproof	nonproof_token		excluded_nonproof_token
monograph/monograph.tex	2054	latex_code	MORPH\_ASSERT	MORPH_ASSERT	nonproof	nonproof_token		excluded_nonproof_token
monograph/monograph.tex	2054	latex_code	READ\_PORT	READ_PORT	nonproof	nonproof_token		excluded_nonproof_token
monograph/monograph.tex	2054	latex_code	REVEAL	REVEAL	nonproof	nonproof_token		excluded_nonproof_token
monograph/monograph.tex	2054	latex_code	csr\_cert\_addr	csr_cert_addr	nonproof	nonproof_token		excluded_nonproof_token
monograph/monograph.tex	2054	latex_code	instruction\_cost	instruction_cost	nonproof	Definition		Definition@coq/ThieleMachineComplete.v:2319;Definition@coq/kernel/foundation/VMStep.v:231
monograph/monograph.tex	2054	latex_code	vm\_certified	vm_certified	nonproof	nonproof_token		excluded_nonproof_token
monograph/monograph.tex	2056	latex_code	csr\_cert\_addr	csr_cert_addr	nonproof	nonproof_token		excluded_nonproof_token
monograph/monograph.tex	2059	latex_code	has\_supra\_cert	has_supra_cert	nonproof	Definition		Definition@coq/ThieleMachineComplete.v:5231;Definition@coq/kernel/nfi/RevelationRequirement.v:98;Definition@coq/kernel/quantum/QuantumBound.v:53
monograph/monograph.tex	2066	latex_code	run\_graded\_is\_run	run_graded_is_run	proof	Theorem	Kernel.CostFrameworks.run_graded_is_run	unique_suffix
monograph/monograph.tex	2066	latex_code	run\_writer\_is\_run\_and\_cost	run_writer_is_run_and_cost	proof	Theorem	Kernel.CostSemanticsComparison.run_writer_is_run_and_cost	unique_suffix
monograph/monograph.tex	2070	latex_code	a2\_iff\_nonnegative\_amortized\_cost	a2_iff_nonnegative_amortized_cost	proof	Theorem	Kernel.CostSemanticsComparison.a2_iff_nonnegative_amortized_cost	unique_suffix
monograph/monograph.tex	2074	latex_code	CertificationSystem	CertificationSystem	nonproof	Record		Record@coq/kernel/nfi/UniversalCertificationCost.v:30
monograph/monograph.tex	2074	latex_code	certification\_system\_is\_potential\_method	certification_system_is_potential_method	proof	Corollary	Kernel.CostSemanticsComparison.certification_system_is_potential_method	unique_suffix
monograph/monograph.tex	2074	latex_code	nfi\_by\_potential	nfi_by_potential	proof	Theorem	Kernel.CostSemanticsComparison.nfi_by_potential	unique_suffix
monograph/monograph.tex	2076	latex_code	a2\_and\_aara\_iff\_exact	a2_and_aara_iff_exact	proof	Theorem	Kernel.CostFrameworks.a2_and_aara_iff_exact	unique_suffix
monograph/monograph.tex	2078	latex_code	flips\_le\_cost	flips_le_cost	proof	Theorem	Kernel.CostFrameworks.flips_le_cost	unique_suffix
monograph/monograph.tex	2084	latex_code	csr\_cert\_addr	csr_cert_addr	nonproof	nonproof_token		excluded_nonproof_token
monograph/monograph.tex	2084	latex_code	vm\_certified	vm_certified	nonproof	nonproof_token		excluded_nonproof_token
monograph/monograph.tex	2087	latex_code	csr\_cert\_addr	csr_cert_addr	nonproof	nonproof_token		excluded_nonproof_token
monograph/monograph.tex	2091	latex_code	csr\_cert\_addr	csr_cert_addr	nonproof	nonproof_token		excluded_nonproof_token
monograph/monograph.tex	2091	latex_code	csr\_cert\_addr	csr_cert_addr	nonproof	nonproof_token		excluded_nonproof_token
monograph/monograph.tex	2091	latex_code	instruction\_cost	instruction_cost	nonproof	Definition		Definition@coq/ThieleMachineComplete.v:2319;Definition@coq/kernel/foundation/VMStep.v:231
monograph/monograph.tex	2091	latex_code	vm\_apply	vm_apply	nonproof	Definition		Definition@coq/ThieleMachineComplete.v:3534;Definition@coq/kernel/foundation/SimulationProof.v:262
monograph/monograph.tex	2091	latex_code	vm\_csrs	vm_csrs	nonproof	nonproof_token		excluded_nonproof_token
monograph/monograph.tex	2091	latex_code	vm\_csrs	vm_csrs	nonproof	nonproof_token		excluded_nonproof_token
monograph/monograph.tex	2095	latex_code	cert\_addr\_setterb	cert_addr_setterb	nonproof	Definition		Definition@coq/kernel/nfi/AbstractNoFI.v:54
monograph/monograph.tex	2095	latex_code	cert\_addr\_setterb	cert_addr_setterb	nonproof	Definition		Definition@coq/kernel/nfi/AbstractNoFI.v:54
monograph/monograph.tex	2095	latex_code	csr\_cert\_addr	csr_cert_addr	nonproof	nonproof_token		excluded_nonproof_token
monograph/monograph.tex	2095	latex_code	instr\_emit	instr_emit	nonproof	nonproof_token		excluded_nonproof_token
monograph/monograph.tex	2095	latex_code	instr\_emit	instr_emit	nonproof	nonproof_token		excluded_nonproof_token
monograph/monograph.tex	2095	latex_code	instr\_lassert	instr_lassert	nonproof	nonproof_token		excluded_nonproof_token
monograph/monograph.tex	2095	latex_code	instr\_ljoin	instr_ljoin	nonproof	nonproof_token		excluded_nonproof_token
monograph/monograph.tex	2095	latex_code	instr\_morph\_assert	instr_morph_assert	nonproof	nonproof_token		excluded_nonproof_token
monograph/monograph.tex	2095	latex_code	instr\_morph\_assert	instr_morph_assert	nonproof	nonproof_token		excluded_nonproof_token
monograph/monograph.tex	2095	latex_code	instr\_reveal	instr_reveal	nonproof	nonproof_token		excluded_nonproof_token
monograph/monograph.tex	2095	latex_code	instr\_reveal	instr_reveal	nonproof	nonproof_token		excluded_nonproof_token
monograph/monograph.tex	2095	latex_code	instruction\_cost	instruction_cost	nonproof	Definition		Definition@coq/ThieleMachineComplete.v:2319;Definition@coq/kernel/foundation/VMStep.v:231
monograph/monograph.tex	2095	latex_code	vm\_apply	vm_apply	nonproof	Definition		Definition@coq/ThieleMachineComplete.v:3534;Definition@coq/kernel/foundation/SimulationProof.v:262
monograph/monograph.tex	2103	latex_code	csr\_cert\_addr	csr_cert_addr	nonproof	nonproof_token		excluded_nonproof_token
monograph/monograph.tex	2103	latex_code	csr\_cert\_addr	csr_cert_addr	nonproof	nonproof_token		excluded_nonproof_token
monograph/monograph.tex	2107	latex_code	csr\_cert\_addr	csr_cert_addr	nonproof	nonproof_token		excluded_nonproof_token
monograph/monograph.tex	2107	latex_code	instruction\_cost	instruction_cost	nonproof	Definition		Definition@coq/ThieleMachineComplete.v:2319;Definition@coq/kernel/foundation/VMStep.v:231
monograph/monograph.tex	2107	latex_code	vm\_apply	vm_apply	nonproof	Definition		Definition@coq/ThieleMachineComplete.v:3534;Definition@coq/kernel/foundation/SimulationProof.v:262
monograph/monograph.tex	2107	latex_code	vm\_csrs	vm_csrs	nonproof	nonproof_token		excluded_nonproof_token
monograph/monograph.tex	2111	latex_code	CERTIFY	CERTIFY	nonproof	nonproof_token		excluded_nonproof_token
monograph/monograph.tex	2115	latex_code	vm\_certified	vm_certified	nonproof	nonproof_token		excluded_nonproof_token
monograph/monograph.tex	2115	latex_code	vm\_certified	vm_certified	nonproof	nonproof_token		excluded_nonproof_token
monograph/monograph.tex	2119	latex_code	CERTIFY	CERTIFY	nonproof	nonproof_token		excluded_nonproof_token
monograph/monograph.tex	2119	latex_code	instr\_certify	instr_certify	nonproof	nonproof_token		excluded_nonproof_token
monograph/monograph.tex	2119	latex_code	vm\_certified	vm_certified	nonproof	nonproof_token		excluded_nonproof_token
monograph/monograph.tex	2119	latex_code	vm\_certified	vm_certified	nonproof	nonproof_token		excluded_nonproof_token
monograph/monograph.tex	2127	latex_theorem_label	allchannels	allchannels	proof	Theorem	Kernel.AbstractNoFI.no_free_certification_trace_mu	label_aggregate
monograph/monograph.tex	2127	latex_theorem_label	allchannels	allchannels	proof	Lemma	Kernel.WitnessInsightGeneral.no_free_certification_certified_trace_mu	label_aggregate
monograph/monograph.tex	2128	latex_code	csr\_cert\_addr	csr_cert_addr	nonproof	nonproof_token		excluded_nonproof_token
monograph/monograph.tex	2128	latex_code	vm\_certified	vm_certified	nonproof	nonproof_token		excluded_nonproof_token
monograph/monograph.tex	2132	latex_code	csr\_cert\_addr	csr_cert_addr	nonproof	nonproof_token		excluded_nonproof_token
monograph/monograph.tex	2132	latex_code	csr\_cert\_addr	csr_cert_addr	nonproof	nonproof_token		excluded_nonproof_token
monograph/monograph.tex	2132	latex_code	vm\_certified	vm_certified	nonproof	nonproof_token		excluded_nonproof_token
monograph/monograph.tex	2132	latex_code	vm\_certified	vm_certified	nonproof	nonproof_token		excluded_nonproof_token
monograph/monograph.tex	2135	latex_code	csr\_cert\_addr	csr_cert_addr	nonproof	nonproof_token		excluded_nonproof_token
monograph/monograph.tex	2135	latex_code	vm\_certified	vm_certified	nonproof	nonproof_token		excluded_nonproof_token
monograph/monograph.tex	2139	latex_code	csr\_cert\_addr	csr_cert_addr	nonproof	nonproof_token		excluded_nonproof_token
monograph/monograph.tex	2139	latex_code	vm\_certified = true	true	nonproof	nonproof_token		excluded_nonproof_token
monograph/monograph.tex	2139	latex_code	vm\_certified = true	vm_certified	nonproof	nonproof_token		excluded_nonproof_token
monograph/monograph.tex	2161	latex_code	permanent\_flip\_is\_not\_injective	permanent_flip_is_not_injective	proof	Theorem	Kernel.PermanentCertification.permanent_flip_is_not_injective	unique_suffix
monograph/monograph.tex	2169	latex_code	a2\_from\_merging\_price\_and\_permanence	a2_from_merging_price_and_permanence	proof	Theorem	Kernel.PermanentCertification.a2_from_merging_price_and_permanence	unique_suffix
monograph/monograph.tex	2170	latex_code	CertificationSystem	CertificationSystem	nonproof	Record		Record@coq/kernel/nfi/UniversalCertificationCost.v:30
monograph/monograph.tex	2170	latex_code	certification\_system\_from\_merging\_price	certification_system_from_merging_price	nonproof	Definition		Definition@coq/kernel/nfi/PermanentCertification.v:200
monograph/monograph.tex	2170	latex_code	permanent\_certification\_trace\_floor	permanent_certification_trace_floor	proof	Theorem	Kernel.PermanentCertification.permanent_certification_trace_floor	unique_suffix
monograph/monograph.tex	2170	latex_code	universal\_nfi\_any\_substrate	universal_nfi_any_substrate	proof	Theorem	Kernel.UniversalCertificationCost.universal_nfi_any_substrate	unique_suffix
monograph/monograph.tex	2177	latex_code	permanent\_flips\_collapse\_at\_least	permanent_flips_collapse_at_least	proof	Theorem	Kernel.PermanentCertification.permanent_flips_collapse_at_least	unique_suffix
monograph/monograph.tex	2179	latex_code	free\_merge\_escapes	free_merge_escapes	proof	Theorem	Kernel.PermanentCertification.free_merge_escapes	unique_suffix
monograph/monograph.tex	2179	latex_code	revocable\_certificate\_escapes	revocable_certificate_escapes	proof	Theorem	Kernel.PermanentCertification.revocable_certificate_escapes	unique_suffix
monograph/monograph.tex	2179	latex_code	unbounded\_history\_escapes	unbounded_history_escapes	proof	Theorem	Kernel.PermanentCertification.unbounded_history_escapes	unique_suffix
monograph/monograph.tex	2181	latex_code	commit\_without\_erasure\_system\_is\_not\_honest	commit_without_erasure_system_is_not_honest	proof	Theorem	Kernel.PermanentCertification.commit_without_erasure_system_is_not_honest	unique_suffix
monograph/monograph.tex	2181	latex_code	honest\_erasure\_accounting\_implies\_a2	honest_erasure_accounting_implies_a2	proof	Theorem	Kernel.PermanentCertification.honest_erasure_accounting_implies_a2	unique_suffix
monograph/monograph.tex	2183	latex_code	CERTIFY	CERTIFY	nonproof	nonproof_token		excluded_nonproof_token
monograph/monograph.tex	2183	latex_code	JUMP	JUMP	nonproof	nonproof_token		excluded_nonproof_token
monograph/monograph.tex	2192	latex_code	permanent\_flips\_compression\_bound	permanent_flips_compression_bound	proof	Theorem	Kernel.PermanentRecordPricing.permanent_flips_compression_bound	unique_suffix
monograph/monograph.tex	2192	latex_code	permanent\_flips\_log\_bound	permanent_flips_log_bound	proof	Theorem	Kernel.PermanentRecordPricing.permanent_flips_log_bound	unique_suffix
monograph/monograph.tex	2193	latex_code	compression\_priced	compression_priced	nonproof	Definition		Definition@coq/kernel/nfi/PermanentRecordPricing.v:84
monograph/monograph.tex	2199	latex_code	a2\_from\_compression\_price\_and\_permanence	a2_from_compression_price_and_permanence	proof	Theorem	Kernel.PermanentRecordPricing.a2_from_compression_price_and_permanence	unique_suffix
monograph/monograph.tex	2206	latex_code	quad\_stamp\_cost\_two\_is\_priced	quad_stamp_cost_two_is_priced	proof	Theorem	Kernel.PermanentRecordPricing.quad_stamp_cost_two_is_priced	unique_suffix
monograph/monograph.tex	2206	latex_code	quad\_stamp\_needs\_two	quad_stamp_needs_two	proof	Theorem	Kernel.PermanentRecordPricing.quad_stamp_needs_two	unique_suffix
monograph/monograph.tex	2217	latex_code	forced\_priced\_iff\_merges	forced_priced_iff_merges	proof	Theorem	Kernel.PermanentRecordPricing.forced_priced_iff_merges	unique_suffix
monograph/monograph.tex	2225	latex_code	flip\_merges\_or\_revokes	flip_merges_or_revokes	proof	Theorem	Kernel.PermanentRecordPricing.flip_merges_or_revokes	unique_suffix
monograph/monograph.tex	2230	latex_code	permanent\_at\_flip\_is\_not\_injective	permanent_at_flip_is_not_injective	proof	Theorem	Kernel.PermanentRecordPricing.permanent_at_flip_is_not_injective	unique_suffix
monograph/monograph.tex	2233	latex_code	permanent\_record\_write\_is\_forced\_priced	permanent_record_write_is_forced_priced	proof	Corollary	Kernel.PermanentRecordPricing.permanent_record_write_is_forced_priced	unique_suffix
monograph/monograph.tex	2237	latex_code	forced\_price\_without\_permanent\_record	forced_price_without_permanent_record	proof	Theorem	Kernel.PermanentRecordPricing.forced_price_without_permanent_record	unique_suffix
monograph/monograph.tex	2239	latex_code	injective\_flip\_revokes	injective_flip_revokes	proof	Corollary	Kernel.PermanentRecordPricing.injective_flip_revokes	unique_suffix
monograph/monograph.tex	2246	latex_code	exact\_commitment\_pricing\_characterization	exact_commitment_pricing_characterization	proof	Theorem	Kernel.CommitmentPredicateAdequacy.exact_commitment_pricing_characterization	unique_suffix
monograph/monograph.tex	2254	latex_code	shadow\_cannot\_price\_exactly	shadow_cannot_price_exactly	proof	Theorem	Kernel.ShadowPricing.shadow_cannot_price_exactly	unique_suffix
monograph/monograph.tex	2255	latex_code	shadow\_floor\_overcharges	shadow_floor_overcharges	proof	Theorem	Kernel.ShadowPricing.shadow_floor_overcharges	unique_suffix
monograph/monograph.tex	2262	latex_code	window\_showing\_reading\_prices\_exactly	window_showing_reading_prices_exactly	proof	Theorem	Kernel.ShadowPricing.window_showing_reading_prices_exactly	unique_suffix
monograph/monograph.tex	2263	latex_code	window\_showing\_reading\_has\_no\_collision	window_showing_reading_has_no_collision	proof	Theorem	Kernel.ShadowPricing.window_showing_reading_has_no_collision	unique_suffix
monograph/monograph.tex	2266	latex_code	CERTIFY 0	CERTIFY	nonproof	nonproof_token		excluded_nonproof_token
monograph/monograph.tex	2266	latex_code	JUMP 1 0	JUMP	nonproof	nonproof_token		excluded_nonproof_token
monograph/monograph.tex	2266	latex_code	JUMP 1 1	JUMP	nonproof	nonproof_token		excluded_nonproof_token
monograph/monograph.tex	2266	latex_code	bare\_observable	bare_observable	nonproof	Definition		Definition@coq/kernel/witness/ProjectionNonExistence.v:61
monograph/monograph.tex	2266	latex_code	forget	forget	nonproof	Definition		Definition@coq/kernel/witness/BlindnessRepresentation.v:51
monograph/monograph.tex	2266	latex_code	vm\_bare\_observable\_collision	vm_bare_observable_collision	proof	Theorem	Kernel.ShadowPricing.vm_bare_observable_collision	unique_suffix
monograph/monograph.tex	2266	latex_code	vm\_bare\_shadow\_cannot\_price\_exactly	vm_bare_shadow_cannot_price_exactly	proof	Theorem	Kernel.ShadowPricing.vm_bare_shadow_cannot_price_exactly	unique_suffix
monograph/monograph.tex	2266	latex_code	vm\_forget\_collision	vm_forget_collision	proof	Theorem	Kernel.ShadowPricing.vm_forget_collision	unique_suffix
monograph/monograph.tex	2266	latex_code	vm\_forget\_shadow\_cannot\_price\_exactly	vm_forget_shadow_cannot_price_exactly	proof	Theorem	Kernel.ShadowPricing.vm_forget_shadow_cannot_price_exactly	unique_suffix
monograph/monograph.tex	2268	latex_code	decoding\_requires\_fiber\_constancy	decoding_requires_fiber_constancy	proof	Theorem	Kernel.ObservationPolicy.decoding_requires_fiber_constancy	unique_suffix
monograph/monograph.tex	2279	latex_code	permanent\_step\_entropy\_ceiling	permanent_step_entropy_ceiling	proof	Theorem	Kernel.PermanentCertificationEntropy.permanent_step_entropy_ceiling	unique_suffix
monograph/monograph.tex	2279	latex_code	permanent\_step\_entropy\_drop	permanent_step_entropy_drop	proof	Theorem	Kernel.PermanentCertificationEntropy.permanent_step_entropy_drop	unique_suffix
monograph/monograph.tex	2284	latex_code	entropy\_le\_log\_support	entropy_le_log_support	proof	Theorem	Kernel.PermanentCertificationEntropy.entropy_le_log_support	unique_suffix
monograph/monograph.tex	2287	latex_code	permanent\_flip\_uniform\_entropy\_drop	permanent_flip_uniform_entropy_drop	proof	Theorem	Kernel.PermanentCertificationEntropy.permanent_flip_uniform_entropy_drop	unique_suffix
monograph/monograph.tex	2291	latex_code	a2\_from\_entropy\_price\_and\_permanence	a2_from_entropy_price_and_permanence	proof	Theorem	Kernel.PermanentCertificationEntropy.a2_from_entropy_price_and_permanence	unique_suffix
monograph/monograph.tex	2291	latex_code	entropy\_priced\_trace\_floor	entropy_priced_trace_floor	proof	Theorem	Kernel.PermanentCertificationEntropy.entropy_priced_trace_floor	unique_suffix
monograph/monograph.tex	2291	latex_code	step\_entropy\_invariant\_if\_injective	step_entropy_invariant_if_injective	proof	Theorem	Kernel.PermanentCertificationEntropy.step_entropy_invariant_if_injective	unique_suffix
monograph/monograph.tex	2291	latex_code	universal\_nfi\_any\_substrate	universal_nfi_any_substrate	proof	Theorem	Kernel.UniversalCertificationCost.universal_nfi_any_substrate	unique_suffix
monograph/monograph.tex	2293	latex_code	landauer\_heat	landauer_heat	nonproof	Definition		Definition@coq/kernel/nfi/PermanentCertificationEntropy.v:816
monograph/monograph.tex	2297	latex_code	permanent\_flip\_heat\_floor	permanent_flip_heat_floor	proof	Theorem	Kernel.PermanentCertificationEntropy.permanent_flip_heat_floor	unique_suffix
monograph/monograph.tex	2297	latex_code	permanent\_flip\_heat\_positive	permanent_flip_heat_positive	proof	Theorem	Kernel.PermanentCertificationEntropy.permanent_flip_heat_positive	unique_suffix
monograph/monograph.tex	2301	latex_code	entropy\_drop\_as\_point\_sum	entropy_drop_as_point_sum	proof	Theorem	Kernel.PermanentCertificationEntropy.entropy_drop_as_point_sum	unique_suffix
monograph/monograph.tex	2301	latex_code	entropy\_drop\_nonneg	entropy_drop_nonneg	proof	Theorem	Kernel.PermanentCertificationEntropy.entropy_drop_nonneg	unique_suffix
monograph/monograph.tex	2301	latex_code	entropy\_drop\_pos\_of\_support\_merge	entropy_drop_pos_of_support_merge	proof	Theorem	Kernel.PermanentCertificationEntropy.entropy_drop_pos_of_support_merge	unique_suffix
monograph/monograph.tex	2305	latex_code	permanent\_flip\_full\_support\_entropy\_drop\_positive	permanent_flip_full_support_entropy_drop_positive	proof	Theorem	Kernel.PermanentCertificationEntropy.permanent_flip_full_support_entropy_drop_positive	unique_suffix
monograph/monograph.tex	2305	latex_code	permanent\_flip\_full\_support\_heat\_positive	permanent_flip_full_support_heat_positive	proof	Theorem	Kernel.PermanentCertificationEntropy.permanent_flip_full_support_heat_positive	unique_suffix
monograph/monograph.tex	2306	latex_code	landauer\_heat	landauer_heat	nonproof	Definition		Definition@coq/kernel/nfi/PermanentCertificationEntropy.v:816
monograph/monograph.tex	2309	latex_code	known\_state\_flip\_forces\_no\_heat	known_state_flip_forces_no_heat	proof	Theorem	Kernel.PermanentCertificationEntropy.known_state_flip_forces_no_heat	unique_suffix
monograph/monograph.tex	2309	latex_code	known\_state\_step\_removes\_no\_entropy	known_state_step_removes_no_entropy	proof	Theorem	Kernel.PermanentCertificationEntropy.known_state_step_removes_no_entropy	unique_suffix
monograph/monograph.tex	2316	latex_code	vm\_certify\_merges	vm_certify_merges	proof	Theorem	Kernel.FiniteCertMachine.vm_certify_merges	unique_suffix
monograph/monograph.tex	2316	latex_code	vm\_certifying\_step\_is\_priced\_merge	vm_certifying_step_is_priced_merge	proof	Theorem	Kernel.FiniteCertMachine.vm_certifying_step_is_priced_merge	unique_suffix
monograph/monograph.tex	2317	latex_code	CERTIFY	CERTIFY	nonproof	nonproof_token		excluded_nonproof_token
monograph/monograph.tex	2320	latex_code	vm\_jump\_is\_free\_merge	vm_jump_is_free_merge	proof	Theorem	Kernel.FiniteCertMachine.vm_jump_is_free_merge	unique_suffix
monograph/monograph.tex	2320	latex_code	vm\_prices\_certifying\_merge\_leaves\_others\_free	vm_prices_certifying_merge_leaves_others_free	proof	Theorem	Kernel.FiniteCertMachine.vm_prices_certifying_merge_leaves_others_free	unique_suffix
monograph/monograph.tex	2321	latex_code	JUMP 0 0	JUMP	nonproof	nonproof_token		excluded_nonproof_token
monograph/monograph.tex	2324	latex_code	ADD	ADD	nonproof	nonproof_token		excluded_nonproof_token
monograph/monograph.tex	2324	latex_code	LOAD\_IMM	LOAD_IMM	nonproof	nonproof_token		excluded_nonproof_token
monograph/monograph.tex	2324	latex_code	STORE	STORE	nonproof	nonproof_token		excluded_nonproof_token
monograph/monograph.tex	2326	latex_code	a	a	nonproof	nonproof_token		excluded_nonproof_token
monograph/monograph.tex	2328	latex_code	fin\_compression\_priced	fin_compression_priced	proof	Theorem	Kernel.FiniteCertMachine.fin_compression_priced	unique_suffix
monograph/monograph.tex	2328	latex_code	fin\_finite	fin_finite	proof	Theorem	Kernel.FiniteCertMachine.fin_finite	unique_suffix
monograph/monograph.tex	2328	latex_code	fin\_merging\_priced	fin_merging_priced	proof	Theorem	Kernel.FiniteCertMachine.fin_merging_priced	unique_suffix
monograph/monograph.tex	2328	latex_code	fin\_permanent	fin_permanent	proof	Theorem	Kernel.FiniteCertMachine.fin_permanent	unique_suffix
monograph/monograph.tex	2329	latex_code	fcertify\_merges	fcertify_merges	proof	Theorem	Kernel.FiniteCertMachine.fcertify_merges	unique_suffix
monograph/monograph.tex	2329	latex_code	fin\_a2\_from\_compression\_price	fin_a2_from_compression_price	proof	Theorem	Kernel.FiniteCertMachine.fin_a2_from_compression_price	unique_suffix
monograph/monograph.tex	2329	latex_code	fin\_a2\_from\_merging\_price	fin_a2_from_merging_price	proof	Theorem	Kernel.FiniteCertMachine.fin_a2_from_merging_price	unique_suffix
monograph/monograph.tex	2329	latex_code	fjump\_merges	fjump_merges	proof	Theorem	Kernel.FiniteCertMachine.fjump_merges	unique_suffix
monograph/monograph.tex	2329	latex_code	fnext\_injective	fnext_injective	proof	Theorem	Kernel.FiniteCertMachine.fnext_injective	unique_suffix
monograph/monograph.tex	2332	latex_code	fiber\_bound\_compression	fiber_bound_compression	proof	Lemma	Kernel.FiniteCertMachine.fiber_bound_compression	unique_suffix
monograph/monograph.tex	2334	latex_code	vm\_pays\_finite\_price	vm_pays_finite_price	proof	Theorem	Kernel.FiniteCertMachine.vm_pays_finite_price	unique_suffix
monograph/monograph.tex	2334	latex_code	vm\_runs\_finite\_machine	vm_runs_finite_machine	proof	Theorem	Kernel.FiniteCertMachine.vm_runs_finite_machine	unique_suffix
monograph/monograph.tex	2334	latex_code	vm\_runs\_finite\_trace	vm_runs_finite_trace	proof	Theorem	Kernel.FiniteCertMachine.vm_runs_finite_trace	unique_suffix
monograph/monograph.tex	2335	latex_code	CERTIFY 0	CERTIFY	nonproof	nonproof_token		excluded_nonproof_token
monograph/monograph.tex	2335	latex_code	CHECKPOINT "" 0	CHECKPOINT	nonproof	nonproof_token		excluded_nonproof_token
monograph/monograph.tex	2335	latex_code	JUMP a 2	JUMP	nonproof	nonproof_token		excluded_nonproof_token
monograph/monograph.tex	2335	latex_code	JUMP a 2	a	nonproof	nonproof_token		excluded_nonproof_token
monograph/monograph.tex	2338	latex_code	vm\_fragment\_certification\_paid	vm_fragment_certification_paid	proof	Theorem	Kernel.FiniteCertMachine.vm_fragment_certification_paid	unique_suffix
monograph/monograph.tex	2342	latex_code	JUMP	JUMP	nonproof	nonproof_token		excluded_nonproof_token
monograph/monograph.tex	2342	latex_code	mu\_delta	mu_delta	nonproof	nonproof_token		excluded_nonproof_token
monograph/monograph.tex	2360	latex_code	run\_narrowing\_priced\_log	run_narrowing_priced_log	proof	Theorem	Kernel.KnowledgeNarrowing.run_narrowing_priced_log	unique_suffix
monograph/monograph.tex	2361	latex_code	compression\_priced	compression_priced	nonproof	Definition		Definition@coq/kernel/nfi/PermanentRecordPricing.v:84
monograph/monograph.tex	2372	latex_code	observer\_narrowing\_can\_be\_free	observer_narrowing_can_be_free	proof	Theorem	Kernel.KnowledgeNarrowing.observer_narrowing_can_be_free	unique_suffix
monograph/monograph.tex	2381	latex_code	demon\_machine\_spread\_kept	demon_machine_spread_kept	proof	Theorem	Kernel.KnowledgeNarrowing.demon_machine_spread_kept	unique_suffix
monograph/monograph.tex	2384	latex_code	wipe\_costs\_at\_least\_one	wipe_costs_at_least_one	proof	Theorem	Kernel.KnowledgeNarrowing.wipe_costs_at_least_one	unique_suffix
monograph/monograph.tex	2388	latex_code	XOR\_ADD 2 1 0	XOR_ADD	nonproof	nonproof_token		excluded_nonproof_token
monograph/monograph.tex	2388	latex_code	vm\_observer\_narrowing\_at\_zero\_cost	vm_observer_narrowing_at_zero_cost	proof	Theorem	Kernel.KnowledgeNarrowing.vm_observer_narrowing_at_zero_cost	unique_suffix
monograph/monograph.tex	2390	latex_code	demon\_refutes\_incremental	demon_refutes_incremental	proof	Theorem	Kernel.KnowledgeNarrowingMinimal.demon_refutes_incremental	unique_suffix
monograph/monograph.tex	2391	latex_code	free\_incremental\_narrowing\_with\_three	free_incremental_narrowing_with_three	proof	Theorem	Kernel.KnowledgeNarrowingMinimal.free_incremental_narrowing_with_three	unique_suffix
monograph/monograph.tex	2392	latex_code	no\_free\_incremental\_narrowing\_below\_three	no_free_incremental_narrowing_below_three	proof	Theorem	Kernel.KnowledgeNarrowingMinimal.no_free_incremental_narrowing_below_three	unique_suffix
monograph/monograph.tex	2410	latex_code	AdmitsShortcut	AdmitsShortcut	nonproof	nonproof_token		excluded_nonproof_token
monograph/monograph.tex	2410	latex_code	csr\_cert\_addr	csr_cert_addr	nonproof	nonproof_token		excluded_nonproof_token
monograph/monograph.tex	2414	latex_code	Substrate	Substrate	nonproof	Class		Class@coq/kernel/foundation/Substrate.v:54
monograph/monograph.tex	2417	latex_code	state	state	nonproof	Record		Record@coq/kernel/foundation/Kernel.v:33
monograph/monograph.tex	2418	latex_code	Program	Program	nonproof	nonproof_token		excluded_nonproof_token
monograph/monograph.tex	2419	latex_code	None	None	nonproof	nonproof_token		excluded_nonproof_token
monograph/monograph.tex	2419	latex_code	Some	Some	nonproof	nonproof_token		excluded_nonproof_token
monograph/monograph.tex	2419	latex_code	run : Program $\to$ state $\to$ option state	Program	nonproof	nonproof_token		excluded_nonproof_token
monograph/monograph.tex	2419	latex_code	run : Program $\to$ state $\to$ option state	option	nonproof	nonproof_token		excluded_nonproof_token
monograph/monograph.tex	2419	latex_code	run : Program $\to$ state $\to$ option state	run	nonproof	Definition,Fixpoint		Definition@coq/nofi/Instance_Kernel.v:52;Fixpoint@coq/kernel/nfi/CostFrameworks.v:57;Fixpoint@coq/kernel/nfi/CostSemanticsComparison.v:84;Fixpoint@coq/kernel/nfi/KnowledgeNarrowing.v:68
monograph/monograph.tex	2419	latex_code	run : Program $\to$ state $\to$ option state	state	nonproof	Record		Record@coq/kernel/foundation/Kernel.v:33
monograph/monograph.tex	2419	latex_code	run : Program $\to$ state $\to$ option state	state	nonproof	Record		Record@coq/kernel/foundation/Kernel.v:33
monograph/monograph.tex	2419	latex_code	run : Program $\to$ state $\to$ option state	to	nonproof	nonproof_token		excluded_nonproof_token
monograph/monograph.tex	2419	latex_code	run : Program $\to$ state $\to$ option state	to	nonproof	nonproof_token		excluded_nonproof_token
monograph/monograph.tex	2419	latex_code	step	step	nonproof	Inductive		Inductive@coq/kernel/foundation/LRecursion.v:105;Inductive@coq/thielemachine/ThieleMachine.v:190
monograph/monograph.tex	2420	latex_code	mu : state $\to$ nat	mu	nonproof	Definition		Definition@coq/nofi/Instance_Kernel.v:57;Definition@coq/thermodynamic/LandauerDerived.v:227
monograph/monograph.tex	2420	latex_code	mu : state $\to$ nat	nat	nonproof	nonproof_token		excluded_nonproof_token
monograph/monograph.tex	2420	latex_code	mu : state $\to$ nat	state	nonproof	Record		Record@coq/kernel/foundation/Kernel.v:33
monograph/monograph.tex	2420	latex_code	mu : state $\to$ nat	to	nonproof	nonproof_token		excluded_nonproof_token
monograph/monograph.tex	2421	latex_code	step : Program $\to$ state $\to$ state $\to$ Prop	Program	nonproof	nonproof_token		excluded_nonproof_token
monograph/monograph.tex	2421	latex_code	step : Program $\to$ state $\to$ state $\to$ Prop	Prop	nonproof	nonproof_token		excluded_nonproof_token
monograph/monograph.tex	2421	latex_code	step : Program $\to$ state $\to$ state $\to$ Prop	state	nonproof	Record		Record@coq/kernel/foundation/Kernel.v:33
monograph/monograph.tex	2421	latex_code	step : Program $\to$ state $\to$ state $\to$ Prop	state	nonproof	Record		Record@coq/kernel/foundation/Kernel.v:33
monograph/monograph.tex	2421	latex_code	step : Program $\to$ state $\to$ state $\to$ Prop	step	nonproof	Inductive		Inductive@coq/kernel/foundation/LRecursion.v:105;Inductive@coq/thielemachine/ThieleMachine.v:190
monograph/monograph.tex	2421	latex_code	step : Program $\to$ state $\to$ state $\to$ Prop	to	nonproof	nonproof_token		excluded_nonproof_token
monograph/monograph.tex	2421	latex_code	step : Program $\to$ state $\to$ state $\to$ Prop	to	nonproof	nonproof_token		excluded_nonproof_token
monograph/monograph.tex	2421	latex_code	step : Program $\to$ state $\to$ state $\to$ Prop	to	nonproof	nonproof_token		excluded_nonproof_token
monograph/monograph.tex	2422	latex_code	CertificationSystem	CertificationSystem	nonproof	Record		Record@coq/kernel/nfi/UniversalCertificationCost.v:30
monograph/monograph.tex	2422	latex_code	Substrate.mu\_monotone	Substrate.mu_monotone	nonproof	nonproof_token		excluded_nonproof_token
monograph/monograph.tex	2422	latex_code	forall p s s', step p s s' $\to$ mu s $\le$ mu s'	forall	nonproof	nonproof_token		excluded_nonproof_token
monograph/monograph.tex	2422	latex_code	forall p s s', step p s s' $\to$ mu s $\le$ mu s'	le	nonproof	nonproof_token		excluded_nonproof_token
monograph/monograph.tex	2422	latex_code	forall p s s', step p s s' $\to$ mu s $\le$ mu s'	mu	nonproof	Definition		Definition@coq/nofi/Instance_Kernel.v:57;Definition@coq/thermodynamic/LandauerDerived.v:227
monograph/monograph.tex	2422	latex_code	forall p s s', step p s s' $\to$ mu s $\le$ mu s'	mu	nonproof	Definition		Definition@coq/nofi/Instance_Kernel.v:57;Definition@coq/thermodynamic/LandauerDerived.v:227
monograph/monograph.tex	2422	latex_code	forall p s s', step p s s' $\to$ mu s $\le$ mu s'	p	nonproof	nonproof_token		excluded_nonproof_token
monograph/monograph.tex	2422	latex_code	forall p s s', step p s s' $\to$ mu s $\le$ mu s'	p	nonproof	nonproof_token		excluded_nonproof_token
monograph/monograph.tex	2422	latex_code	forall p s s', step p s s' $\to$ mu s $\le$ mu s'	s	nonproof	nonproof_token		excluded_nonproof_token
monograph/monograph.tex	2422	latex_code	forall p s s', step p s s' $\to$ mu s $\le$ mu s'	s	nonproof	nonproof_token		excluded_nonproof_token
monograph/monograph.tex	2422	latex_code	forall p s s', step p s s' $\to$ mu s $\le$ mu s'	s	nonproof	nonproof_token		excluded_nonproof_token
monograph/monograph.tex	2422	latex_code	forall p s s', step p s s' $\to$ mu s $\le$ mu s'	s'	nonproof	nonproof_token		excluded_nonproof_token
monograph/monograph.tex	2422	latex_code	forall p s s', step p s s' $\to$ mu s $\le$ mu s'	s'	nonproof	nonproof_token		excluded_nonproof_token
monograph/monograph.tex	2422	latex_code	forall p s s', step p s s' $\to$ mu s $\le$ mu s'	s'	nonproof	nonproof_token		excluded_nonproof_token
monograph/monograph.tex	2422	latex_code	forall p s s', step p s s' $\to$ mu s $\le$ mu s'	step	nonproof	Inductive		Inductive@coq/kernel/foundation/LRecursion.v:105;Inductive@coq/thielemachine/ThieleMachine.v:190
monograph/monograph.tex	2422	latex_code	forall p s s', step p s s' $\to$ mu s $\le$ mu s'	to	nonproof	nonproof_token		excluded_nonproof_token
monograph/monograph.tex	2423	latex_code	decode\_safe (encode p) = p	decode_safe	nonproof	nonproof_token		excluded_nonproof_token
monograph/monograph.tex	2423	latex_code	decode\_safe (encode p) = p	encode	nonproof	nonproof_token		excluded_nonproof_token
monograph/monograph.tex	2423	latex_code	decode\_safe (encode p) = p	p	nonproof	nonproof_token		excluded_nonproof_token
monograph/monograph.tex	2423	latex_code	decode\_safe (encode p) = p	p	nonproof	nonproof_token		excluded_nonproof_token
monograph/monograph.tex	2423	latex_code	decode\_safe : state $\to$ Program	Program	nonproof	nonproof_token		excluded_nonproof_token
monograph/monograph.tex	2423	latex_code	decode\_safe : state $\to$ Program	decode_safe	nonproof	nonproof_token		excluded_nonproof_token
monograph/monograph.tex	2423	latex_code	decode\_safe : state $\to$ Program	state	nonproof	Record		Record@coq/kernel/foundation/Kernel.v:33
monograph/monograph.tex	2423	latex_code	decode\_safe : state $\to$ Program	to	nonproof	nonproof_token		excluded_nonproof_token
monograph/monograph.tex	2423	latex_code	encode : Program $\to$ state	Program	nonproof	nonproof_token		excluded_nonproof_token
monograph/monograph.tex	2423	latex_code	encode : Program $\to$ state	encode	nonproof	nonproof_token		excluded_nonproof_token
monograph/monograph.tex	2423	latex_code	encode : Program $\to$ state	state	nonproof	Record		Record@coq/kernel/foundation/Kernel.v:33
monograph/monograph.tex	2423	latex_code	encode : Program $\to$ state	to	nonproof	nonproof_token		excluded_nonproof_token
monograph/monograph.tex	2424	latex_code	Representable : (Program $\to$ Program) $\to$ Prop	Program	nonproof	nonproof_token		excluded_nonproof_token
monograph/monograph.tex	2424	latex_code	Representable : (Program $\to$ Program) $\to$ Prop	Program	nonproof	nonproof_token		excluded_nonproof_token
monograph/monograph.tex	2424	latex_code	Representable : (Program $\to$ Program) $\to$ Prop	Prop	nonproof	nonproof_token		excluded_nonproof_token
monograph/monograph.tex	2424	latex_code	Representable : (Program $\to$ Program) $\to$ Prop	Representable	nonproof	nonproof_token		excluded_nonproof_token
monograph/monograph.tex	2424	latex_code	Representable : (Program $\to$ Program) $\to$ Prop	to	nonproof	nonproof_token		excluded_nonproof_token
monograph/monograph.tex	2424	latex_code	Representable : (Program $\to$ Program) $\to$ Prop	to	nonproof	nonproof_token		excluded_nonproof_token
monograph/monograph.tex	2424	latex_code	Representable f	Representable	nonproof	nonproof_token		excluded_nonproof_token
monograph/monograph.tex	2424	latex_code	Representable f	f	nonproof	nonproof_token		excluded_nonproof_token
monograph/monograph.tex	2424	latex_code	f	f	nonproof	nonproof_token		excluded_nonproof_token
monograph/monograph.tex	2425	latex_code	f : Program $\to$ Program	Program	nonproof	nonproof_token		excluded_nonproof_token
monograph/monograph.tex	2425	latex_code	f : Program $\to$ Program	Program	nonproof	nonproof_token		excluded_nonproof_token
monograph/monograph.tex	2425	latex_code	f : Program $\to$ Program	f	nonproof	nonproof_token		excluded_nonproof_token
monograph/monograph.tex	2425	latex_code	f : Program $\to$ Program	to	nonproof	nonproof_token		excluded_nonproof_token
monograph/monograph.tex	2425	latex_code	f p	f	nonproof	nonproof_token		excluded_nonproof_token
monograph/monograph.tex	2425	latex_code	f p	p	nonproof	nonproof_token		excluded_nonproof_token
monograph/monograph.tex	2425	latex_code	p	p	nonproof	nonproof_token		excluded_nonproof_token
monograph/monograph.tex	2430	latex_code	M (vm\_apply s i) = M s + instruction\_cost i	M	nonproof	nonproof_token		excluded_nonproof_token
monograph/monograph.tex	2430	latex_code	M (vm\_apply s i) = M s + instruction\_cost i	M	nonproof	nonproof_token		excluded_nonproof_token
monograph/monograph.tex	2430	latex_code	M (vm\_apply s i) = M s + instruction\_cost i	i	nonproof	nonproof_token		excluded_nonproof_token
monograph/monograph.tex	2430	latex_code	M (vm\_apply s i) = M s + instruction\_cost i	i	nonproof	nonproof_token		excluded_nonproof_token
monograph/monograph.tex	2430	latex_code	M (vm\_apply s i) = M s + instruction\_cost i	instruction_cost	nonproof	Definition		Definition@coq/ThieleMachineComplete.v:2319;Definition@coq/kernel/foundation/VMStep.v:231
monograph/monograph.tex	2430	latex_code	M (vm\_apply s i) = M s + instruction\_cost i	s	nonproof	nonproof_token		excluded_nonproof_token
monograph/monograph.tex	2430	latex_code	M (vm\_apply s i) = M s + instruction\_cost i	s	nonproof	nonproof_token		excluded_nonproof_token
monograph/monograph.tex	2430	latex_code	M (vm\_apply s i) = M s + instruction\_cost i	vm_apply	nonproof	Definition		Definition@coq/ThieleMachineComplete.v:3534;Definition@coq/kernel/foundation/SimulationProof.v:262
monograph/monograph.tex	2430	latex_code	mu\_is\_initial\_monotone	mu_is_initial_monotone	proof	Theorem	Kernel.MuInitiality.mu_is_initial_monotone	explicit_binding
monograph/monograph.tex	2434	latex_code	AdmitsShortcut	AdmitsShortcut	nonproof	nonproof_token		excluded_nonproof_token
monograph/monograph.tex	2434	latex_code	run	run	nonproof	Definition,Fixpoint		Definition@coq/nofi/Instance_Kernel.v:52;Fixpoint@coq/kernel/nfi/CostFrameworks.v:57;Fixpoint@coq/kernel/nfi/CostSemanticsComparison.v:84;Fixpoint@coq/kernel/nfi/KnowledgeNarrowing.v:68
monograph/monograph.tex	2436	latex_code	AdmitsShortcut	AdmitsShortcut	nonproof	nonproof_token		excluded_nonproof_token
monograph/monograph.tex	2436	latex_code	WithShortcutPredicate	WithShortcutPredicate	nonproof	Class		Class@coq/kernel/nfi/StructuralUndecidability.v:69
monograph/monograph.tex	2436	latex_code	no\_program	no_program	nonproof	nonproof_token		excluded_nonproof_token
monograph/monograph.tex	2436	latex_code	yes\_program	yes_program	nonproof	nonproof_token		excluded_nonproof_token
monograph/monograph.tex	2440	latex_code	nat\_admits d	d	nonproof	nonproof_token		excluded_nonproof_token
monograph/monograph.tex	2440	latex_code	nat\_admits d	nat_admits	nonproof	Definition		Definition@coq/kernel/foundation/NatSubstrateInstance.v:179
monograph/monograph.tex	2440	latex_code	nat\_self\_undecidable	nat_self_undecidable	proof	Corollary	Kernel.NatSubstrateInstance.nat_self_undecidable	unique_suffix
monograph/monograph.tex	2440	latex_code	nat\_substrate d	d	nonproof	nonproof_token		excluded_nonproof_token
monograph/monograph.tex	2440	latex_code	nat\_substrate d	nat_substrate	nonproof	Definition		Definition@coq/kernel/foundation/NatSubstrateInstance.v:149
monograph/monograph.tex	2442	latex_code	forall	forall	nonproof	nonproof_token		excluded_nonproof_token
monograph/monograph.tex	2442	latex_code	nat\_substrate d	d	nonproof	nonproof_token		excluded_nonproof_token
monograph/monograph.tex	2442	latex_code	nat\_substrate d	nat_substrate	nonproof	Definition		Definition@coq/kernel/foundation/NatSubstrateInstance.v:149
monograph/monograph.tex	2442	latex_code	nat\_to\_program	nat_to_program	nonproof	Definition		Definition@coq/kernel/foundation/VMInstructionEncoding.v:619
monograph/monograph.tex	2442	latex_code	program\_to\_nat	program_to_nat	nonproof	Definition		Definition@coq/kernel/foundation/VMInstructionEncoding.v:616
monograph/monograph.tex	2442	latex_code	vm\_decode\_safe	vm_decode_safe	nonproof	nonproof_token		excluded_nonproof_token
monograph/monograph.tex	2442	latex_code	vm\_encode	vm_encode	nonproof	nonproof_token		excluded_nonproof_token
monograph/monograph.tex	2442	latex_code	vm\_representable	vm_representable	nonproof	nonproof_token		excluded_nonproof_token
monograph/monograph.tex	2442	latex_code	vm\_structural\_shortcut\_undecidable\_encoded	vm_structural_shortcut_undecidable_encoded	proof	Theorem	Kernel.VMSubstrateEncoded.vm_structural_shortcut_undecidable_encoded	unique_suffix
monograph/monograph.tex	2442	latex_code	vm\_substrate	vm_substrate	nonproof	Definition		Definition@coq/kernel/foundation/VMSubstrateInstance.v:146
monograph/monograph.tex	2444	latex_code	AdmitsShortcut	AdmitsShortcut	nonproof	nonproof_token		excluded_nonproof_token
monograph/monograph.tex	2444	latex_code	WithShortcutPredicate	WithShortcutPredicate	nonproof	Class		Class@coq/kernel/nfi/StructuralUndecidability.v:69
monograph/monograph.tex	2444	latex_code	init\_state	init_state	nonproof	Definition		Definition@coq/ThieleMachineComplete.v:5464;Definition@coq/kernel/mu_calculus/MuInitiality.v:34
monograph/monograph.tex	2444	latex_code	init\_state	init_state	nonproof	Definition		Definition@coq/ThieleMachineComplete.v:5464;Definition@coq/kernel/mu_calculus/MuInitiality.v:34
monograph/monograph.tex	2444	latex_code	no\_program	no_program	nonproof	nonproof_token		excluded_nonproof_token
monograph/monograph.tex	2444	latex_code	run	run	nonproof	Definition,Fixpoint		Definition@coq/nofi/Instance_Kernel.v:52;Fixpoint@coq/kernel/nfi/CostFrameworks.v:57;Fixpoint@coq/kernel/nfi/CostSemanticsComparison.v:84;Fixpoint@coq/kernel/nfi/KnowledgeNarrowing.v:68
monograph/monograph.tex	2444	latex_code	simple\_morph\_final	simple_morph_final	nonproof	Definition		Definition@coq/kernel/nfi/SimpleMorphShortcut.v:38
monograph/monograph.tex	2444	latex_code	simple\_morph\_trace	simple_morph_trace	nonproof	Definition		Definition@coq/kernel/nfi/SimpleMorphShortcut.v:32
monograph/monograph.tex	2444	latex_code	simple\_morph\_trace	simple_morph_trace	nonproof	Definition		Definition@coq/kernel/nfi/SimpleMorphShortcut.v:32
monograph/monograph.tex	2444	latex_code	yes\_program	yes_program	nonproof	nonproof_token		excluded_nonproof_token
monograph/monograph.tex	2453	latex_code	AdmitsShortcut p	AdmitsShortcut	nonproof	nonproof_token		excluded_nonproof_token
monograph/monograph.tex	2453	latex_code	AdmitsShortcut p	p	nonproof	nonproof_token		excluded_nonproof_token
monograph/monograph.tex	2453	latex_code	decide : Program $\to$ bool	Program	nonproof	nonproof_token		excluded_nonproof_token
monograph/monograph.tex	2453	latex_code	decide : Program $\to$ bool	bool	nonproof	nonproof_token		excluded_nonproof_token
monograph/monograph.tex	2453	latex_code	decide : Program $\to$ bool	decide	nonproof	nonproof_token		excluded_nonproof_token
monograph/monograph.tex	2453	latex_code	decide : Program $\to$ bool	to	nonproof	nonproof_token		excluded_nonproof_token
monograph/monograph.tex	2453	latex_code	decide p = true	decide	nonproof	nonproof_token		excluded_nonproof_token
monograph/monograph.tex	2453	latex_code	decide p = true	p	nonproof	nonproof_token		excluded_nonproof_token
monograph/monograph.tex	2453	latex_code	decide p = true	true	nonproof	nonproof_token		excluded_nonproof_token
monograph/monograph.tex	2453	latex_code	p	p	nonproof	nonproof_token		excluded_nonproof_token
monograph/monograph.tex	2457	latex_code	decide	decide	nonproof	nonproof_token		excluded_nonproof_token
monograph/monograph.tex	2461	latex_code	flip	flip	nonproof	nonproof_token		excluded_nonproof_token
monograph/monograph.tex	2461	latex_code	flip	flip	nonproof	nonproof_token		excluded_nonproof_token
monograph/monograph.tex	2461	latex_code	p	p	nonproof	nonproof_token		excluded_nonproof_token
monograph/monograph.tex	2461	latex_code	prog\_equiv	prog_equiv	nonproof	nonproof_token		excluded_nonproof_token
monograph/monograph.tex	2461	latex_code	recursion\_theorem	recursion_theorem	nonproof	nonproof_token		excluded_nonproof_token
monograph/monograph.tex	2461	latex_code	run	run	nonproof	Definition,Fixpoint		Definition@coq/nofi/Instance_Kernel.v:52;Fixpoint@coq/kernel/nfi/CostFrameworks.v:57;Fixpoint@coq/kernel/nfi/CostSemanticsComparison.v:84;Fixpoint@coq/kernel/nfi/KnowledgeNarrowing.v:68
monograph/monograph.tex	2463	latex_code	AdmitsShortcut	AdmitsShortcut	nonproof	nonproof_token		excluded_nonproof_token
monograph/monograph.tex	2463	latex_code	AdmitsShortcut no\_program	AdmitsShortcut	nonproof	nonproof_token		excluded_nonproof_token
monograph/monograph.tex	2463	latex_code	AdmitsShortcut no\_program	no_program	nonproof	nonproof_token		excluded_nonproof_token
monograph/monograph.tex	2463	latex_code	AdmitsShortcut p	AdmitsShortcut	nonproof	nonproof_token		excluded_nonproof_token
monograph/monograph.tex	2463	latex_code	AdmitsShortcut p	AdmitsShortcut	nonproof	nonproof_token		excluded_nonproof_token
monograph/monograph.tex	2463	latex_code	AdmitsShortcut p	p	nonproof	nonproof_token		excluded_nonproof_token
monograph/monograph.tex	2463	latex_code	AdmitsShortcut p	p	nonproof	nonproof_token		excluded_nonproof_token
monograph/monograph.tex	2463	latex_code	decide p	decide	nonproof	nonproof_token		excluded_nonproof_token
monograph/monograph.tex	2463	latex_code	decide p	p	nonproof	nonproof_token		excluded_nonproof_token
monograph/monograph.tex	2463	latex_code	decide p = true	decide	nonproof	nonproof_token		excluded_nonproof_token
monograph/monograph.tex	2463	latex_code	decide p = true	p	nonproof	nonproof_token		excluded_nonproof_token
monograph/monograph.tex	2463	latex_code	decide p = true	true	nonproof	nonproof_token		excluded_nonproof_token
monograph/monograph.tex	2463	latex_code	flip	flip	nonproof	nonproof_token		excluded_nonproof_token
monograph/monograph.tex	2463	latex_code	no\_program\_refuses	no_program_refuses	nonproof	nonproof_token		excluded_nonproof_token
monograph/monograph.tex	2465	latex_code	$\neg$ AdmitsShortcut p	AdmitsShortcut	nonproof	nonproof_token		excluded_nonproof_token
monograph/monograph.tex	2465	latex_code	$\neg$ AdmitsShortcut p	neg	nonproof	nonproof_token		excluded_nonproof_token
monograph/monograph.tex	2465	latex_code	$\neg$ AdmitsShortcut p	p	nonproof	nonproof_token		excluded_nonproof_token
monograph/monograph.tex	2465	latex_code	AdmitsShortcut p	AdmitsShortcut	nonproof	nonproof_token		excluded_nonproof_token
monograph/monograph.tex	2465	latex_code	AdmitsShortcut p	p	nonproof	nonproof_token		excluded_nonproof_token
monograph/monograph.tex	2465	latex_code	AdmitsShortcut yes\_program	AdmitsShortcut	nonproof	nonproof_token		excluded_nonproof_token
monograph/monograph.tex	2465	latex_code	AdmitsShortcut yes\_program	yes_program	nonproof	nonproof_token		excluded_nonproof_token
monograph/monograph.tex	2465	latex_code	decide p = false	decide	nonproof	nonproof_token		excluded_nonproof_token
monograph/monograph.tex	2465	latex_code	decide p = false	false	nonproof	nonproof_token		excluded_nonproof_token
monograph/monograph.tex	2465	latex_code	decide p = false	p	nonproof	nonproof_token		excluded_nonproof_token
monograph/monograph.tex	2465	latex_code	yes\_program\_admits	yes_program_admits	nonproof	nonproof_token		excluded_nonproof_token
monograph/monograph.tex	2467	latex_code	Closed under the global context	Closed	nonproof	nonproof_token		excluded_nonproof_token
monograph/monograph.tex	2467	latex_code	Closed under the global context	context	nonproof	nonproof_token		excluded_nonproof_token
monograph/monograph.tex	2467	latex_code	Closed under the global context	global	nonproof	nonproof_token		excluded_nonproof_token
monograph/monograph.tex	2467	latex_code	Closed under the global context	the	nonproof	nonproof_token		excluded_nonproof_token
monograph/monograph.tex	2467	latex_code	Closed under the global context	under	nonproof	nonproof_token		excluded_nonproof_token
monograph/monograph.tex	2467	latex_code	Print Assumptions structural\_shortcut\_undecidable	Assumptions	nonproof	nonproof_token		excluded_nonproof_token
monograph/monograph.tex	2467	latex_code	Print Assumptions structural\_shortcut\_undecidable	Print	nonproof	nonproof_token		excluded_nonproof_token
monograph/monograph.tex	2467	latex_code	Print Assumptions structural\_shortcut\_undecidable	structural_shortcut_undecidable	proof	Theorem	Kernel.StructuralUndecidability.structural_shortcut_undecidable	unique_suffix
monograph/monograph.tex	2467	latex_code	decide	decide	nonproof	nonproof_token		excluded_nonproof_token
monograph/monograph.tex	2475	latex_code	d	d	nonproof	nonproof_token		excluded_nonproof_token
monograph/monograph.tex	2475	latex_code	d : nat $\to$ bool	bool	nonproof	nonproof_token		excluded_nonproof_token
monograph/monograph.tex	2475	latex_code	d : nat $\to$ bool	d	nonproof	nonproof_token		excluded_nonproof_token
monograph/monograph.tex	2475	latex_code	d : nat $\to$ bool	nat	nonproof	nonproof_token		excluded_nonproof_token
monograph/monograph.tex	2475	latex_code	d : nat $\to$ bool	to	nonproof	nonproof_token		excluded_nonproof_token
monograph/monograph.tex	2475	latex_code	nat\_self\_undecidable	nat_self_undecidable	proof	Corollary	Kernel.NatSubstrateInstance.nat_self_undecidable	unique_suffix
monograph/monograph.tex	2475	latex_code	nat\_substrate d	d	nonproof	nonproof_token		excluded_nonproof_token
monograph/monograph.tex	2475	latex_code	nat\_substrate d	nat_substrate	nonproof	Definition		Definition@coq/kernel/foundation/NatSubstrateInstance.v:149
monograph/monograph.tex	2479	latex_code	AdmitsShortcut	AdmitsShortcut	nonproof	nonproof_token		excluded_nonproof_token
monograph/monograph.tex	2479	latex_code	Closed under the global context	Closed	nonproof	nonproof_token		excluded_nonproof_token
monograph/monograph.tex	2479	latex_code	Closed under the global context	context	nonproof	nonproof_token		excluded_nonproof_token
monograph/monograph.tex	2479	latex_code	Closed under the global context	global	nonproof	nonproof_token		excluded_nonproof_token
monograph/monograph.tex	2479	latex_code	Closed under the global context	the	nonproof	nonproof_token		excluded_nonproof_token
monograph/monograph.tex	2479	latex_code	Closed under the global context	under	nonproof	nonproof_token		excluded_nonproof_token
monograph/monograph.tex	2479	latex_code	Print Assumptions	Assumptions	nonproof	nonproof_token		excluded_nonproof_token
monograph/monograph.tex	2479	latex_code	Print Assumptions	Print	nonproof	nonproof_token		excluded_nonproof_token
monograph/monograph.tex	2479	latex_code	Program := nat	Program	nonproof	nonproof_token		excluded_nonproof_token
monograph/monograph.tex	2479	latex_code	Program := nat	nat	nonproof	nonproof_token		excluded_nonproof_token
monograph/monograph.tex	2479	latex_code	Representable f	Representable	nonproof	nonproof_token		excluded_nonproof_token
monograph/monograph.tex	2479	latex_code	Representable f	f	nonproof	nonproof_token		excluded_nonproof_token
monograph/monograph.tex	2479	latex_code	d	d	nonproof	nonproof_token		excluded_nonproof_token
monograph/monograph.tex	2479	latex_code	d	d	nonproof	nonproof_token		excluded_nonproof_token
monograph/monograph.tex	2479	latex_code	f	f	nonproof	nonproof_token		excluded_nonproof_token
monograph/monograph.tex	2479	latex_code	nat\_admits d	d	nonproof	nonproof_token		excluded_nonproof_token
monograph/monograph.tex	2479	latex_code	nat\_admits d	nat_admits	nonproof	Definition		Definition@coq/kernel/foundation/NatSubstrateInstance.v:179
monograph/monograph.tex	2479	latex_code	nat\_run d	d	nonproof	nonproof_token		excluded_nonproof_token
monograph/monograph.tex	2479	latex_code	nat\_run d	nat_run	nonproof	Definition		Definition@coq/kernel/foundation/NatSubstrateInstance.v:80
monograph/monograph.tex	2479	latex_code	nat\_self\_undecidable	nat_self_undecidable	proof	Corollary	Kernel.NatSubstrateInstance.nat_self_undecidable	unique_suffix
monograph/monograph.tex	2479	latex_code	nat\_self\_undecidable	nat_self_undecidable	proof	Corollary	Kernel.NatSubstrateInstance.nat_self_undecidable	unique_suffix
monograph/monograph.tex	2479	latex_code	nat\_structural\_shortcut\_undecidable	nat_structural_shortcut_undecidable	proof	Theorem	Kernel.NatSubstrateInstance.nat_structural_shortcut_undecidable	unique_suffix
monograph/monograph.tex	2479	latex_code	nat\_substrate d	d	nonproof	nonproof_token		excluded_nonproof_token
monograph/monograph.tex	2479	latex_code	nat\_substrate d	nat_substrate	nonproof	Definition		Definition@coq/kernel/foundation/NatSubstrateInstance.v:149
monograph/monograph.tex	2479	latex_code	no\_program := 1	no_program	nonproof	nonproof_token		excluded_nonproof_token
monograph/monograph.tex	2479	latex_code	no\_program\_refuses	no_program_refuses	nonproof	nonproof_token		excluded_nonproof_token
monograph/monograph.tex	2479	latex_code	prog\_equiv	prog_equiv	nonproof	nonproof_token		excluded_nonproof_token
monograph/monograph.tex	2479	latex_code	recursion\_theorem	recursion_theorem	nonproof	nonproof_token		excluded_nonproof_token
monograph/monograph.tex	2479	latex_code	run	run	nonproof	Definition,Fixpoint		Definition@coq/nofi/Instance_Kernel.v:52;Fixpoint@coq/kernel/nfi/CostFrameworks.v:57;Fixpoint@coq/kernel/nfi/CostSemanticsComparison.v:84;Fixpoint@coq/kernel/nfi/KnowledgeNarrowing.v:68
monograph/monograph.tex	2479	latex_code	run	run	nonproof	Definition,Fixpoint		Definition@coq/nofi/Instance_Kernel.v:52;Fixpoint@coq/kernel/nfi/CostFrameworks.v:57;Fixpoint@coq/kernel/nfi/CostSemanticsComparison.v:84;Fixpoint@coq/kernel/nfi/KnowledgeNarrowing.v:68
monograph/monograph.tex	2479	latex_code	run	run	nonproof	Definition,Fixpoint		Definition@coq/nofi/Instance_Kernel.v:52;Fixpoint@coq/kernel/nfi/CostFrameworks.v:57;Fixpoint@coq/kernel/nfi/CostSemanticsComparison.v:84;Fixpoint@coq/kernel/nfi/KnowledgeNarrowing.v:68
monograph/monograph.tex	2479	latex_code	true	true	nonproof	nonproof_token		excluded_nonproof_token
monograph/monograph.tex	2479	latex_code	yes\_program := 0	yes_program	nonproof	nonproof_token		excluded_nonproof_token
monograph/monograph.tex	2479	latex_code	yes\_program\_admits	yes_program_admits	nonproof	nonproof_token		excluded_nonproof_token
monograph/monograph.tex	2487	latex_code	decide : list vm\_instruction $\to$ bool	bool	nonproof	nonproof_token		excluded_nonproof_token
monograph/monograph.tex	2487	latex_code	decide : list vm\_instruction $\to$ bool	decide	nonproof	nonproof_token		excluded_nonproof_token
monograph/monograph.tex	2487	latex_code	decide : list vm\_instruction $\to$ bool	list	nonproof	nonproof_token		excluded_nonproof_token
monograph/monograph.tex	2487	latex_code	decide : list vm\_instruction $\to$ bool	to	nonproof	nonproof_token		excluded_nonproof_token
monograph/monograph.tex	2487	latex_code	decide : list vm\_instruction $\to$ bool	vm_instruction	nonproof	Inductive		Inductive@coq/ThieleMachineComplete.v:2185;Inductive@coq/kernel/foundation/VMStep.v:120
monograph/monograph.tex	2487	latex_code	decide p = true	decide	nonproof	nonproof_token		excluded_nonproof_token
monograph/monograph.tex	2487	latex_code	decide p = true	p	nonproof	nonproof_token		excluded_nonproof_token
monograph/monograph.tex	2487	latex_code	decide p = true	true	nonproof	nonproof_token		excluded_nonproof_token
monograph/monograph.tex	2487	latex_code	f	f	nonproof	nonproof_token		excluded_nonproof_token
monograph/monograph.tex	2487	latex_code	p	p	nonproof	nonproof_token		excluded_nonproof_token
monograph/monograph.tex	2487	latex_code	p	p	nonproof	nonproof_token		excluded_nonproof_token
monograph/monograph.tex	2487	latex_code	vm\_admits\_shortcut\_extensional p	p	nonproof	nonproof_token		excluded_nonproof_token
monograph/monograph.tex	2487	latex_code	vm\_admits\_shortcut\_extensional p	vm_admits_shortcut_extensional	nonproof	Definition		Definition@coq/kernel/nfi/StructuralUndecidability.v:325
monograph/monograph.tex	2487	latex_code	vm\_representable	vm_representable	nonproof	nonproof_token		excluded_nonproof_token
monograph/monograph.tex	2487	latex_code	vm\_representable f	f	nonproof	nonproof_token		excluded_nonproof_token
monograph/monograph.tex	2487	latex_code	vm\_representable f	vm_representable	nonproof	nonproof_token		excluded_nonproof_token
monograph/monograph.tex	2487	latex_code	vm\_run (f p)	f	nonproof	nonproof_token		excluded_nonproof_token
monograph/monograph.tex	2487	latex_code	vm\_run (f p)	p	nonproof	nonproof_token		excluded_nonproof_token
monograph/monograph.tex	2487	latex_code	vm\_run (f p)	vm_run	nonproof	Definition		Definition@coq/kernel/foundation/VMSubstrateInstance.v:65
monograph/monograph.tex	2487	latex_code	vm\_run p	p	nonproof	nonproof_token		excluded_nonproof_token
monograph/monograph.tex	2487	latex_code	vm\_run p	vm_run	nonproof	Definition		Definition@coq/kernel/foundation/VMSubstrateInstance.v:65
monograph/monograph.tex	2491	latex_code	AdmitsShortcut	AdmitsShortcut	nonproof	nonproof_token		excluded_nonproof_token
monograph/monograph.tex	2491	latex_code	forall	forall	nonproof	nonproof_token		excluded_nonproof_token
monograph/monograph.tex	2491	latex_code	init\_state	init_state	nonproof	Definition		Definition@coq/ThieleMachineComplete.v:5464;Definition@coq/kernel/mu_calculus/MuInitiality.v:34
monograph/monograph.tex	2491	latex_code	init\_state	init_state	nonproof	Definition		Definition@coq/ThieleMachineComplete.v:5464;Definition@coq/kernel/mu_calculus/MuInitiality.v:34
monograph/monograph.tex	2491	latex_code	nat\_to\_program	nat_to_program	nonproof	Definition		Definition@coq/kernel/foundation/VMInstructionEncoding.v:619
monograph/monograph.tex	2491	latex_code	no\_program	no_program	nonproof	nonproof_token		excluded_nonproof_token
monograph/monograph.tex	2491	latex_code	program\_to\_nat	program_to_nat	nonproof	Definition		Definition@coq/kernel/foundation/VMInstructionEncoding.v:616
monograph/monograph.tex	2491	latex_code	simple\_morph\_final	simple_morph_final	nonproof	Definition		Definition@coq/kernel/nfi/SimpleMorphShortcut.v:38
monograph/monograph.tex	2491	latex_code	simple\_morph\_trace	simple_morph_trace	nonproof	Definition		Definition@coq/kernel/nfi/SimpleMorphShortcut.v:32
monograph/monograph.tex	2491	latex_code	simple\_morph\_trace	simple_morph_trace	nonproof	Definition		Definition@coq/kernel/nfi/SimpleMorphShortcut.v:32
monograph/monograph.tex	2491	latex_code	vm\_decode\_safe	vm_decode_safe	nonproof	nonproof_token		excluded_nonproof_token
monograph/monograph.tex	2491	latex_code	vm\_encode	vm_encode	nonproof	nonproof_token		excluded_nonproof_token
monograph/monograph.tex	2491	latex_code	vm\_representable	vm_representable	nonproof	nonproof_token		excluded_nonproof_token
monograph/monograph.tex	2491	latex_code	vm\_structural\_shortcut\_undecidable	vm_structural_shortcut_undecidable	proof	Theorem	Kernel.StructuralUndecidability.vm_structural_shortcut_undecidable	unique_suffix
monograph/monograph.tex	2491	latex_code	vm\_structural\_shortcut\_undecidable\_encoded	vm_structural_shortcut_undecidable_encoded	proof	Theorem	Kernel.VMSubstrateEncoded.vm_structural_shortcut_undecidable_encoded	unique_suffix
monograph/monograph.tex	2491	latex_code	vm\_substrate	vm_substrate	nonproof	Definition		Definition@coq/kernel/foundation/VMSubstrateInstance.v:146
monograph/monograph.tex	2491	latex_code	yes\_program	yes_program	nonproof	nonproof_token		excluded_nonproof_token
monograph/monograph.tex	2493	latex_code	Some (run\_vm 1000 p s)	Some	nonproof	nonproof_token		excluded_nonproof_token
monograph/monograph.tex	2493	latex_code	Some (run\_vm 1000 p s)	p	nonproof	nonproof_token		excluded_nonproof_token
monograph/monograph.tex	2493	latex_code	Some (run\_vm 1000 p s)	run_vm	nonproof	Fixpoint		Fixpoint@coq/ThieleMachineComplete.v:3996;Fixpoint@coq/kernel/foundation/SimulationProof.v:730
monograph/monograph.tex	2493	latex_code	Some (run\_vm 1000 p s)	s	nonproof	nonproof_token		excluded_nonproof_token
monograph/monograph.tex	2493	latex_code	VMUnboundedCM2Bridge.mm2\_halting\_host\_iff	VMUnboundedCM2Bridge.mm2_halting_host_iff	proof	Theorem	Kernel.VMUnboundedCM2Bridge.mm2_halting_host_iff	unique_suffix
monograph/monograph.tex	2493	latex_code	VMUnboundedExec.vm\_halts\_at	VMUnboundedExec.vm_halts_at	nonproof	nonproof_token		excluded_nonproof_token
monograph/monograph.tex	2493	latex_code	vm\_apply\_u	vm_apply_u	nonproof	Definition		Definition@coq/kernel/foundation/VMUnboundedStep.v:86
monograph/monograph.tex	2493	latex_code	vm\_run	vm_run	nonproof	Definition		Definition@coq/kernel/foundation/VMSubstrateInstance.v:65
monograph/monograph.tex	2495	latex_code	actual\_unbounded\_host\_synthetic\_undecidability	actual_unbounded_host_synthetic_undecidability	proof	Theorem	Kernel.VMUnboundedCM2Limitative.actual_unbounded_host_synthetic_undecidability	unique_suffix
monograph/monograph.tex	2503	latex_code	Q\_spec	Q_spec	proof	Lemma	Kernel.LRecursion.Q_spec	unique_suffix
monograph/monograph.tex	2505	latex_code	second\_recursion	second_recursion	proof	Theorem	Kernel.LRecursion.second_recursion	unique_suffix
monograph/monograph.tex	2513	latex_code	L\_recursion\_theorem	L_recursion_theorem	proof	Theorem	Kernel.LRecursion.L_recursion_theorem	unique_suffix
monograph/monograph.tex	2515	latex_code	L\_rice	L_rice	proof	Theorem	Kernel.LRecursion.L_rice	unique_suffix
monograph/monograph.tex	2519	latex_code	L\_halting\_undecidable	L_halting_undecidable	proof	Theorem	Kernel.LRecursion.L_halting_undecidable	unique_suffix
monograph/monograph.tex	2519	latex_code	L\_structural\_shortcut\_undecidable	L_structural_shortcut_undecidable	proof	Theorem	Kernel.LRecursion.L_structural_shortcut_undecidable	unique_suffix
monograph/monograph.tex	2521	latex_code	Substrate	Substrate	nonproof	Class		Class@coq/kernel/foundation/Substrate.v:54
monograph/monograph.tex	2521	latex_code	run	run	nonproof	Definition,Fixpoint		Definition@coq/nofi/Instance_Kernel.v:52;Fixpoint@coq/kernel/nfi/CostFrameworks.v:57;Fixpoint@coq/kernel/nfi/CostSemanticsComparison.v:84;Fixpoint@coq/kernel/nfi/KnowledgeNarrowing.v:68
monograph/monograph.tex	2530	latex_code	cm2\_interpreter\_program	cm2_interpreter_program	nonproof	Definition		Definition@coq/kernel/foundation/VMUnboundedCM2Interpreter.v:83
monograph/monograph.tex	2531	latex_code	self\_interpreter\_program	self_interpreter_program	nonproof	Definition		Definition@coq/kernel/foundation/VMSelfProgram.v:47
monograph/monograph.tex	2535	latex_code	CM2InstrU	CM2InstrU	nonproof	Inductive		Inductive@coq/kernel/foundation/VMUnboundedCM2Interpreter.v:28
monograph/monograph.tex	2536	latex_code	HALT	HALT	nonproof	nonproof_token		excluded_nonproof_token
monograph/monograph.tex	2538	latex_code	CM2ConfigU = (pc,c0,c1)	CM2ConfigU	nonproof	Record		Record@coq/kernel/foundation/VMUnboundedCM2Interpreter.v:22
monograph/monograph.tex	2538	latex_code	CM2ConfigU = (pc,c0,c1)	c0	nonproof	nonproof_token		excluded_nonproof_token
monograph/monograph.tex	2538	latex_code	CM2ConfigU = (pc,c0,c1)	c1	nonproof	nonproof_token		excluded_nonproof_token
monograph/monograph.tex	2538	latex_code	CM2ConfigU = (pc,c0,c1)	pc	nonproof	nonproof_token		excluded_nonproof_token
monograph/monograph.tex	2543	latex_code	cm2\_total\_config\_encoding ambient p start	ambient	nonproof	nonproof_token		excluded_nonproof_token
monograph/monograph.tex	2543	latex_code	cm2\_total\_config\_encoding ambient p start	cm2_total_config_encoding	nonproof	Definition		Definition@coq/kernel/foundation/VMUnboundedCM2Encoding.v:170
monograph/monograph.tex	2543	latex_code	cm2\_total\_config\_encoding ambient p start	p	nonproof	nonproof_token		excluded_nonproof_token
monograph/monograph.tex	2543	latex_code	cm2\_total\_config\_encoding ambient p start	start	nonproof	nonproof_token		excluded_nonproof_token
monograph/monograph.tex	2549	latex_code	mm2\_halting\_host\_iff	mm2_halting_host_iff	proof	Theorem	Kernel.VMUnboundedCM2Bridge.mm2_halting_host_iff	unique_suffix
monograph/monograph.tex	2550	latex_code	cm2\_halted	cm2_halted	nonproof	Definition		Definition@coq/kernel/foundation/VMUnboundedCM2Interpreter.v:206
monograph/monograph.tex	2552	latex_code	cm2\_uniform\_interpreter\_simulation\_total	cm2_uniform_interpreter_simulation_total	proof	Theorem	Kernel.VMUnboundedCM2Correctness.cm2_uniform_interpreter_simulation_total	unique_suffix
monograph/monograph.tex	2554	latex_code	cm2\_uniform\_interpreter\_raw\_correct\_total	cm2_uniform_interpreter_raw_correct_total	proof	Theorem	Kernel.VMUnboundedCM2Correctness.cm2_uniform_interpreter_raw_correct_total	unique_suffix
monograph/monograph.tex	2558	latex_code	cm2\_uniform\_interpreter\_raw\_never\_malformed	cm2_uniform_interpreter_raw_never_malformed	proof	Theorem	Kernel.VMUnboundedCM2Correctness.cm2_uniform_interpreter_raw_never_malformed	unique_suffix
monograph/monograph.tex	2562	latex_code	cm2\_uniform\_interpreter\_divergence\_total	cm2_uniform_interpreter_divergence_total	proof	Theorem	Kernel.VMUnboundedCM2Correctness.cm2_uniform_interpreter_divergence_total	unique_suffix
monograph/monograph.tex	2563	latex_code	cm2\_halted	cm2_halted	nonproof	Definition		Definition@coq/kernel/foundation/VMUnboundedCM2Interpreter.v:206
monograph/monograph.tex	2563	latex_code	cm2\_result	cm2_result	nonproof	Definition		Definition@coq/kernel/foundation/VMUnboundedCM2Correctness.v:394
monograph/monograph.tex	2571	latex_code	GInstr	GInstr	nonproof	Inductive		Inductive@coq/kernel/foundation/VMSelfGuest.v:42
monograph/monograph.tex	2572	latex_code	HALT	HALT	nonproof	nonproof_token		excluded_nonproof_token
monograph/monograph.tex	2572	latex_code	LOAD\_IMM	LOAD_IMM	nonproof	nonproof_token		excluded_nonproof_token
monograph/monograph.tex	2572	latex_code	XFER	XFER	nonproof	nonproof_token		excluded_nonproof_token
monograph/monograph.tex	2573	latex_code	ADD	ADD	nonproof	nonproof_token		excluded_nonproof_token
monograph/monograph.tex	2573	latex_code	AND	AND	nonproof	nonproof_token		excluded_nonproof_token
monograph/monograph.tex	2573	latex_code	MUL	MUL	nonproof	nonproof_token		excluded_nonproof_token
monograph/monograph.tex	2573	latex_code	OR	OR	nonproof	nonproof_token		excluded_nonproof_token
monograph/monograph.tex	2573	latex_code	SUB	SUB	nonproof	nonproof_token		excluded_nonproof_token
monograph/monograph.tex	2574	latex_code	JNEZ	JNEZ	nonproof	nonproof_token		excluded_nonproof_token
monograph/monograph.tex	2574	latex_code	JUMP	JUMP	nonproof	nonproof_token		excluded_nonproof_token
monograph/monograph.tex	2574	latex_code	SHL	SHL	nonproof	nonproof_token		excluded_nonproof_token
monograph/monograph.tex	2574	latex_code	SHR	SHR	nonproof	nonproof_token		excluded_nonproof_token
monograph/monograph.tex	2579	latex_code	g\_code	g_code	nonproof	Definition		Definition@coq/kernel/foundation/VMSelfGuest.v:375
monograph/monograph.tex	2579	latex_code	g\_width	g_width	nonproof	Definition		Definition@coq/kernel/foundation/VMSelfGuest.v:461
monograph/monograph.tex	2580	latex_code	g\_width\_fits	g_width_fits	proof	Theorem	Kernel.VMSelfGuest.g_width_fits	unique_suffix
monograph/monograph.tex	2584	latex_code	self\_interpreter\_program	self_interpreter_program	nonproof	Definition		Definition@coq/kernel/foundation/VMSelfProgram.v:47
monograph/monograph.tex	2586	latex_code	h\_rep	h_rep	nonproof	Definition		Definition@coq/kernel/foundation/VMSelfCorrect.v:27
monograph/monograph.tex	2586	latex_code	hbc	hbc	nonproof	Definition		Definition@coq/kernel/foundation/VMSelfRun.v:148
monograph/monograph.tex	2591	latex_code	vm\_mu	vm_mu	nonproof	nonproof_token		excluded_nonproof_token
monograph/monograph.tex	2592	latex_code	g\_step\_is\_vm\_apply\_u	g_step_is_vm_apply_u	proof	Theorem	Kernel.VMSelfGuest.g_step_is_vm_apply_u	unique_suffix
monograph/monograph.tex	2595	latex_code	self\_interpreter\_complete	self_interpreter_complete	proof	Theorem	Kernel.VMSelfRun.self_interpreter_complete	unique_suffix
monograph/monograph.tex	2595	latex_code	self\_interpreter\_sound	self_interpreter_sound	proof	Theorem	Kernel.VMSelfRun.self_interpreter_sound	unique_suffix
monograph/monograph.tex	2596	latex_code	self\_interpreter\_correct	self_interpreter_correct	proof	Theorem	Kernel.VMSelfRun.self_interpreter_correct	unique_suffix
monograph/monograph.tex	2599	latex_code	self\_interpreter\_divergence	self_interpreter_divergence	proof	Theorem	Kernel.VMSelfRun.self_interpreter_divergence	unique_suffix
monograph/monograph.tex	2601	latex_code	self\_interpreter\_malformed	self_interpreter_malformed	proof	Theorem	Kernel.VMSelfRun.self_interpreter_malformed	unique_suffix
monograph/monograph.tex	2609	latex_code	GInstr	GInstr	nonproof	Inductive		Inductive@coq/kernel/foundation/VMSelfGuest.v:42
monograph/monograph.tex	2609	latex_code	self\_rice	self_rice	proof	Theorem	Kernel.VMSelfRiceUndec.self_rice	unique_suffix
monograph/monograph.tex	2610	latex_code	vm\_run	vm_run	nonproof	Definition		Definition@coq/kernel/foundation/VMSubstrateInstance.v:65
monograph/monograph.tex	2613	latex_code	g\_wf\_program	g_wf_program	nonproof	Definition		Definition@coq/kernel/foundation/VMSelfGuest.v:146
monograph/monograph.tex	2617	latex_code	g\_bottom	g_bottom	nonproof	Definition		Definition@coq/kernel/foundation/VMSelfRice.v:252
monograph/monograph.tex	2617	latex_code	g\_bottom	g_bottom	nonproof	Definition		Definition@coq/kernel/foundation/VMSelfRice.v:252
monograph/monograph.tex	2619	latex_code	g\_equiv	g_equiv	nonproof	Definition		Definition@coq/kernel/foundation/VMSelfRice.v:41
monograph/monograph.tex	2621	latex_code	self\_rice	self_rice	proof	Theorem	Kernel.VMSelfRiceUndec.self_rice	unique_suffix
monograph/monograph.tex	2626	latex_code	g\_decides	g_decides	nonproof	Definition		Definition@coq/kernel/foundation/VMSelfRiceUndec.v:91
monograph/monograph.tex	2628	latex_code	g\_decides\_decidable	g_decides_decidable	proof	Theorem	Kernel.VMSelfRiceUndec.g_decides_decidable	unique_suffix
monograph/monograph.tex	2630	latex_code	self\_rice\_representable	self_rice_representable	proof	Corollary	Kernel.VMSelfRiceUndec.self_rice_representable	unique_suffix
monograph/monograph.tex	2642	latex_code	decide : Program $\to$ bool	Program	nonproof	nonproof_token		excluded_nonproof_token
monograph/monograph.tex	2642	latex_code	decide : Program $\to$ bool	bool	nonproof	nonproof_token		excluded_nonproof_token
monograph/monograph.tex	2642	latex_code	decide : Program $\to$ bool	decide	nonproof	nonproof_token		excluded_nonproof_token
monograph/monograph.tex	2642	latex_code	decide : Program $\to$ bool	to	nonproof	nonproof_token		excluded_nonproof_token
monograph/monograph.tex	2644	latex_code	decide p = false	decide	nonproof	nonproof_token		excluded_nonproof_token
monograph/monograph.tex	2644	latex_code	decide p = false	false	nonproof	nonproof_token		excluded_nonproof_token
monograph/monograph.tex	2644	latex_code	decide p = false	p	nonproof	nonproof_token		excluded_nonproof_token
monograph/monograph.tex	2644	latex_code	decide p = true	decide	nonproof	nonproof_token		excluded_nonproof_token
monograph/monograph.tex	2644	latex_code	decide p = true	p	nonproof	nonproof_token		excluded_nonproof_token
monograph/monograph.tex	2644	latex_code	decide p = true	true	nonproof	nonproof_token		excluded_nonproof_token
monograph/monograph.tex	2646	latex_code	Program	Program	nonproof	nonproof_token		excluded_nonproof_token
monograph/monograph.tex	2646	latex_code	Program	Program	nonproof	nonproof_token		excluded_nonproof_token
monograph/monograph.tex	2646	latex_code	flip	flip	nonproof	nonproof_token		excluded_nonproof_token
monograph/monograph.tex	2646	latex_code	flip	flip	nonproof	nonproof_token		excluded_nonproof_token
monograph/monograph.tex	2646	latex_code	flip	flip	nonproof	nonproof_token		excluded_nonproof_token
monograph/monograph.tex	2646	latex_code	p	p	nonproof	nonproof_token		excluded_nonproof_token
monograph/monograph.tex	2646	latex_code	prog\_equiv	prog_equiv	nonproof	nonproof_token		excluded_nonproof_token
monograph/monograph.tex	2648	latex_code	decide p	decide	nonproof	nonproof_token		excluded_nonproof_token
monograph/monograph.tex	2648	latex_code	decide p	p	nonproof	nonproof_token		excluded_nonproof_token
monograph/monograph.tex	2650	latex_code	AdmitsShortcut	AdmitsShortcut	nonproof	nonproof_token		excluded_nonproof_token
monograph/monograph.tex	2650	latex_code	decide p = true	decide	nonproof	nonproof_token		excluded_nonproof_token
monograph/monograph.tex	2650	latex_code	decide p = true	p	nonproof	nonproof_token		excluded_nonproof_token
monograph/monograph.tex	2650	latex_code	decide p = true	true	nonproof	nonproof_token		excluded_nonproof_token
monograph/monograph.tex	2650	latex_code	flip	flip	nonproof	nonproof_token		excluded_nonproof_token
monograph/monograph.tex	2650	latex_code	flip p = no\_program	flip	nonproof	nonproof_token		excluded_nonproof_token
monograph/monograph.tex	2650	latex_code	flip p = no\_program	no_program	nonproof	nonproof_token		excluded_nonproof_token
monograph/monograph.tex	2650	latex_code	flip p = no\_program	p	nonproof	nonproof_token		excluded_nonproof_token
monograph/monograph.tex	2650	latex_code	no\_program	no_program	nonproof	nonproof_token		excluded_nonproof_token
monograph/monograph.tex	2650	latex_code	no\_program	no_program	nonproof	nonproof_token		excluded_nonproof_token
monograph/monograph.tex	2650	latex_code	no\_program	no_program	nonproof	nonproof_token		excluded_nonproof_token
monograph/monograph.tex	2650	latex_code	p	p	nonproof	nonproof_token		excluded_nonproof_token
monograph/monograph.tex	2650	latex_code	p	p	nonproof	nonproof_token		excluded_nonproof_token
monograph/monograph.tex	2650	latex_code	p	p	nonproof	nonproof_token		excluded_nonproof_token
monograph/monograph.tex	2652	latex_code	decide p = false	decide	nonproof	nonproof_token		excluded_nonproof_token
monograph/monograph.tex	2652	latex_code	decide p = false	false	nonproof	nonproof_token		excluded_nonproof_token
monograph/monograph.tex	2652	latex_code	decide p = false	p	nonproof	nonproof_token		excluded_nonproof_token
monograph/monograph.tex	2652	latex_code	flip	flip	nonproof	nonproof_token		excluded_nonproof_token
monograph/monograph.tex	2652	latex_code	flip p = yes\_program	flip	nonproof	nonproof_token		excluded_nonproof_token
monograph/monograph.tex	2652	latex_code	flip p = yes\_program	p	nonproof	nonproof_token		excluded_nonproof_token
monograph/monograph.tex	2652	latex_code	flip p = yes\_program	yes_program	nonproof	nonproof_token		excluded_nonproof_token
monograph/monograph.tex	2652	latex_code	p	p	nonproof	nonproof_token		excluded_nonproof_token
monograph/monograph.tex	2652	latex_code	p	p	nonproof	nonproof_token		excluded_nonproof_token
monograph/monograph.tex	2652	latex_code	p	p	nonproof	nonproof_token		excluded_nonproof_token
monograph/monograph.tex	2652	latex_code	yes\_program	yes_program	nonproof	nonproof_token		excluded_nonproof_token
monograph/monograph.tex	2652	latex_code	yes\_program	yes_program	nonproof	nonproof_token		excluded_nonproof_token
monograph/monograph.tex	2652	latex_code	yes\_program	yes_program	nonproof	nonproof_token		excluded_nonproof_token
monograph/monograph.tex	2654	latex_code	AdmitsShortcut	AdmitsShortcut	nonproof	nonproof_token		excluded_nonproof_token
monograph/monograph.tex	2658	latex_code	WithShortcutPredicate	WithShortcutPredicate	nonproof	Class		Class@coq/kernel/nfi/StructuralUndecidability.v:69
monograph/monograph.tex	2676	latex_code	AdmitsShortcut p	AdmitsShortcut	nonproof	nonproof_token		excluded_nonproof_token
monograph/monograph.tex	2676	latex_code	AdmitsShortcut p	p	nonproof	nonproof_token		excluded_nonproof_token
monograph/monograph.tex	2676	latex_code	SoundStructuralShortcut	SoundStructuralShortcut	nonproof	Record		Record@coq/kernel/nfi/HonestNoFI_TheoremsWithoutAssumptions.v:501
monograph/monograph.tex	2682	latex_code	forall	forall	nonproof	nonproof_token		excluded_nonproof_token
monograph/monograph.tex	2682	latex_code	true	true	nonproof	nonproof_token		excluded_nonproof_token
monograph/monograph.tex	2682	latex_code	vm\_structural\_shortcut\_undecidable	vm_structural_shortcut_undecidable	proof	Theorem	Kernel.StructuralUndecidability.vm_structural_shortcut_undecidable	unique_suffix
monograph/monograph.tex	2682	latex_code	vm\_substrate	vm_substrate	nonproof	Definition		Definition@coq/kernel/foundation/VMSubstrateInstance.v:146
monograph/monograph.tex	2686	latex_code	decide : Program $\to$ bool	Program	nonproof	nonproof_token		excluded_nonproof_token
monograph/monograph.tex	2686	latex_code	decide : Program $\to$ bool	bool	nonproof	nonproof_token		excluded_nonproof_token
monograph/monograph.tex	2686	latex_code	decide : Program $\to$ bool	decide	nonproof	nonproof_token		excluded_nonproof_token
monograph/monograph.tex	2686	latex_code	decide : Program $\to$ bool	to	nonproof	nonproof_token		excluded_nonproof_token
monograph/monograph.tex	2687	latex_code	d	d	nonproof	nonproof_token		excluded_nonproof_token
monograph/monograph.tex	2687	latex_code	d : nat $\to$ bool	bool	nonproof	nonproof_token		excluded_nonproof_token
monograph/monograph.tex	2687	latex_code	d : nat $\to$ bool	d	nonproof	nonproof_token		excluded_nonproof_token
monograph/monograph.tex	2687	latex_code	d : nat $\to$ bool	nat	nonproof	nonproof_token		excluded_nonproof_token
monograph/monograph.tex	2687	latex_code	d : nat $\to$ bool	to	nonproof	nonproof_token		excluded_nonproof_token
monograph/monograph.tex	2687	latex_code	nat\_admits d	d	nonproof	nonproof_token		excluded_nonproof_token
monograph/monograph.tex	2687	latex_code	nat\_admits d	nat_admits	nonproof	Definition		Definition@coq/kernel/foundation/NatSubstrateInstance.v:179
monograph/monograph.tex	2687	latex_code	nat\_self\_undecidable	nat_self_undecidable	proof	Corollary	Kernel.NatSubstrateInstance.nat_self_undecidable	unique_suffix
monograph/monograph.tex	2696	latex_code	TMSnapshot	TMSnapshot	nonproof	Record		Record@coq/kernel/witness/BlindnessRepresentation.v:38
monograph/monograph.tex	2696	latex_code	forget	forget	nonproof	Definition		Definition@coq/kernel/witness/BlindnessRepresentation.v:51
monograph/monograph.tex	2696	latex_code	forget	forget	nonproof	Definition		Definition@coq/kernel/witness/BlindnessRepresentation.v:51
monograph/monograph.tex	2699	latex_code	forget	forget	nonproof	Definition		Definition@coq/kernel/witness/BlindnessRepresentation.v:51
monograph/monograph.tex	2702	latex_code	structural\_shortcut\_not\_function\_of\_classical	structural_shortcut_not_function_of_classical	proof	Theorem	Kernel.StructuralAxisOrthogonality.structural_shortcut_not_function_of_classical	unique_suffix
monograph/monograph.tex	2703	latex_code	TMSnapshot	TMSnapshot	nonproof	Record		Record@coq/kernel/witness/BlindnessRepresentation.v:38
monograph/monograph.tex	2703	latex_code	bool	bool	nonproof	nonproof_token		excluded_nonproof_token
monograph/monograph.tex	2703	latex_code	decode	decode	nonproof	Definition		Definition@coq/kernel/nfi/ReceiptCore.v:73
monograph/monograph.tex	2705	latex_code	admits\_structural\_shortcut\_bool	admits_structural_shortcut_bool	nonproof	Definition		Definition@coq/kernel/nfi/StructuralAxisOrthogonality.v:101
monograph/monograph.tex	2705	latex_code	decode	decode	nonproof	Definition		Definition@coq/kernel/nfi/ReceiptCore.v:73
monograph/monograph.tex	2705	latex_code	forget	forget	nonproof	Definition		Definition@coq/kernel/witness/BlindnessRepresentation.v:51
monograph/monograph.tex	2707	latex_code	admits\_structural\_shortcut\_bool	admits_structural_shortcut_bool	nonproof	Definition		Definition@coq/kernel/nfi/StructuralAxisOrthogonality.v:101
monograph/monograph.tex	2707	latex_code	csr\_cert\_addr	csr_cert_addr	nonproof	nonproof_token		excluded_nonproof_token
monograph/monograph.tex	2711	latex_code	MORPH\_ASSERT	MORPH_ASSERT	nonproof	nonproof_token		excluded_nonproof_token
monograph/monograph.tex	2711	latex_code	csr\_cert\_addr	csr_cert_addr	nonproof	nonproof_token		excluded_nonproof_token
monograph/monograph.tex	2711	latex_code	csr\_cert\_addr	csr_cert_addr	nonproof	nonproof_token		excluded_nonproof_token
monograph/monograph.tex	2711	latex_code	decode	decode	nonproof	Definition		Definition@coq/kernel/nfi/ReceiptCore.v:73
monograph/monograph.tex	2711	latex_code	false	false	nonproof	nonproof_token		excluded_nonproof_token
monograph/monograph.tex	2711	latex_code	forget	forget	nonproof	Definition		Definition@coq/kernel/witness/BlindnessRepresentation.v:51
monograph/monograph.tex	2711	latex_code	forget	forget	nonproof	Definition		Definition@coq/kernel/witness/BlindnessRepresentation.v:51
monograph/monograph.tex	2711	latex_code	init\_state	init_state	nonproof	Definition		Definition@coq/ThieleMachineComplete.v:5464;Definition@coq/kernel/mu_calculus/MuInitiality.v:34
monograph/monograph.tex	2711	latex_code	mem	mem	nonproof	nonproof_token		excluded_nonproof_token
monograph/monograph.tex	2711	latex_code	pc	pc	nonproof	nonproof_token		excluded_nonproof_token
monograph/monograph.tex	2711	latex_code	regs	regs	nonproof	nonproof_token		excluded_nonproof_token
monograph/monograph.tex	2711	latex_code	run\_cert\_set	run_cert_set	nonproof	Definition		Definition@coq/kernel/nfi/StructuralAxisOrthogonality.v:73
monograph/monograph.tex	2711	latex_code	run\_cert\_set	run_cert_set	nonproof	Definition		Definition@coq/kernel/nfi/StructuralAxisOrthogonality.v:73
monograph/monograph.tex	2711	latex_code	run\_cert\_unset	run_cert_unset	nonproof	Definition		Definition@coq/kernel/nfi/StructuralAxisOrthogonality.v:76
monograph/monograph.tex	2711	latex_code	run\_cert\_unset	run_cert_unset	nonproof	Definition		Definition@coq/kernel/nfi/StructuralAxisOrthogonality.v:76
monograph/monograph.tex	2711	latex_code	true	true	nonproof	nonproof_token		excluded_nonproof_token
monograph/monograph.tex	2716	latex_code	forget	forget	nonproof	Definition		Definition@coq/kernel/witness/BlindnessRepresentation.v:51
monograph/monograph.tex	2716	latex_code	structural\_axis\_survives\_any\_classical\_oracle	structural_axis_survives_any_classical_oracle	proof	Theorem	Kernel.StructuralAxisRelativization.structural_axis_survives_any_classical_oracle	unique_suffix
monograph/monograph.tex	2718	latex_code	axes\_mutually\_independent	axes_mutually_independent	proof	Theorem	Kernel.StructuralAxisRelativization.axes_mutually_independent	unique_suffix
monograph/monograph.tex	2718	latex_code	forget	forget	nonproof	Definition		Definition@coq/kernel/witness/BlindnessRepresentation.v:51
monograph/monograph.tex	2718	latex_code	structural\_membership\_decidable	structural_membership_decidable	proof	Theorem	Kernel.StructuralAxisRelativization.structural_membership_decidable	unique_suffix
monograph/monograph.tex	2720	latex_code	nat\_to\_program	nat_to_program	nonproof	Definition		Definition@coq/kernel/foundation/VMInstructionEncoding.v:619
monograph/monograph.tex	2720	latex_code	no\_logic\_acc\_encoded\_interpreter	no_logic_acc_encoded_interpreter	proof	Theorem	Kernel.VMEncodedInputAccess.no_logic_acc_encoded_interpreter	unique_suffix
monograph/monograph.tex	2720	latex_code	program\_to\_nat	program_to_nat	nonproof	Definition		Definition@coq/kernel/foundation/VMInstructionEncoding.v:616
monograph/monograph.tex	2720	latex_code	vm\_logic\_acc	vm_logic_acc	nonproof	nonproof_token		excluded_nonproof_token
monograph/monograph.tex	2720	latex_code	vm\_logic\_acc	vm_logic_acc	nonproof	nonproof_token		excluded_nonproof_token
monograph/monograph.tex	2720	latex_code	vm\_run	vm_run	nonproof	Definition		Definition@coq/kernel/foundation/VMSubstrateInstance.v:65
monograph/monograph.tex	2720	latex_code	vm\_structural\_shortcut\_undecidable\_encoded	vm_structural_shortcut_undecidable_encoded	proof	Theorem	Kernel.VMSubstrateEncoded.vm_structural_shortcut_undecidable_encoded	unique_suffix
monograph/monograph.tex	2748	latex_code	VMState	VMState	nonproof	Record		Record@coq/ThieleMachineComplete.v:1582;Record@coq/kernel/foundation/VMState.v:1931
monograph/monograph.tex	2750	latex_code	vm\_graph	vm_graph	nonproof	nonproof_token		excluded_nonproof_token
monograph/monograph.tex	2751	latex_code	vm\_csrs	vm_csrs	nonproof	nonproof_token		excluded_nonproof_token
monograph/monograph.tex	2751	latex_code	vm\_regs	vm_regs	nonproof	nonproof_token		excluded_nonproof_token
monograph/monograph.tex	2753	latex_code	MORPH\_ASSERT	MORPH_ASSERT	nonproof	nonproof_token		excluded_nonproof_token
monograph/monograph.tex	2753	latex_code	csr\_cert\_addr	csr_cert_addr	nonproof	nonproof_token		excluded_nonproof_token
monograph/monograph.tex	2754	latex_code	csr\_status	csr_status	nonproof	nonproof_token		excluded_nonproof_token
monograph/monograph.tex	2755	latex_code	csr\_err	csr_err	nonproof	nonproof_token		excluded_nonproof_token
monograph/monograph.tex	2756	latex_code	HEAP\_LOAD	HEAP_LOAD	nonproof	nonproof_token		excluded_nonproof_token
monograph/monograph.tex	2756	latex_code	HEAP\_STORE	HEAP_STORE	nonproof	nonproof_token		excluded_nonproof_token
monograph/monograph.tex	2756	latex_code	csr\_heap\_base	csr_heap_base	nonproof	nonproof_token		excluded_nonproof_token
monograph/monograph.tex	2758	latex_code	REG\_COUNT	REG_COUNT	nonproof	Definition		Definition@coq/ThieleMachineComplete.v:1644;Definition@coq/kernel/foundation/VMState.v:1731
monograph/monograph.tex	2758	latex_code	REG\_COUNT = 16	REG_COUNT	nonproof	Definition		Definition@coq/ThieleMachineComplete.v:1644;Definition@coq/kernel/foundation/VMState.v:1731
monograph/monograph.tex	2758	latex_code	vm\_regs	vm_regs	nonproof	nonproof_token		excluded_nonproof_token
monograph/monograph.tex	2759	latex_code	MEM\_SIZE = 128	MEM_SIZE	nonproof	Definition		Definition@coq/ThieleMachineComplete.v:1645;Definition@coq/kernel/foundation/VMState.v:1732
monograph/monograph.tex	2759	latex_code	vm\_mem	vm_mem	nonproof	nonproof_token		excluded_nonproof_token
monograph/monograph.tex	2760	latex_code	vm\_pc	vm_pc	nonproof	nonproof_token		excluded_nonproof_token
monograph/monograph.tex	2761	latex_code	vm\_mu	vm_mu	nonproof	nonproof_token		excluded_nonproof_token
monograph/monograph.tex	2762	latex_code	REVEAL	REVEAL	nonproof	nonproof_token		excluded_nonproof_token
monograph/monograph.tex	2762	latex_code	TENSOR\_GET	TENSOR_GET	nonproof	nonproof_token		excluded_nonproof_token
monograph/monograph.tex	2762	latex_code	TENSOR\_SET	TENSOR_SET	nonproof	nonproof_token		excluded_nonproof_token
monograph/monograph.tex	2762	latex_code	vm\_graph	vm_graph	nonproof	nonproof_token		excluded_nonproof_token
monograph/monograph.tex	2762	latex_code	vm\_mu\_tensor	vm_mu_tensor	nonproof	nonproof_token		excluded_nonproof_token
monograph/monograph.tex	2763	latex_code	vm\_err	vm_err	nonproof	nonproof_token		excluded_nonproof_token
monograph/monograph.tex	2764	latex_code	LASSERT	LASSERT	nonproof	nonproof_token		excluded_nonproof_token
monograph/monograph.tex	2764	latex_code	vm\_logic\_acc	vm_logic_acc	nonproof	nonproof_token		excluded_nonproof_token
monograph/monograph.tex	2765	latex_code	vm\_mstatus	vm_mstatus	nonproof	nonproof_token		excluded_nonproof_token
monograph/monograph.tex	2766	latex_code	CHSH\_TRIAL	CHSH_TRIAL	nonproof	nonproof_token		excluded_nonproof_token
monograph/monograph.tex	2766	latex_code	chsh\_stat\_from\_wc	chsh_stat_from_wc	nonproof	Definition		Definition@coq/kernel/quantum/CHSHStatisticalBridge.v:23
monograph/monograph.tex	2766	latex_code	instr\_chsh\_trial (x y a b : nat)	a	nonproof	nonproof_token		excluded_nonproof_token
monograph/monograph.tex	2766	latex_code	instr\_chsh\_trial (x y a b : nat)	b	nonproof	nonproof_token		excluded_nonproof_token
monograph/monograph.tex	2766	latex_code	instr\_chsh\_trial (x y a b : nat)	instr_chsh_trial	nonproof	nonproof_token		excluded_nonproof_token
monograph/monograph.tex	2766	latex_code	instr\_chsh\_trial (x y a b : nat)	nat	nonproof	nonproof_token		excluded_nonproof_token
monograph/monograph.tex	2766	latex_code	instr\_chsh\_trial (x y a b : nat)	x	nonproof	nonproof_token		excluded_nonproof_token
monograph/monograph.tex	2766	latex_code	instr\_chsh\_trial (x y a b : nat)	y	nonproof	nonproof_token		excluded_nonproof_token
monograph/monograph.tex	2766	latex_code	vm\_witness	vm_witness	nonproof	nonproof_token		excluded_nonproof_token
monograph/monograph.tex	2766	latex_code	wc\_diff	wc_diff	nonproof	nonproof_token		excluded_nonproof_token
monograph/monograph.tex	2766	latex_code	wc\_diff	wc_diff	nonproof	nonproof_token		excluded_nonproof_token
monograph/monograph.tex	2766	latex_code	wc\_diff\_00	wc_diff_00	nonproof	nonproof_token		excluded_nonproof_token
monograph/monograph.tex	2766	latex_code	wc\_diff\_01	wc_diff_01	nonproof	nonproof_token		excluded_nonproof_token
monograph/monograph.tex	2766	latex_code	wc\_diff\_10	wc_diff_10	nonproof	nonproof_token		excluded_nonproof_token
monograph/monograph.tex	2766	latex_code	wc\_diff\_11	wc_diff_11	nonproof	nonproof_token		excluded_nonproof_token
monograph/monograph.tex	2766	latex_code	wc\_same	wc_same	nonproof	nonproof_token		excluded_nonproof_token
monograph/monograph.tex	2766	latex_code	wc\_same	wc_same	nonproof	nonproof_token		excluded_nonproof_token
monograph/monograph.tex	2766	latex_code	wc\_same\_00	wc_same_00	nonproof	nonproof_token		excluded_nonproof_token
monograph/monograph.tex	2766	latex_code	wc\_same\_01	wc_same_01	nonproof	nonproof_token		excluded_nonproof_token
monograph/monograph.tex	2766	latex_code	wc\_same\_10	wc_same_10	nonproof	nonproof_token		excluded_nonproof_token
monograph/monograph.tex	2766	latex_code	wc\_same\_11	wc_same_11	nonproof	nonproof_token		excluded_nonproof_token
monograph/monograph.tex	2767	latex_code	CERTIFY	CERTIFY	nonproof	nonproof_token		excluded_nonproof_token
monograph/monograph.tex	2767	latex_code	vm\_certified	vm_certified	nonproof	nonproof_token		excluded_nonproof_token
monograph/monograph.tex	2774	latex_code	vm\_graph	vm_graph	nonproof	nonproof_token		excluded_nonproof_token
monograph/monograph.tex	2776	latex_code	pg\_next\_id	pg_next_id	nonproof	nonproof_token		excluded_nonproof_token
monograph/monograph.tex	2777	latex_code	ModuleState	ModuleState	nonproof	Record		Record@coq/ThieleMachineComplete.v:921;Record@coq/kernel/foundation/VMState.v:80
monograph/monograph.tex	2777	latex_code	pg\_modules	pg_modules	nonproof	nonproof_token		excluded_nonproof_token
monograph/monograph.tex	2778	latex_code	pg\_next\_morph\_id	pg_next_morph_id	nonproof	nonproof_token		excluded_nonproof_token
monograph/monograph.tex	2779	latex_code	MorphismState	MorphismState	nonproof	Record		Record@coq/ThieleMachineComplete.v:989;Record@coq/kernel/foundation/VMState.v:140
monograph/monograph.tex	2779	latex_code	pg\_morphisms	pg_morphisms	nonproof	nonproof_token		excluded_nonproof_token
monograph/monograph.tex	2784	latex_code	VMState	VMState	nonproof	Record		Record@coq/ThieleMachineComplete.v:1582;Record@coq/kernel/foundation/VMState.v:1931
monograph/monograph.tex	2784	latex_code	vm\_heap	vm_heap	nonproof	nonproof_token		excluded_nonproof_token
monograph/monograph.tex	2784	latex_code	vm\_imem	vm_imem	nonproof	nonproof_token		excluded_nonproof_token
monograph/monograph.tex	2784	latex_code	vm\_mem	vm_mem	nonproof	nonproof_token		excluded_nonproof_token
monograph/monograph.tex	2784	latex_code	vm\_output	vm_output	nonproof	nonproof_token		excluded_nonproof_token
monograph/monograph.tex	2796	latex_code	mu\_delta	mu_delta	nonproof	nonproof_token		excluded_nonproof_token
monograph/monograph.tex	2806	latex_code	0, 1, ..., sz-1	sz	nonproof	nonproof_token		excluded_nonproof_token
monograph/monograph.tex	2806	latex_code	PNEW	PNEW	nonproof	nonproof_token		excluded_nonproof_token
monograph/monograph.tex	2812	latex_code	graph\_hw\_psplit	graph_hw_psplit	nonproof	Definition		Definition@coq/ThieleMachineComplete.v:2061;Definition@coq/kernel/foundation/VMStep.v:564
monograph/monograph.tex	2816	latex_code	PNEW	PNEW	nonproof	nonproof_token		excluded_nonproof_token
monograph/monograph.tex	2816	latex_code	PSPLIT	PSPLIT	nonproof	nonproof_token		excluded_nonproof_token
monograph/monograph.tex	2816	latex_code	graph\_hw\_pmerge	graph_hw_pmerge	nonproof	Definition		Definition@coq/ThieleMachineComplete.v:2075;Definition@coq/kernel/foundation/VMStep.v:577
monograph/monograph.tex	2827	latex_code	LASSERT	LASSERT	nonproof	nonproof_token		excluded_nonproof_token
monograph/monograph.tex	2827	latex_code	LJOIN	LJOIN	nonproof	nonproof_token		excluded_nonproof_token
monograph/monograph.tex	2827	latex_code	MDLACC	MDLACC	nonproof	nonproof_token		excluded_nonproof_token
monograph/monograph.tex	2831	latex_code	CERTIFY	CERTIFY	nonproof	nonproof_token		excluded_nonproof_token
monograph/monograph.tex	2831	latex_code	LASSERT	LASSERT	nonproof	nonproof_token		excluded_nonproof_token
monograph/monograph.tex	2831	latex_code	LASSERT	LASSERT	nonproof	nonproof_token		excluded_nonproof_token
monograph/monograph.tex	2831	latex_code	LASSERT	LASSERT	nonproof	nonproof_token		excluded_nonproof_token
monograph/monograph.tex	2831	latex_code	LASSERT	LASSERT	nonproof	nonproof_token		excluded_nonproof_token
monograph/monograph.tex	2831	latex_code	LASSERT	LASSERT	nonproof	nonproof_token		excluded_nonproof_token
monograph/monograph.tex	2831	latex_code	LASSERT\_TRAP\_PC	LASSERT_TRAP_PC	nonproof	Definition		Definition@coq/ThieleMachineComplete.v:2467;Definition@coq/kernel/foundation/VMStep.v:550
monograph/monograph.tex	2831	latex_code	MORPH\_ASSERT	MORPH_ASSERT	nonproof	nonproof_token		excluded_nonproof_token
monograph/monograph.tex	2831	latex_code	lassert\_check\_ok	lassert_check_ok	nonproof	Definition		Definition@coq/ThieleMachineComplete.v:2473;Definition@coq/kernel/foundation/VMStep.v:1565
monograph/monograph.tex	2833	latex_code	LASSERT	LASSERT	nonproof	nonproof_token		excluded_nonproof_token
monograph/monograph.tex	2837	latex_code	LJOIN	LJOIN	nonproof	nonproof_token		excluded_nonproof_token
monograph/monograph.tex	2845	latex_code	MDLACC	MDLACC	nonproof	nonproof_token		excluded_nonproof_token
monograph/monograph.tex	2856	latex_code	LOAD\_IMM	LOAD_IMM	nonproof	nonproof_token		excluded_nonproof_token
monograph/monograph.tex	2857	latex_code	XFER	XFER	nonproof	nonproof_token		excluded_nonproof_token
monograph/monograph.tex	2858	latex_code	ADD	ADD	nonproof	nonproof_token		excluded_nonproof_token
monograph/monograph.tex	2859	latex_code	SUB	SUB	nonproof	nonproof_token		excluded_nonproof_token
monograph/monograph.tex	2860	latex_code	MUL	MUL	nonproof	nonproof_token		excluded_nonproof_token
monograph/monograph.tex	2861	latex_code	AND	AND	nonproof	nonproof_token		excluded_nonproof_token
monograph/monograph.tex	2862	latex_code	OR	OR	nonproof	nonproof_token		excluded_nonproof_token
monograph/monograph.tex	2863	latex_code	SHL	SHL	nonproof	nonproof_token		excluded_nonproof_token
monograph/monograph.tex	2864	latex_code	SHR	SHR	nonproof	nonproof_token		excluded_nonproof_token
monograph/monograph.tex	2865	latex_code	LUI	LUI	nonproof	nonproof_token		excluded_nonproof_token
monograph/monograph.tex	2866	latex_code	XOR\_LOAD	XOR_LOAD	nonproof	nonproof_token		excluded_nonproof_token
monograph/monograph.tex	2867	latex_code	XOR\_ADD	XOR_ADD	nonproof	nonproof_token		excluded_nonproof_token
monograph/monograph.tex	2868	latex_code	XOR\_SWAP	XOR_SWAP	nonproof	nonproof_token		excluded_nonproof_token
monograph/monograph.tex	2869	latex_code	XOR\_RANK	XOR_RANK	nonproof	nonproof_token		excluded_nonproof_token
monograph/monograph.tex	2876	latex_code	XOR\_SWAP	XOR_SWAP	nonproof	nonproof_token		excluded_nonproof_token
monograph/monograph.tex	2887	latex_code	LOAD	LOAD	nonproof	nonproof_token		excluded_nonproof_token
monograph/monograph.tex	2887	latex_code	vm\_mem	vm_mem	nonproof	nonproof_token		excluded_nonproof_token
monograph/monograph.tex	2888	latex_code	STORE	STORE	nonproof	nonproof_token		excluded_nonproof_token
monograph/monograph.tex	2888	latex_code	vm\_mem	vm_mem	nonproof	nonproof_token		excluded_nonproof_token
monograph/monograph.tex	2889	latex_code	JUMP	JUMP	nonproof	nonproof_token		excluded_nonproof_token
monograph/monograph.tex	2890	latex_code	JNEZ	JNEZ	nonproof	nonproof_token		excluded_nonproof_token
monograph/monograph.tex	2891	latex_code	CALL	CALL	nonproof	nonproof_token		excluded_nonproof_token
monograph/monograph.tex	2892	latex_code	RET	RET	nonproof	nonproof_token		excluded_nonproof_token
monograph/monograph.tex	2893	latex_code	HALT	HALT	nonproof	nonproof_token		excluded_nonproof_token
monograph/monograph.tex	2893	latex_code	HALT	HALT	nonproof	nonproof_token		excluded_nonproof_token
monograph/monograph.tex	2894	latex_code	CHECKPOINT	CHECKPOINT	nonproof	nonproof_token		excluded_nonproof_token
monograph/monograph.tex	2899	latex_code	INIT\_ACTIVE\_MODULE	INIT_ACTIVE_MODULE	nonproof	nonproof_token		excluded_nonproof_token
monograph/monograph.tex	2899	latex_code	INIT\_PT	INIT_PT	nonproof	nonproof_token		excluded_nonproof_token
monograph/monograph.tex	2899	latex_code	LOAD	LOAD	nonproof	nonproof_token		excluded_nonproof_token
monograph/monograph.tex	2899	latex_code	STORE	STORE	nonproof	nonproof_token		excluded_nonproof_token
monograph/monograph.tex	2899	latex_code	VMState	VMState	nonproof	Record		Record@coq/ThieleMachineComplete.v:1582;Record@coq/kernel/foundation/VMState.v:1931
monograph/monograph.tex	2899	latex_code	vm\_mem	vm_mem	nonproof	nonproof_token		excluded_nonproof_token
monograph/monograph.tex	2903	latex_code	CERTIFY	CERTIFY	nonproof	nonproof_token		excluded_nonproof_token
monograph/monograph.tex	2903	latex_code	EMIT	EMIT	nonproof	nonproof_token		excluded_nonproof_token
monograph/monograph.tex	2903	latex_code	HEAP\_LOAD	HEAP_LOAD	nonproof	nonproof_token		excluded_nonproof_token
monograph/monograph.tex	2903	latex_code	HEAP\_STORE	HEAP_STORE	nonproof	nonproof_token		excluded_nonproof_token
monograph/monograph.tex	2903	latex_code	MORPH\_ASSERT	MORPH_ASSERT	nonproof	nonproof_token		excluded_nonproof_token
monograph/monograph.tex	2903	latex_code	READ\_PORT	READ_PORT	nonproof	nonproof_token		excluded_nonproof_token
monograph/monograph.tex	2903	latex_code	TENSOR\_GET	TENSOR_GET	nonproof	nonproof_token		excluded_nonproof_token
monograph/monograph.tex	2903	latex_code	TENSOR\_SET	TENSOR_SET	nonproof	nonproof_token		excluded_nonproof_token
monograph/monograph.tex	2903	latex_code	WRITE\_PORT	WRITE_PORT	nonproof	nonproof_token		excluded_nonproof_token
monograph/monograph.tex	2911	latex_code	READ\_PORT	READ_PORT	nonproof	nonproof_token		excluded_nonproof_token
monograph/monograph.tex	2912	latex_code	WRITE\_PORT	WRITE_PORT	nonproof	nonproof_token		excluded_nonproof_token
monograph/monograph.tex	2913	latex_code	EMIT	EMIT	nonproof	nonproof_token		excluded_nonproof_token
monograph/monograph.tex	2914	latex_code	HEAP\_LOAD	HEAP_LOAD	nonproof	nonproof_token		excluded_nonproof_token
monograph/monograph.tex	2914	latex_code	csr\_heap\_base + regs[$r_a$]	csr_heap_base	nonproof	nonproof_token		excluded_nonproof_token
monograph/monograph.tex	2914	latex_code	csr\_heap\_base + regs[$r_a$]	r_a	nonproof	nonproof_token		excluded_nonproof_token
monograph/monograph.tex	2914	latex_code	csr\_heap\_base + regs[$r_a$]	regs	nonproof	nonproof_token		excluded_nonproof_token
monograph/monograph.tex	2915	latex_code	HEAP\_STORE	HEAP_STORE	nonproof	nonproof_token		excluded_nonproof_token
monograph/monograph.tex	2915	latex_code	csr\_heap\_base + regs[$r_a$]	csr_heap_base	nonproof	nonproof_token		excluded_nonproof_token
monograph/monograph.tex	2915	latex_code	csr\_heap\_base + regs[$r_a$]	r_a	nonproof	nonproof_token		excluded_nonproof_token
monograph/monograph.tex	2915	latex_code	csr\_heap\_base + regs[$r_a$]	regs	nonproof	nonproof_token		excluded_nonproof_token
monograph/monograph.tex	2916	latex_code	TENSOR\_SET	TENSOR_SET	nonproof	nonproof_token		excluded_nonproof_token
monograph/monograph.tex	2917	latex_code	TENSOR\_GET	TENSOR_GET	nonproof	nonproof_token		excluded_nonproof_token
monograph/monograph.tex	2923	latex_code	EMIT	EMIT	nonproof	nonproof_token		excluded_nonproof_token
monograph/monograph.tex	2923	latex_code	READ\_PORT	READ_PORT	nonproof	nonproof_token		excluded_nonproof_token
monograph/monograph.tex	2923	latex_code	REVEAL	REVEAL	nonproof	nonproof_token		excluded_nonproof_token
monograph/monograph.tex	2925	latex_code	TENSOR\_GET	TENSOR_GET	nonproof	nonproof_token		excluded_nonproof_token
monograph/monograph.tex	2925	latex_code	TENSOR\_SET	TENSOR_SET	nonproof	nonproof_token		excluded_nonproof_token
monograph/monograph.tex	2933	latex_code	WitnessCount	WitnessCount	nonproof	nonproof_token		excluded_nonproof_token
monograph/monograph.tex	2933	latex_code	wc\_diff\_xy	wc_diff_xy	nonproof	nonproof_token		excluded_nonproof_token
monograph/monograph.tex	2933	latex_code	wc\_same\_xy	wc_same_xy	nonproof	nonproof_token		excluded_nonproof_token
monograph/monograph.tex	2935	latex_code	CHSH\_TRIAL	CHSH_TRIAL	nonproof	nonproof_token		excluded_nonproof_token
monograph/monograph.tex	2935	latex_code	chsh\_trial\_is\_tier0	chsh_trial_is_tier0	proof	Theorem	Kernel.WitnessInsightGeneral.chsh_trial_is_tier0	unique_suffix
monograph/monograph.tex	2939	latex_code	vm\_certified = true	true	nonproof	nonproof_token		excluded_nonproof_token
monograph/monograph.tex	2939	latex_code	vm\_certified = true	true	nonproof	nonproof_token		excluded_nonproof_token
monograph/monograph.tex	2939	latex_code	vm\_certified = true	vm_certified	nonproof	nonproof_token		excluded_nonproof_token
monograph/monograph.tex	2939	latex_code	vm\_certified = true	vm_certified	nonproof	nonproof_token		excluded_nonproof_token
monograph/monograph.tex	2943	latex_code	REVEAL	REVEAL	nonproof	nonproof_token		excluded_nonproof_token
monograph/monograph.tex	2943	latex_code	REVEAL	REVEAL	nonproof	nonproof_token		excluded_nonproof_token
monograph/monograph.tex	2947	latex_code	CHSH\_LASSERT\_1AB	CHSH_LASSERT_1AB	nonproof	nonproof_token		excluded_nonproof_token
monograph/monograph.tex	2947	latex_code	LASSERT\_TRAP\_PC	LASSERT_TRAP_PC	nonproof	Definition		Definition@coq/ThieleMachineComplete.v:2467;Definition@coq/kernel/foundation/VMStep.v:550
monograph/monograph.tex	2947	latex_code	chsh\_lassert\_no\_trap\_implies\_npa\_psd	chsh_lassert_no_trap_implies_npa_psd	proof	Theorem	Kernel.QuantumPartitionPSD.chsh_lassert_no_trap_implies_npa_psd	unique_suffix
monograph/monograph.tex	2947	latex_code	column\_contractive\_check\_witness	column_contractive_check_witness	nonproof	Definition		Definition@coq/ThieleMachineComplete.v:2519;Definition@coq/kernel/foundation/VMStep.v:627
monograph/monograph.tex	2947	latex_code	vm\_err	vm_err	nonproof	nonproof_token		excluded_nonproof_token
monograph/monograph.tex	2947	latex_code	vm\_witness	vm_witness	nonproof	nonproof_token		excluded_nonproof_token
monograph/monograph.tex	2951	latex_code	CHSH\_LASSERT	CHSH_LASSERT	nonproof	nonproof_token		excluded_nonproof_token
monograph/monograph.tex	2951	latex_code	LASSERT\_TRAP\_PC	LASSERT_TRAP_PC	nonproof	Definition		Definition@coq/ThieleMachineComplete.v:2467;Definition@coq/kernel/foundation/VMStep.v:550
monograph/monograph.tex	2951	latex_code	chsh\_lassert\_1ab\_no\_trap\_implies\_npa\_psd\_q1ab	chsh_lassert_1ab_no_trap_implies_npa_psd_q1ab	proof	Theorem	Kernel.QuantumPartitionPSD_1AB.chsh_lassert_1ab_no_trap_implies_npa_psd_q1ab	unique_suffix
monograph/monograph.tex	2951	latex_code	npa\_psd\_q1ab	npa_psd_q1ab	nonproof	Definition		Definition@coq/kernel/quantum/QuantumPartitionPSD_1AB.v:523
monograph/monograph.tex	2951	latex_code	vm\_witness	vm_witness	nonproof	nonproof_token		excluded_nonproof_token
monograph/monograph.tex	2963	latex_code	CHSH\_LASSERT	CHSH_LASSERT	nonproof	nonproof_token		excluded_nonproof_token
monograph/monograph.tex	2970	latex_code	COMPOSE	COMPOSE	nonproof	nonproof_token		excluded_nonproof_token
monograph/monograph.tex	2970	latex_code	MORPH	MORPH	nonproof	nonproof_token		excluded_nonproof_token
monograph/monograph.tex	2970	latex_code	MORPH\_ASSERT	MORPH_ASSERT	nonproof	nonproof_token		excluded_nonproof_token
monograph/monograph.tex	2970	latex_code	MORPH\_DELETE	MORPH_DELETE	nonproof	nonproof_token		excluded_nonproof_token
monograph/monograph.tex	2970	latex_code	MORPH\_GET	MORPH_GET	nonproof	nonproof_token		excluded_nonproof_token
monograph/monograph.tex	2970	latex_code	MORPH\_GET	MORPH_GET	nonproof	nonproof_token		excluded_nonproof_token
monograph/monograph.tex	2970	latex_code	MORPH\_ID	MORPH_ID	nonproof	nonproof_token		excluded_nonproof_token
monograph/monograph.tex	2970	latex_code	MORPH\_TENSOR	MORPH_TENSOR	nonproof	nonproof_token		excluded_nonproof_token
monograph/monograph.tex	2970	latex_code	is\_classical\_opcode	is_classical_opcode	nonproof	Definition		Definition@coq/kernel/foundation/ClassicalConservativity.v:39
monograph/monograph.tex	2974	latex_code	COMPOSE	COMPOSE	nonproof	nonproof_token		excluded_nonproof_token
monograph/monograph.tex	2974	latex_code	MORPH\_TENSOR	MORPH_TENSOR	nonproof	nonproof_token		excluded_nonproof_token
monograph/monograph.tex	2976	latex_code	MORPH	MORPH	nonproof	nonproof_token		excluded_nonproof_token
monograph/monograph.tex	2976	latex_code	MORPH	MORPH	nonproof	nonproof_token		excluded_nonproof_token
monograph/monograph.tex	2976	latex_code	coupling\_idx	coupling_idx	nonproof	nonproof_token		excluded_nonproof_token
monograph/monograph.tex	2976	latex_code	load\_coupling\_from\_mem	load_coupling_from_mem	nonproof	Definition		Definition@coq/ThieleMachineComplete.v:1944;Definition@coq/kernel/foundation/VMState.v:2508
monograph/monograph.tex	2976	latex_code	test\_morph\_loads\_nonempty\_coupling\_from\_memory	test_morph_loads_nonempty_coupling_from_memory	nonproof	nonproof_token		excluded_nonproof_token
monograph/monograph.tex	2976	latex_code	test\_morph\_reads\_upper\_half\_memory	test_morph_reads_upper_half_memory	nonproof	nonproof_token		excluded_nonproof_token
monograph/monograph.tex	2978	latex_code	MORPH\_GET	MORPH_GET	nonproof	nonproof_token		excluded_nonproof_token
monograph/monograph.tex	2985	latex_code	MORPH	MORPH	nonproof	nonproof_token		excluded_nonproof_token
monograph/monograph.tex	2986	latex_code	COMPOSE	COMPOSE	nonproof	nonproof_token		excluded_nonproof_token
monograph/monograph.tex	2987	latex_code	MORPH\_ID	MORPH_ID	nonproof	nonproof_token		excluded_nonproof_token
monograph/monograph.tex	2988	latex_code	MORPH\_DELETE	MORPH_DELETE	nonproof	nonproof_token		excluded_nonproof_token
monograph/monograph.tex	2989	latex_code	MORPH\_ASSERT	MORPH_ASSERT	nonproof	nonproof_token		excluded_nonproof_token
monograph/monograph.tex	2989	latex_code	csr\_cert\_addr	csr_cert_addr	nonproof	nonproof_token		excluded_nonproof_token
monograph/monograph.tex	2990	latex_code	MORPH\_TENSOR	MORPH_TENSOR	nonproof	nonproof_token		excluded_nonproof_token
monograph/monograph.tex	2991	latex_code	MORPH\_GET	MORPH_GET	nonproof	nonproof_token		excluded_nonproof_token
monograph/monograph.tex	2996	latex_code	MORPH\_ASSERT	MORPH_ASSERT	nonproof	nonproof_token		excluded_nonproof_token
monograph/monograph.tex	3002	latex_code	ADD	ADD	nonproof	nonproof_token		excluded_nonproof_token
monograph/monograph.tex	3002	latex_code	AND	AND	nonproof	nonproof_token		excluded_nonproof_token
monograph/monograph.tex	3002	latex_code	LOAD\_IMM	LOAD_IMM	nonproof	nonproof_token		excluded_nonproof_token
monograph/monograph.tex	3002	latex_code	LUI	LUI	nonproof	nonproof_token		excluded_nonproof_token
monograph/monograph.tex	3002	latex_code	MUL	MUL	nonproof	nonproof_token		excluded_nonproof_token
monograph/monograph.tex	3002	latex_code	OR	OR	nonproof	nonproof_token		excluded_nonproof_token
monograph/monograph.tex	3002	latex_code	SHL	SHL	nonproof	nonproof_token		excluded_nonproof_token
monograph/monograph.tex	3002	latex_code	SHR	SHR	nonproof	nonproof_token		excluded_nonproof_token
monograph/monograph.tex	3002	latex_code	SUB	SUB	nonproof	nonproof_token		excluded_nonproof_token
monograph/monograph.tex	3002	latex_code	XFER	XFER	nonproof	nonproof_token		excluded_nonproof_token
monograph/monograph.tex	3002	latex_code	XOR\_ADD	XOR_ADD	nonproof	nonproof_token		excluded_nonproof_token
monograph/monograph.tex	3002	latex_code	XOR\_LOAD	XOR_LOAD	nonproof	nonproof_token		excluded_nonproof_token
monograph/monograph.tex	3002	latex_code	XOR\_RANK	XOR_RANK	nonproof	nonproof_token		excluded_nonproof_token
monograph/monograph.tex	3002	latex_code	XOR\_SWAP	XOR_SWAP	nonproof	nonproof_token		excluded_nonproof_token
monograph/monograph.tex	3003	latex_code	CALL	CALL	nonproof	nonproof_token		excluded_nonproof_token
monograph/monograph.tex	3003	latex_code	CHECKPOINT	CHECKPOINT	nonproof	nonproof_token		excluded_nonproof_token
monograph/monograph.tex	3003	latex_code	HALT	HALT	nonproof	nonproof_token		excluded_nonproof_token
monograph/monograph.tex	3003	latex_code	JNEZ	JNEZ	nonproof	nonproof_token		excluded_nonproof_token
monograph/monograph.tex	3003	latex_code	JUMP	JUMP	nonproof	nonproof_token		excluded_nonproof_token
monograph/monograph.tex	3003	latex_code	LOAD	LOAD	nonproof	nonproof_token		excluded_nonproof_token
monograph/monograph.tex	3003	latex_code	RET	RET	nonproof	nonproof_token		excluded_nonproof_token
monograph/monograph.tex	3003	latex_code	STORE	STORE	nonproof	nonproof_token		excluded_nonproof_token
monograph/monograph.tex	3004	latex_code	EMIT	EMIT	nonproof	nonproof_token		excluded_nonproof_token
monograph/monograph.tex	3004	latex_code	HEAP\_LOAD	HEAP_LOAD	nonproof	nonproof_token		excluded_nonproof_token
monograph/monograph.tex	3004	latex_code	HEAP\_STORE	HEAP_STORE	nonproof	nonproof_token		excluded_nonproof_token
monograph/monograph.tex	3004	latex_code	READ\_PORT	READ_PORT	nonproof	nonproof_token		excluded_nonproof_token
monograph/monograph.tex	3004	latex_code	TENSOR\_GET	TENSOR_GET	nonproof	nonproof_token		excluded_nonproof_token
monograph/monograph.tex	3004	latex_code	TENSOR\_SET	TENSOR_SET	nonproof	nonproof_token		excluded_nonproof_token
monograph/monograph.tex	3004	latex_code	WRITE\_PORT	WRITE_PORT	nonproof	nonproof_token		excluded_nonproof_token
monograph/monograph.tex	3005	latex_code	PDISCOVER	PDISCOVER	nonproof	nonproof_token		excluded_nonproof_token
monograph/monograph.tex	3005	latex_code	PMERGE	PMERGE	nonproof	nonproof_token		excluded_nonproof_token
monograph/monograph.tex	3005	latex_code	PNEW	PNEW	nonproof	nonproof_token		excluded_nonproof_token
monograph/monograph.tex	3005	latex_code	PSPLIT	PSPLIT	nonproof	nonproof_token		excluded_nonproof_token
monograph/monograph.tex	3006	latex_code	LASSERT	LASSERT	nonproof	nonproof_token		excluded_nonproof_token
monograph/monograph.tex	3006	latex_code	LJOIN	LJOIN	nonproof	nonproof_token		excluded_nonproof_token
monograph/monograph.tex	3006	latex_code	MDLACC	MDLACC	nonproof	nonproof_token		excluded_nonproof_token
monograph/monograph.tex	3007	latex_code	CERTIFY	CERTIFY	nonproof	nonproof_token		excluded_nonproof_token
monograph/monograph.tex	3007	latex_code	CHSH\_LASSERT	CHSH_LASSERT	nonproof	nonproof_token		excluded_nonproof_token
monograph/monograph.tex	3007	latex_code	CHSH\_LASSERT\_1AB	CHSH_LASSERT_1AB	nonproof	nonproof_token		excluded_nonproof_token
monograph/monograph.tex	3007	latex_code	CHSH\_LASSERT\_1AB\_G12345	CHSH_LASSERT_1AB_G12345	nonproof	nonproof_token		excluded_nonproof_token
monograph/monograph.tex	3007	latex_code	CHSH\_LASSERT\_1AB\_G345	CHSH_LASSERT_1AB_G345	nonproof	nonproof_token		excluded_nonproof_token
monograph/monograph.tex	3007	latex_code	CHSH\_LASSERT\_1AB\_G5	CHSH_LASSERT_1AB_G5	nonproof	nonproof_token		excluded_nonproof_token
monograph/monograph.tex	3007	latex_code	CHSH\_TRIAL	CHSH_TRIAL	nonproof	nonproof_token		excluded_nonproof_token
monograph/monograph.tex	3007	latex_code	REVEAL	REVEAL	nonproof	nonproof_token		excluded_nonproof_token
monograph/monograph.tex	3008	latex_code	COMPOSE	COMPOSE	nonproof	nonproof_token		excluded_nonproof_token
monograph/monograph.tex	3008	latex_code	MORPH	MORPH	nonproof	nonproof_token		excluded_nonproof_token
monograph/monograph.tex	3008	latex_code	MORPH\_ASSERT	MORPH_ASSERT	nonproof	nonproof_token		excluded_nonproof_token
monograph/monograph.tex	3008	latex_code	MORPH\_DELETE	MORPH_DELETE	nonproof	nonproof_token		excluded_nonproof_token
monograph/monograph.tex	3008	latex_code	MORPH\_GET	MORPH_GET	nonproof	nonproof_token		excluded_nonproof_token
monograph/monograph.tex	3008	latex_code	MORPH\_ID	MORPH_ID	nonproof	nonproof_token		excluded_nonproof_token
monograph/monograph.tex	3008	latex_code	MORPH\_TENSOR	MORPH_TENSOR	nonproof	nonproof_token		excluded_nonproof_token
monograph/monograph.tex	3011	latex_code	CHSH\_LASSERT\_1AB	CHSH_LASSERT_1AB	nonproof	nonproof_token		excluded_nonproof_token
monograph/monograph.tex	3014	latex_code	CHSH\_LASSERT	CHSH_LASSERT	nonproof	nonproof_token		excluded_nonproof_token
monograph/monograph.tex	3015	latex_code	CHSH\_LASSERT	CHSH_LASSERT	nonproof	nonproof_token		excluded_nonproof_token
monograph/monograph.tex	3015	latex_code	CHSH\_LASSERT mu\_delta	CHSH_LASSERT	nonproof	nonproof_token		excluded_nonproof_token
monograph/monograph.tex	3015	latex_code	CHSH\_LASSERT mu\_delta	mu_delta	nonproof	nonproof_token		excluded_nonproof_token
monograph/monograph.tex	3015	latex_code	LASSERT\_TRAP\_PC	LASSERT_TRAP_PC	nonproof	Definition		Definition@coq/ThieleMachineComplete.v:2467;Definition@coq/kernel/foundation/VMStep.v:550
monograph/monograph.tex	3015	latex_code	chsh\_lassert\_no\_trap\_implies\_npa\_psd	chsh_lassert_no_trap_implies_npa_psd	proof	Theorem	Kernel.QuantumPartitionPSD.chsh_lassert_no_trap_implies_npa_psd	unique_suffix
monograph/monograph.tex	3015	latex_code	column\_contractive\_check\_witness	column_contractive_check_witness	nonproof	Definition		Definition@coq/ThieleMachineComplete.v:2519;Definition@coq/kernel/foundation/VMStep.v:627
monograph/monograph.tex	3015	latex_code	column\_contractive\_check\_witness\_sound	column_contractive_check_witness_sound	proof	Lemma	Kernel.MuLedgerQuantumBridge.column_contractive_check_witness_sound	unique_suffix
monograph/monograph.tex	3015	latex_code	column\_contractive\_iff\_npa\_psd	column_contractive_iff_npa_psd	proof	Corollary	Kernel.QuantumPartitionPSD.column_contractive_iff_npa_psd	unique_suffix
monograph/monograph.tex	3015	latex_code	vm\_err	vm_err	nonproof	nonproof_token		excluded_nonproof_token
monograph/monograph.tex	3015	latex_code	vm\_witness	vm_witness	nonproof	nonproof_token		excluded_nonproof_token
monograph/monograph.tex	3017	latex_code	CHSH\_LASSERT\_1AB	CHSH_LASSERT_1AB	nonproof	nonproof_token		excluded_nonproof_token
monograph/monograph.tex	3017	latex_code	CHSH\_LASSERT\_1AB\_G12345	CHSH_LASSERT_1AB_G12345	nonproof	nonproof_token		excluded_nonproof_token
monograph/monograph.tex	3017	latex_code	CHSH\_LASSERT\_1AB\_G345	CHSH_LASSERT_1AB_G345	nonproof	nonproof_token		excluded_nonproof_token
monograph/monograph.tex	3017	latex_code	CHSH\_LASSERT\_1AB\_G5	CHSH_LASSERT_1AB_G5	nonproof	nonproof_token		excluded_nonproof_token
monograph/monograph.tex	3017	latex_code	chsh\_lassert\_1ab\_*\_no\_trap\_implies\_npa\_psd\_q1ab	chsh_lassert_1ab_	nonproof	nonproof_token		excluded_nonproof_token
monograph/monograph.tex	3017	latex_code	npa\_psd\_q1ab	npa_psd_q1ab	nonproof	Definition		Definition@coq/kernel/quantum/QuantumPartitionPSD_1AB.v:523
monograph/monograph.tex	3017	latex_code	vm\_witness	vm_witness	nonproof	nonproof_token		excluded_nonproof_token
monograph/monograph.tex	3019	latex_code	CERTIFY	CERTIFY	nonproof	nonproof_token		excluded_nonproof_token
monograph/monograph.tex	3019	latex_code	CHSH\_TRIAL	CHSH_TRIAL	nonproof	nonproof_token		excluded_nonproof_token
monograph/monograph.tex	3019	latex_code	MORPH	MORPH	nonproof	nonproof_token		excluded_nonproof_token
monograph/monograph.tex	3019	latex_code	VMStep.v	VMStep.v	nonproof	nonproof_token		excluded_nonproof_token
monograph/monograph.tex	3019	latex_code	vm\_certified	vm_certified	nonproof	nonproof_token		excluded_nonproof_token
monograph/monograph.tex	3040	latex_code	COMPOSE	COMPOSE	nonproof	nonproof_token		excluded_nonproof_token
monograph/monograph.tex	3041	latex_code	MORPH\_ID	MORPH_ID	nonproof	nonproof_token		excluded_nonproof_token
monograph/monograph.tex	3057	latex_code	COMPOSE	COMPOSE	nonproof	nonproof_token		excluded_nonproof_token
monograph/monograph.tex	3057	latex_code	MORPH\_ID	MORPH_ID	nonproof	nonproof_token		excluded_nonproof_token
monograph/monograph.tex	3065	latex_code	COMPOSE	COMPOSE	nonproof	nonproof_token		excluded_nonproof_token
monograph/monograph.tex	3065	latex_code	MORPH\_ID	MORPH_ID	nonproof	nonproof_token		excluded_nonproof_token
monograph/monograph.tex	3065	latex_code	driven\_step\_compose	driven_step_compose	proof	Theorem	KamiHW.GraphReconstructionBridge.driven_step_compose	unique_suffix
monograph/monograph.tex	3065	latex_code	graph\_compose\_morphisms\_coupling	graph_compose_morphisms_coupling	proof	Lemma	Kernel.CategoryBridge.graph_compose_morphisms_coupling	unique_suffix
monograph/monograph.tex	3065	latex_code	is\_identity	is_identity	nonproof	nonproof_token		excluded_nonproof_token
monograph/monograph.tex	3070	latex_code	COMPOSE	COMPOSE	nonproof	nonproof_token		excluded_nonproof_token
monograph/monograph.tex	3070	latex_code	COMPOSE	COMPOSE	nonproof	nonproof_token		excluded_nonproof_token
monograph/monograph.tex	3070	latex_code	graph\_compose\_morphisms\_coupling	graph_compose_morphisms_coupling	proof	Lemma	Kernel.CategoryBridge.graph_compose_morphisms_coupling	unique_suffix
monograph/monograph.tex	3070	latex_code	is\_identity	is_identity	nonproof	nonproof_token		excluded_nonproof_token
monograph/monograph.tex	3070	latex_code	morph\_graph\_compose\_assoc	morph_graph_compose_assoc	proof	Theorem	Kernel.CategoryBridge.morph_graph_compose_assoc	unique_suffix
monograph/monograph.tex	3076	latex_code	COMPOSE	COMPOSE	nonproof	nonproof_token		excluded_nonproof_token
monograph/monograph.tex	3076	latex_code	MORPH\_GET	MORPH_GET	nonproof	nonproof_token		excluded_nonproof_token
monograph/monograph.tex	3091	latex_code	MORPH\_ASSERT	MORPH_ASSERT	nonproof	nonproof_token		excluded_nonproof_token
monograph/monograph.tex	3093	latex_code	COMPOSE	COMPOSE	nonproof	nonproof_token		excluded_nonproof_token
monograph/monograph.tex	3093	latex_code	MORPH	MORPH	nonproof	nonproof_token		excluded_nonproof_token
monograph/monograph.tex	3093	latex_code	MORPH\_ASSERT	MORPH_ASSERT	nonproof	nonproof_token		excluded_nonproof_token
monograph/monograph.tex	3093	latex_code	MORPH\_ASSERT	MORPH_ASSERT	nonproof	nonproof_token		excluded_nonproof_token
monograph/monograph.tex	3093	latex_code	MORPH\_GET	MORPH_GET	nonproof	nonproof_token		excluded_nonproof_token
monograph/monograph.tex	3093	latex_code	vm\_err	vm_err	nonproof	nonproof_token		excluded_nonproof_token
monograph/monograph.tex	3095	latex_code	COMPOSE	COMPOSE	nonproof	nonproof_token		excluded_nonproof_token
monograph/monograph.tex	3095	latex_code	MORPH	MORPH	nonproof	nonproof_token		excluded_nonproof_token
monograph/monograph.tex	3095	latex_code	MORPH\_ASSERT	MORPH_ASSERT	nonproof	nonproof_token		excluded_nonproof_token
monograph/monograph.tex	3095	latex_code	MORPH\_ID	MORPH_ID	nonproof	nonproof_token		excluded_nonproof_token
monograph/monograph.tex	3097	latex_code	MORPH\_ASSERT	MORPH_ASSERT	nonproof	nonproof_token		excluded_nonproof_token
monograph/monograph.tex	3111	latex_code	vm\_regs	vm_regs	nonproof	nonproof_token		excluded_nonproof_token
monograph/monograph.tex	3111	latex_code	vm\_regs	vm_regs	nonproof	nonproof_token		excluded_nonproof_token
monograph/monograph.tex	3112	latex_code	vm\_mem	vm_mem	nonproof	nonproof_token		excluded_nonproof_token
monograph/monograph.tex	3112	latex_code	vm\_mem	vm_mem	nonproof	nonproof_token		excluded_nonproof_token
monograph/monograph.tex	3113	latex_code	vm\_mu	vm_mu	nonproof	nonproof_token		excluded_nonproof_token
monograph/monograph.tex	3113	latex_code	vm\_mu	vm_mu	nonproof	nonproof_token		excluded_nonproof_token
monograph/monograph.tex	3114	latex_code	vm\_err	vm_err	nonproof	nonproof_token		excluded_nonproof_token
monograph/monograph.tex	3114	latex_code	vm\_err	vm_err	nonproof	nonproof_token		excluded_nonproof_token
monograph/monograph.tex	3115	latex_code	vm\_pc	vm_pc	nonproof	nonproof_token		excluded_nonproof_token
monograph/monograph.tex	3115	latex_code	vm\_pc	vm_pc	nonproof	nonproof_token		excluded_nonproof_token
monograph/monograph.tex	3116	latex_code	vm\_certified	vm_certified	nonproof	nonproof_token		excluded_nonproof_token
monograph/monograph.tex	3116	latex_code	vm\_certified	vm_certified	nonproof	nonproof_token		excluded_nonproof_token
monograph/monograph.tex	3118	latex_code	pg\_morphisms	pg_morphisms	nonproof	nonproof_token		excluded_nonproof_token
monograph/monograph.tex	3122	latex_code	pg\_morphisms = [(0, id)]	id	nonproof	nonproof_token		excluded_nonproof_token
monograph/monograph.tex	3122	latex_code	pg\_morphisms = [(0, id)]	pg_morphisms	nonproof	nonproof_token		excluded_nonproof_token
monograph/monograph.tex	3122	latex_code	pg\_morphisms = []	pg_morphisms	nonproof	nonproof_token		excluded_nonproof_token
monograph/monograph.tex	3122	latex_code	vm\_certified	vm_certified	nonproof	nonproof_token		excluded_nonproof_token
monograph/monograph.tex	3134	latex_code	vm\_regs	vm_regs	nonproof	nonproof_token		excluded_nonproof_token
monograph/monograph.tex	3135	latex_code	vm\_mem	vm_mem	nonproof	nonproof_token		excluded_nonproof_token
monograph/monograph.tex	3136	latex_code	vm\_mu	vm_mu	nonproof	nonproof_token		excluded_nonproof_token
monograph/monograph.tex	3137	latex_code	vm\_pc	vm_pc	nonproof	nonproof_token		excluded_nonproof_token
monograph/monograph.tex	3138	latex_code	vm\_err	vm_err	nonproof	nonproof_token		excluded_nonproof_token
monograph/monograph.tex	3139	latex_code	vm\_certified	vm_certified	nonproof	nonproof_token		excluded_nonproof_token
monograph/monograph.tex	3141	latex_code	pg\_morphisms	pg_morphisms	nonproof	nonproof_token		excluded_nonproof_token
monograph/monograph.tex	3147	latex_code	vm\_certified	vm_certified	nonproof	nonproof_token		excluded_nonproof_token
monograph/monograph.tex	3152	latex_code	CertificationSystem	CertificationSystem	nonproof	Record		Record@coq/kernel/nfi/UniversalCertificationCost.v:30
monograph/monograph.tex	3155	latex_code	SimulatingCertificationSystem	SimulatingCertificationSystem	nonproof	Record		Record@coq/kernel/nfi/UniversalCertificationCost.v:236
monograph/monograph.tex	3155	latex_code	thiele\_represents\_simulating\_cert\_system	thiele_represents_simulating_cert_system	proof	Theorem	Kernel.UniversalCertificationCost.thiele_represents_simulating_cert_system	unique_suffix
monograph/monograph.tex	3155	latex_code	thiele\_simulates\_turing	thiele_simulates_turing	proof	Theorem	Kernel.ProperSubsumption.ProperSubsumption.thiele_simulates_turing	unique_suffix
monograph/monograph.tex	3155	latex_code	universal\_nfi\_any\_substrate	universal_nfi_any_substrate	proof	Theorem	Kernel.UniversalCertificationCost.universal_nfi_any_substrate	unique_suffix
monograph/monograph.tex	3155	latex_code	universal\_nfi\_any\_substrate	universal_nfi_any_substrate	proof	Theorem	Kernel.UniversalCertificationCost.universal_nfi_any_substrate	unique_suffix
monograph/monograph.tex	3158	latex_code	pg\_morphisms	pg_morphisms	nonproof	nonproof_token		excluded_nonproof_token
monograph/monograph.tex	3158	latex_code	shadow\_proj	shadow_proj	nonproof	Definition		Definition@coq/kernel/witness/ShadowProjection.v:52
monograph/monograph.tex	3158	latex_code	shadow\_strictly\_lossy	shadow_strictly_lossy	proof	Theorem	Kernel.ShadowProjection.shadow_strictly_lossy	unique_suffix
monograph/monograph.tex	3158	latex_code	vm\_certified	vm_certified	nonproof	nonproof_token		excluded_nonproof_token
monograph/monograph.tex	3158	latex_code	vm\_err	vm_err	nonproof	nonproof_token		excluded_nonproof_token
monograph/monograph.tex	3158	latex_code	vm\_mem	vm_mem	nonproof	nonproof_token		excluded_nonproof_token
monograph/monograph.tex	3158	latex_code	vm\_mu	vm_mu	nonproof	nonproof_token		excluded_nonproof_token
monograph/monograph.tex	3158	latex_code	vm\_pc	vm_pc	nonproof	nonproof_token		excluded_nonproof_token
monograph/monograph.tex	3158	latex_code	vm\_regs	vm_regs	nonproof	nonproof_token		excluded_nonproof_token
monograph/monograph.tex	3169	latex_code	pg\_morphisms	pg_morphisms	nonproof	nonproof_token		excluded_nonproof_token
monograph/monograph.tex	3169	latex_code	pg\_morphisms	pg_morphisms	nonproof	nonproof_token		excluded_nonproof_token
monograph/monograph.tex	3169	latex_code	shadow\_proj	shadow_proj	nonproof	Definition		Definition@coq/kernel/witness/ShadowProjection.v:52
monograph/monograph.tex	3169	latex_code	shadow\_proj	shadow_proj	nonproof	Definition		Definition@coq/kernel/witness/ShadowProjection.v:52
monograph/monograph.tex	3169	latex_code	vm\_graph	vm_graph	nonproof	nonproof_token		excluded_nonproof_token
monograph/monograph.tex	3169	latex_code	vm\_graph	vm_graph	nonproof	nonproof_token		excluded_nonproof_token
monograph/monograph.tex	3171	latex_code	ADD	ADD	nonproof	nonproof_token		excluded_nonproof_token
monograph/monograph.tex	3171	latex_code	instr\_add	instr_add	nonproof	nonproof_token		excluded_nonproof_token
monograph/monograph.tex	3171	latex_code	instr\_add	instr_add	nonproof	nonproof_token		excluded_nonproof_token
monograph/monograph.tex	3171	latex_code	is\_classical\_opcode	is_classical_opcode	nonproof	Definition		Definition@coq/kernel/foundation/ClassicalConservativity.v:39
monograph/monograph.tex	3171	latex_code	probe\_preserves\_graph\_A	probe_preserves_graph_A	proof	Lemma	Kernel.ShadowProjection.probe_preserves_graph_A	unique_suffix
monograph/monograph.tex	3171	latex_code	probe\_preserves\_graph\_B	probe_preserves_graph_B	proof	Lemma	Kernel.ShadowProjection.probe_preserves_graph_B	unique_suffix
monograph/monograph.tex	3171	latex_code	vm\_graph	vm_graph	nonproof	nonproof_token		excluded_nonproof_token
monograph/monograph.tex	3174	latex_code	ADD 0 0 0 0	ADD	nonproof	nonproof_token		excluded_nonproof_token
monograph/monograph.tex	3182	latex_code	PNEW	PNEW	nonproof	nonproof_token		excluded_nonproof_token
monograph/monograph.tex	3182	latex_code	is\_classical\_opcode	is_classical_opcode	nonproof	Definition		Definition@coq/kernel/foundation/ClassicalConservativity.v:39
monograph/monograph.tex	3182	latex_code	pg\_next\_id	pg_next_id	nonproof	nonproof_token		excluded_nonproof_token
monograph/monograph.tex	3182	latex_code	pg\_next\_id	pg_next_id	nonproof	nonproof_token		excluded_nonproof_token
monograph/monograph.tex	3197	latex_code	MORPH\_ASSERT	MORPH_ASSERT	nonproof	nonproof_token		excluded_nonproof_token
monograph/monograph.tex	3199	latex_code	vm\_err	vm_err	nonproof	nonproof_token		excluded_nonproof_token
monograph/monograph.tex	3200	latex_code	csr\_cert\_addr	csr_cert_addr	nonproof	nonproof_token		excluded_nonproof_token
monograph/monograph.tex	3204	latex_code	MORPH\_ASSERT	MORPH_ASSERT	nonproof	nonproof_token		excluded_nonproof_token
monograph/monograph.tex	3211	latex_code	PNEW	PNEW	nonproof	nonproof_token		excluded_nonproof_token
monograph/monograph.tex	3211	latex_code	PNEW	PNEW	nonproof	nonproof_token		excluded_nonproof_token
monograph/monograph.tex	3211	latex_code	PNEW	PNEW	nonproof	nonproof_token		excluded_nonproof_token
monograph/monograph.tex	3212	latex_code	MORPH	MORPH	nonproof	nonproof_token		excluded_nonproof_token
monograph/monograph.tex	3212	latex_code	MORPH	MORPH	nonproof	nonproof_token		excluded_nonproof_token
monograph/monograph.tex	3213	latex_code	COMPOSE	COMPOSE	nonproof	nonproof_token		excluded_nonproof_token
monograph/monograph.tex	3215	latex_code	MORPH\_GET	MORPH_GET	nonproof	nonproof_token		excluded_nonproof_token
monograph/monograph.tex	3215	latex_code	MORPH\_GET	MORPH_GET	nonproof	nonproof_token		excluded_nonproof_token
monograph/monograph.tex	3220	latex_code	MORPH\_ASSERT	MORPH_ASSERT	nonproof	nonproof_token		excluded_nonproof_token
monograph/monograph.tex	3220	latex_code	csr\_cert\_addr	csr_cert_addr	nonproof	nonproof_token		excluded_nonproof_token
monograph/monograph.tex	3222	latex_code	csr\_cert\_addr	csr_cert_addr	nonproof	nonproof_token		excluded_nonproof_token
monograph/monograph.tex	3229	latex_code	COMPOSE	COMPOSE	nonproof	nonproof_token		excluded_nonproof_token
monograph/monograph.tex	3229	latex_code	MORPH	MORPH	nonproof	nonproof_token		excluded_nonproof_token
monograph/monograph.tex	3229	latex_code	MORPH\_ASSERT	MORPH_ASSERT	nonproof	nonproof_token		excluded_nonproof_token
monograph/monograph.tex	3229	latex_code	MORPH\_GET	MORPH_GET	nonproof	nonproof_token		excluded_nonproof_token
monograph/monograph.tex	3231	latex_code	CHECKPOINT	CHECKPOINT	nonproof	nonproof_token		excluded_nonproof_token
monograph/monograph.tex	3231	latex_code	COMPOSE	COMPOSE	nonproof	nonproof_token		excluded_nonproof_token
monograph/monograph.tex	3231	latex_code	LOAD\_IMM	LOAD_IMM	nonproof	nonproof_token		excluded_nonproof_token
monograph/monograph.tex	3231	latex_code	MORPH	MORPH	nonproof	nonproof_token		excluded_nonproof_token
monograph/monograph.tex	3231	latex_code	pg\_next\_morph\_id	pg_next_morph_id	nonproof	nonproof_token		excluded_nonproof_token
monograph/monograph.tex	3233	latex_code	COMPOSE	COMPOSE	nonproof	nonproof_token		excluded_nonproof_token
monograph/monograph.tex	3233	latex_code	LOAD\_IMM	LOAD_IMM	nonproof	nonproof_token		excluded_nonproof_token
monograph/monograph.tex	3233	latex_code	MORPH	MORPH	nonproof	nonproof_token		excluded_nonproof_token
monograph/monograph.tex	3233	latex_code	MORPH\_DELETE	MORPH_DELETE	nonproof	nonproof_token		excluded_nonproof_token
monograph/monograph.tex	3233	latex_code	MORPH\_DELETE	MORPH_DELETE	nonproof	nonproof_token		excluded_nonproof_token
monograph/monograph.tex	3233	latex_code	pg\_morphisms	pg_morphisms	nonproof	nonproof_token		excluded_nonproof_token
monograph/monograph.tex	3242	latex_code	WFDrivenPrecondition	WFDrivenPrecondition	nonproof	Definition		Definition@coq/kami_hw/GraphReconstructionBridge.v:3828
monograph/monograph.tex	3242	latex_code	WFDrivenRun	WFDrivenRun	nonproof	Fixpoint		Fixpoint@coq/kami_hw/GraphReconstructionBridge.v:3955
monograph/monograph.tex	3242	latex_code	driven\_step\_wf	driven_step_wf	proof	Theorem	KamiHW.GraphReconstructionBridge.driven_step_wf	unique_suffix
monograph/monograph.tex	3242	latex_code	driven\_trace\_commutes	driven_trace_commutes	proof	Theorem	KamiHW.GraphReconstructionBridge.driven_trace_commutes	unique_suffix
monograph/monograph.tex	3242	latex_code	vm\_apply	vm_apply	nonproof	Definition		Definition@coq/ThieleMachineComplete.v:3534;Definition@coq/kernel/foundation/SimulationProof.v:262
monograph/monograph.tex	3307	latex_code	ocaml\_observable\_nofi\_and\_monotone	ocaml_observable_nofi_and_monotone	proof	Theorem	Kernel.OCamlExtractionBridge.ocaml_observable_nofi_and_monotone	unique_suffix
monograph/monograph.tex	3309	latex_code	driven\_step\_wf	driven_step_wf	proof	Theorem	KamiHW.GraphReconstructionBridge.driven_step_wf	unique_suffix
monograph/monograph.tex	3323	latex_code	xc7frames2bit	xc7frames2bit	nonproof	nonproof_token		excluded_nonproof_token
monograph/monograph.tex	3334	latex_code	VMState	VMState	nonproof	Record		Record@coq/ThieleMachineComplete.v:1582;Record@coq/kernel/foundation/VMState.v:1931
monograph/monograph.tex	3335	latex_code	vm\_instruction	vm_instruction	nonproof	Inductive		Inductive@coq/ThieleMachineComplete.v:2185;Inductive@coq/kernel/foundation/VMStep.v:120
monograph/monograph.tex	3336	latex_code	vm\_apply	vm_apply	nonproof	Definition		Definition@coq/ThieleMachineComplete.v:3534;Definition@coq/kernel/foundation/SimulationProof.v:262
monograph/monograph.tex	3340	latex_code	MEM\_SIZE = 128	MEM_SIZE	nonproof	Definition		Definition@coq/ThieleMachineComplete.v:1645;Definition@coq/kernel/foundation/VMState.v:1732
monograph/monograph.tex	3340	latex_code	REG\_COUNT = 16	REG_COUNT	nonproof	Definition		Definition@coq/ThieleMachineComplete.v:1644;Definition@coq/kernel/foundation/VMState.v:1731
monograph/monograph.tex	3340	latex_code	VMState	VMState	nonproof	Record		Record@coq/ThieleMachineComplete.v:1582;Record@coq/kernel/foundation/VMState.v:1931
monograph/monograph.tex	3342	latex_code	ADD	ADD	nonproof	nonproof_token		excluded_nonproof_token
monograph/monograph.tex	3342	latex_code	ADD	ADD	nonproof	nonproof_token		excluded_nonproof_token
monograph/monograph.tex	3348	latex_code	CHSH\_LASSERT	CHSH_LASSERT	nonproof	nonproof_token		excluded_nonproof_token
monograph/monograph.tex	3348	latex_code	vm\_apply	vm_apply	nonproof	Definition		Definition@coq/ThieleMachineComplete.v:3534;Definition@coq/kernel/foundation/SimulationProof.v:262
monograph/monograph.tex	3350	latex_code	Hypothesis	Hypothesis	nonproof	nonproof_token		excluded_nonproof_token
monograph/monograph.tex	3350	latex_code	ocaml\_observable\_nofi\_and\_monotone	ocaml_observable_nofi_and_monotone	proof	Theorem	Kernel.OCamlExtractionBridge.ocaml_observable_nofi_and_monotone	unique_suffix
monograph/monograph.tex	3350	latex_code	ocaml\_runner\_observable\_defined	ocaml_runner_observable_defined	proof	Lemma	Kernel.OCamlExtractionBridge.ocaml_runner_observable_defined	unique_suffix
monograph/monograph.tex	3350	latex_code	shadow\_to\_eo (vm\_apply s i)	i	nonproof	nonproof_token		excluded_nonproof_token
monograph/monograph.tex	3350	latex_code	shadow\_to\_eo (vm\_apply s i)	s	nonproof	nonproof_token		excluded_nonproof_token
monograph/monograph.tex	3350	latex_code	shadow\_to\_eo (vm\_apply s i)	shadow_to_eo	nonproof	Definition		Definition@coq/kernel/hardware_bridge/OCamlExtractionBridge.v:41
monograph/monograph.tex	3350	latex_code	shadow\_to\_eo (vm\_apply s i)	vm_apply	nonproof	Definition		Definition@coq/ThieleMachineComplete.v:3534;Definition@coq/kernel/foundation/SimulationProof.v:262
monograph/monograph.tex	3358	latex_code	RegCount = 16	RegCount	nonproof	Definition		Definition@coq/ThieleMachineComplete.v:7722;Definition@coq/kami_hw/ThieleTypes.v:18
monograph/monograph.tex	3359	latex_code	InstrSz = 128	InstrSz	nonproof	Definition		Definition@coq/ThieleMachineComplete.v:7733;Definition@coq/kami_hw/ThieleTypes.v:25
monograph/monograph.tex	3360	latex_code	MEM\_SIZE	MEM_SIZE	nonproof	Definition		Definition@coq/ThieleMachineComplete.v:1645;Definition@coq/kernel/foundation/VMState.v:1732
monograph/monograph.tex	3360	latex_code	MemSize = 128	MemSize	nonproof	Definition		Definition@coq/ThieleMachineComplete.v:7723;Definition@coq/kami_hw/ThieleTypes.v:19
monograph/monograph.tex	3362	latex_code	PTableSz = 64	PTableSz	nonproof	Definition		Definition@coq/ThieleMachineComplete.v:7731;Definition@coq/kami_hw/ThieleTypes.v:53
monograph/monograph.tex	3364	latex_code	LASSERT	LASSERT	nonproof	nonproof_token		excluded_nonproof_token
monograph/monograph.tex	3365	latex_code	step	step	nonproof	Inductive		Inductive@coq/kernel/foundation/LRecursion.v:105;Inductive@coq/thielemachine/ThieleMachine.v:190
monograph/monograph.tex	3368	latex_code	CHSH\_LASSERT	CHSH_LASSERT	nonproof	nonproof_token		excluded_nonproof_token
monograph/monograph.tex	3368	latex_code	xc7frames2bit	xc7frames2bit	nonproof	nonproof_token		excluded_nonproof_token
monograph/monograph.tex	3368	latex_code	xc7k325tffg900-2	xc7k325tffg900	nonproof	nonproof_token		excluded_nonproof_token
monograph/monograph.tex	3379	latex_code	MEM\_SIZE	MEM_SIZE	nonproof	Definition		Definition@coq/ThieleMachineComplete.v:1645;Definition@coq/kernel/foundation/VMState.v:1732
monograph/monograph.tex	3379	latex_code	REG\_COUNT	REG_COUNT	nonproof	Definition		Definition@coq/ThieleMachineComplete.v:1644;Definition@coq/kernel/foundation/VMState.v:1731
monograph/monograph.tex	3381	latex_code	instr\_chsh\_lassert\_1ab	instr_chsh_lassert_1ab	nonproof	nonproof_token		excluded_nonproof_token
monograph/monograph.tex	3381	latex_code	instr\_chsh\_lassert\_1ab\_g12345	instr_chsh_lassert_1ab_g12345	nonproof	nonproof_token		excluded_nonproof_token
monograph/monograph.tex	3381	latex_code	instr\_chsh\_lassert\_1ab\_g345	instr_chsh_lassert_1ab_g345	nonproof	nonproof_token		excluded_nonproof_token
monograph/monograph.tex	3381	latex_code	instr\_chsh\_lassert\_1ab\_g5	instr_chsh_lassert_1ab_g5	nonproof	nonproof_token		excluded_nonproof_token
monograph/monograph.tex	3383	latex_code	KamiHW.GraphReconstructionBridge.driven\_step\_wf	KamiHW.GraphReconstructionBridge.driven_step_wf	proof	Theorem	KamiHW.GraphReconstructionBridge.driven_step_wf	unique_suffix
monograph/monograph.tex	3383	latex_code	Kernel.SimulationProof.vm\_apply	Kernel.SimulationProof.vm_apply	nonproof	nonproof_token		excluded_nonproof_token
monograph/monograph.tex	3383	latex_code	ThieleCPUCore.v	ThieleCPUCore.v	nonproof	nonproof_token		excluded_nonproof_token
monograph/monograph.tex	3383	latex_code	WFDrivenPrecondition ks i	WFDrivenPrecondition	nonproof	Definition		Definition@coq/kami_hw/GraphReconstructionBridge.v:3828
monograph/monograph.tex	3383	latex_code	WFDrivenPrecondition ks i	i	nonproof	nonproof_token		excluded_nonproof_token
monograph/monograph.tex	3383	latex_code	WFDrivenPrecondition ks i	ks	nonproof	nonproof_token		excluded_nonproof_token
monograph/monograph.tex	3383	latex_code	WFDrivenRun fuel trace ks	WFDrivenRun	nonproof	Fixpoint		Fixpoint@coq/kami_hw/GraphReconstructionBridge.v:3955
monograph/monograph.tex	3383	latex_code	WFDrivenRun fuel trace ks	fuel	nonproof	nonproof_token		excluded_nonproof_token
monograph/monograph.tex	3383	latex_code	WFDrivenRun fuel trace ks	ks	nonproof	nonproof_token		excluded_nonproof_token
monograph/monograph.tex	3383	latex_code	WFDrivenRun fuel trace ks	trace	nonproof	nonproof_token		excluded_nonproof_token
monograph/monograph.tex	3383	latex_code	abs\_full\_snapshot	abs_full_snapshot	nonproof	Definition		Definition@coq/kami_hw/FullAbstraction.v:45
monograph/monograph.tex	3383	latex_code	driven\_trace\_commutes	driven_trace_commutes	proof	Theorem	KamiHW.GraphReconstructionBridge.driven_trace_commutes	unique_suffix
monograph/monograph.tex	3383	latex_code	kami\_step	kami_step	nonproof	Definition		Definition@coq/ThieleMachineComplete.v:8779;Definition@coq/kami_hw/Abstraction.v:817
monograph/monograph.tex	3386	latex_code	True	True	nonproof	nonproof_token		excluded_nonproof_token
monograph/monograph.tex	3386	latex_code	WFDrivenPrecondition	WFDrivenPrecondition	nonproof	Definition		Definition@coq/kami_hw/GraphReconstructionBridge.v:3828
monograph/monograph.tex	3387	latex_code	WellFormedSnapshot	WellFormedSnapshot	nonproof	Definition		Definition@coq/kami_hw/EmbedStep_WF.v:112
monograph/monograph.tex	3388	latex_code	extended\_hw\_invariant	extended_hw_invariant	nonproof	Definition		Definition@coq/kami_hw/GraphReconstructionBridge.v:862
monograph/monograph.tex	3392	latex_code	CoreExecution	CoreExecution	nonproof	nonproof_token		excluded_nonproof_token
monograph/monograph.tex	3392	latex_code	CoreRules	CoreRules	nonproof	nonproof_token		excluded_nonproof_token
monograph/monograph.tex	3392	latex_code	CoreTyping	CoreTyping	nonproof	nonproof_token		excluded_nonproof_token
monograph/monograph.tex	3392	latex_code	DispatchReset	DispatchReset	nonproof	nonproof_token		excluded_nonproof_token
monograph/monograph.tex	3396	latex_code	nodup	nodup	nonproof	nonproof_token		excluded_nonproof_token
monograph/monograph.tex	3398	latex_code	rtl\_inventory\_arithmetic	rtl_inventory_arithmetic	proof	Theorem	KamiHW.RTLGapRegistry.rtl_inventory_arithmetic	unique_suffix
monograph/monograph.tex	3405	latex_code	CERTIFY	CERTIFY	nonproof	nonproof_token		excluded_nonproof_token
monograph/monograph.tex	3405	latex_code	MORPH\_ASSERT	MORPH_ASSERT	nonproof	nonproof_token		excluded_nonproof_token
monograph/monograph.tex	3405	latex_code	vm\_apply	vm_apply	nonproof	Definition		Definition@coq/ThieleMachineComplete.v:3534;Definition@coq/kernel/foundation/SimulationProof.v:262
monograph/monograph.tex	3407	latex_code	WFDrivenRun	WFDrivenRun	nonproof	Fixpoint		Fixpoint@coq/kami_hw/GraphReconstructionBridge.v:3955
monograph/monograph.tex	3424	latex_code	nothing\_at\_stake\_is\_free\_forgery	nothing_at_stake_is_free_forgery	proof	Theorem	Kernel.PoSFinality.nothing_at_stake_is_free_forgery	unique_suffix
monograph/monograph.tex	3424	latex_code	slashing\_finality\_floor	slashing_finality_floor	proof	Theorem	Kernel.PoSFinality.slashing_finality_floor	unique_suffix
monograph/monograph.tex	3430	latex_code	gas\_schedule\_exactness	gas_schedule_exactness	proof	Theorem	Kernel.GasMetering.gas_schedule_exactness	unique_suffix
monograph/monograph.tex	3432	latex_code	overcharge\_breaks\_exactness	overcharge_breaks_exactness	proof	Theorem	Kernel.GasMetering.overcharge_breaks_exactness	unique_suffix
monograph/monograph.tex	3432	latex_code	thiele\_unit\_price\_lower\_bounds\_mu	thiele_unit_price_lower_bounds_mu	proof	Theorem	Kernel.GasMetering.thiele_unit_price_lower_bounds_mu	unique_suffix
monograph/monograph.tex	3432	latex_code	thiele\_vm\_commit\_pricing\_is\_exact	thiele_vm_commit_pricing_is_exact	proof	Theorem	Kernel.GasMetering.thiele_vm_commit_pricing_is_exact	unique_suffix
monograph/monograph.tex	3432	latex_code	undercharged\_opcode\_admits\_free\_commitment	undercharged_opcode_admits_free_commitment	proof	Theorem	Kernel.GasMetering.undercharged_opcode_admits_free_commitment	unique_suffix
monograph/monograph.tex	3438	latex_code	attestation\_cannot\_factor\_through\_bare\_transcript	attestation_cannot_factor_through_bare_transcript	proof	Theorem	Kernel.TEEAttestation.attestation_cannot_factor_through_bare_transcript	unique_suffix
monograph/monograph.tex	3438	latex_code	measurement\_enriched\_attestation\_succeeds	measurement_enriched_attestation_succeeds	proof	Theorem	Kernel.TEEAttestation.measurement_enriched_attestation_succeeds	unique_suffix
monograph/monograph.tex	3438	latex_code	replay\_is\_a\_two\_preimage\_witness	replay_is_a_two_preimage_witness	proof	Theorem	Kernel.TEEAttestation.replay_is_a_two_preimage_witness	unique_suffix
monograph/monograph.tex	3442	latex_code	quote\_cannot\_attest\_unmeasured\_state	quote_cannot_attest_unmeasured_state	proof	Theorem	Kernel.TPMQuoteGap.quote_cannot_attest_unmeasured_state	unique_suffix
monograph/monograph.tex	3444	latex_code	V\_does\_not\_factor\_through\_classical	V_does_not_factor_through_classical	proof	Theorem	VerifierExhaustiveness.V_does_not_factor_through_classical	unique_suffix
monograph/monograph.tex	3444	latex_code	quote\_projection\_faithful	quote_projection_faithful	proof	Lemma	Kernel.TPMQuoteGap.quote_projection_faithful	unique_suffix
monograph/monograph.tex	3444	latex_code	quote\_runtime\_verifier\_separation	quote_runtime_verifier_separation	proof	Theorem	Kernel.TPMQuoteGap.quote_runtime_verifier_separation	unique_suffix
monograph/monograph.tex	3448	latex_code	abstract\_bare\_verifier\_impossible	abstract_bare_verifier_impossible	proof	Theorem	Kernel.TransparencyLog.abstract_bare_verifier_impossible	unique_suffix
monograph/monograph.tex	3448	latex_code	abstract\_log\_bit\_verifier	abstract_log_bit_verifier	proof	Theorem	Kernel.TransparencyLog.abstract_log_bit_verifier	unique_suffix
monograph/monograph.tex	3448	latex_code	abstract\_mu\_collision\_witness	abstract_mu_collision_witness	proof	Theorem	Kernel.TransparencyLog.abstract_mu_collision_witness	unique_suffix
monograph/monograph.tex	3454	latex_code	bare\_pcc\_impossible	bare_pcc_impossible	proof	Theorem	Kernel.ProofCarryingVerifier.bare_pcc_impossible	unique_suffix
monograph/monograph.tex	3454	latex_code	level\_k\_certification\_cost\_floor	level_k_certification_cost_floor	proof	Theorem	Kernel.MuHierarchyTheorem.level_k_certification_cost_floor	unique_suffix
monograph/monograph.tex	3454	latex_code	level\_k\_verification\_floor	level_k_verification_floor	proof	Theorem	Kernel.ProofCarryingVerifier.level_k_verification_floor	unique_suffix
monograph/monograph.tex	3454	latex_code	level\_k\_verification\_floor\_tight	level_k_verification_floor_tight	proof	Corollary	Kernel.ProofCarryingVerifier.level_k_verification_floor_tight	unique_suffix
monograph/monograph.tex	3454	latex_code	proof\_rounds\_escape	proof_rounds_escape	proof	Theorem	Kernel.ProofCarryingVerifier.proof_rounds_escape	unique_suffix
monograph/monograph.tex	3465	latex_code	universal\_nfi\_any\_substrate	universal_nfi_any_substrate	proof	Theorem	Kernel.UniversalCertificationCost.universal_nfi_any_substrate	unique_suffix
monograph/monograph.tex	3466	latex_code	exact\_commitment\_pricing\_characterization	exact_commitment_pricing_characterization	proof	Theorem	Kernel.CommitmentPredicateAdequacy.exact_commitment_pricing_characterization	unique_suffix
monograph/monograph.tex	3467	latex_code	V\_does\_not\_factor\_through\_classical	V_does_not_factor_through_classical	proof	Theorem	VerifierExhaustiveness.V_does_not_factor_through_classical	unique_suffix
monograph/monograph.tex	3468	latex_code	abstract\_log\_bit\_verifier	abstract_log_bit_verifier	proof	Theorem	Kernel.TransparencyLog.abstract_log_bit_verifier	unique_suffix
monograph/monograph.tex	3469	latex_code	interactive\_escape\_succeeds	interactive_escape_succeeds	proof	Theorem	VerifierEscape_Interaction.interactive_escape_succeeds	unique_suffix
monograph/monograph.tex	3469	latex_code	level\_k\_certification\_cost\_floor	level_k_certification_cost_floor	proof	Theorem	Kernel.MuHierarchyTheorem.level_k_certification_cost_floor	unique_suffix
monograph/monograph.tex	3486	latex_code	persistent\_write\_priced	persistent_write_priced	proof	Theorem	Kernel.EVMStorageGas.persistent_write_priced	unique_suffix
monograph/monograph.tex	3486	latex_code	revoked\_write\_nearly\_free	revoked_write_nearly_free	proof	Theorem	Kernel.EVMStorageGas.revoked_write_nearly_free	unique_suffix
monograph/monograph.tex	3487	latex_code	accountable\_safety	accountable_safety	proof	Theorem	Kernel.CasperFFG.accountable_safety	explicit_binding
monograph/monograph.tex	3487	latex_code	conflicting\_records\_are\_priced	conflicting_records_are_priced	proof	Theorem	Kernel.CasperRecordReading.conflicting_records_are_priced	unique_suffix
monograph/monograph.tex	3487	latex_code	finalization\_without\_slashing	finalization_without_slashing	proof	Theorem	Kernel.CasperRecordReading.finalization_without_slashing	unique_suffix
monograph/monograph.tex	3488	latex_code	quote\_cannot\_attest\_unmeasured\_state	quote_cannot_attest_unmeasured_state	proof	Theorem	Kernel.TPMQuoteGap.quote_cannot_attest_unmeasured_state	unique_suffix
monograph/monograph.tex	3514	latex_code	CHSH\_LASSERT	CHSH_LASSERT	nonproof	nonproof_token		excluded_nonproof_token
monograph/monograph.tex	3514	latex_code	CHSH\_TRIAL	CHSH_TRIAL	nonproof	nonproof_token		excluded_nonproof_token
monograph/monograph.tex	3516	latex_code	CHSH\_LASSERT	CHSH_LASSERT	nonproof	nonproof_token		excluded_nonproof_token
monograph/monograph.tex	3516	latex_code	LASSERT	LASSERT	nonproof	nonproof_token		excluded_nonproof_token
monograph/monograph.tex	3516	latex_code	LASSERT\_TRAP\_PC	LASSERT_TRAP_PC	nonproof	Definition		Definition@coq/ThieleMachineComplete.v:2467;Definition@coq/kernel/foundation/VMStep.v:550
monograph/monograph.tex	3520	latex_code	CHSH\_LASSERT	CHSH_LASSERT	nonproof	nonproof_token		excluded_nonproof_token
monograph/monograph.tex	3522	latex_code	CHSH\_LASSERT	CHSH_LASSERT	nonproof	nonproof_token		excluded_nonproof_token
monograph/monograph.tex	3522	latex_code	chsh\_lassert\_no\_trap\_implies\_npa\_psd	chsh_lassert_no_trap_implies_npa_psd	proof	Theorem	Kernel.QuantumPartitionPSD.chsh_lassert_no_trap_implies_npa_psd	unique_suffix
monograph/monograph.tex	3522	latex_code	column\_contractive\_check\_witness\_sound	column_contractive_check_witness_sound	proof	Lemma	Kernel.MuLedgerQuantumBridge.column_contractive_check_witness_sound	unique_suffix
monograph/monograph.tex	3522	latex_code	column\_contractive\_iff\_npa\_psd	column_contractive_iff_npa_psd	proof	Corollary	Kernel.QuantumPartitionPSD.column_contractive_iff_npa_psd	unique_suffix
monograph/monograph.tex	3526	latex_code	CHSH\_LASSERT	CHSH_LASSERT	nonproof	nonproof_token		excluded_nonproof_token
monograph/monograph.tex	3526	latex_code	CHSH\_LASSERT	CHSH_LASSERT	nonproof	nonproof_token		excluded_nonproof_token
monograph/monograph.tex	3526	latex_code	CHSH\_TRIAL	CHSH_TRIAL	nonproof	nonproof_token		excluded_nonproof_token
monograph/monograph.tex	3526	latex_code	column\_contractive\_check\_witness	column_contractive_check_witness	nonproof	Definition		Definition@coq/ThieleMachineComplete.v:2519;Definition@coq/kernel/foundation/VMStep.v:627
monograph/monograph.tex	3634	latex_code	CHSH\_TRIAL	CHSH_TRIAL	nonproof	nonproof_token		excluded_nonproof_token
monograph/monograph.tex	3634	latex_code	PNEW	PNEW	nonproof	nonproof_token		excluded_nonproof_token
monograph/monograph.tex	3634	latex_code	PSPLIT	PSPLIT	nonproof	nonproof_token		excluded_nonproof_token
monograph/monograph.tex	3634	latex_code	local\_box\_CHSH\_bound	local_box_CHSH_bound	proof	Theorem	Kernel.MinorConstraints.local_box_CHSH_bound	unique_suffix
monograph/monograph.tex	3664	latex_code	classical\_bound\_achieved	classical_bound_achieved	proof	Theorem	Kernel.ClassicalBound.classical_bound_achieved	explicit_binding
monograph/monograph.tex	3664	latex_code	local\_box\_CHSH\_bound	local_box_CHSH_bound	proof	Theorem	Kernel.MinorConstraints.local_box_CHSH_bound	unique_suffix
monograph/monograph.tex	3695	latex_code	classical\_bound\_achieved	classical_bound_achieved	proof	Theorem	Kernel.ClassicalBound.classical_bound_achieved	explicit_binding
monograph/monograph.tex	3695	latex_code	vm\_witness	vm_witness	nonproof	nonproof_token		excluded_nonproof_token
monograph/monograph.tex	3711	latex_code	CHSH\_TRIAL	CHSH_TRIAL	nonproof	nonproof_token		excluded_nonproof_token
monograph/monograph.tex	3711	latex_code	WitnessCounts	WitnessCounts	nonproof	Record		Record@coq/ThieleMachineComplete.v:1567;Record@coq/kernel/foundation/VMState.v:1912
monograph/monograph.tex	3711	latex_code	chsh\_stat\_from\_wc	chsh_stat_from_wc	nonproof	Definition		Definition@coq/kernel/quantum/CHSHStatisticalBridge.v:23
monograph/monograph.tex	3713	latex_code	chsh\_violation\_rules\_out\_locally\_factorizable\_coupling	chsh_violation_rules_out_locally_factorizable_coupling	proof	Theorem	Kernel.CHSHCouplingBridge.chsh_violation_rules_out_locally_factorizable_coupling	unique_suffix
monograph/monograph.tex	3713	latex_code	locally\_consistent\_classical\_bound	locally_consistent_classical_bound	proof	Theorem	Kernel.CHSHCouplingBridge.locally_consistent_classical_bound	unique_suffix
monograph/monograph.tex	3734	latex_code	tsirelson\_from\_row\_bounds	tsirelson_from_row_bounds	proof	Theorem	Kernel.TsirelsonGeneral.tsirelson_from_row_bounds	explicit_binding
monograph/monograph.tex	3735	latex_code	cauchy\_schwarz\_chsh	cauchy_schwarz_chsh	proof	Lemma	Kernel.TsirelsonGeneral.cauchy_schwarz_chsh	explicit_binding
monograph/monograph.tex	3739	latex_code	cauchy\_schwarz\_chsh	cauchy_schwarz_chsh	proof	Lemma	Kernel.TsirelsonGeneral.cauchy_schwarz_chsh	explicit_binding
monograph/monograph.tex	3745	latex_code	WCLocallyConsistent	WCLocallyConsistent	nonproof	Record		Record@coq/kernel/quantum/CHSHStatisticalBridge.v:126
monograph/monograph.tex	3747	latex_code	CERTIFY	CERTIFY	nonproof	nonproof_token		excluded_nonproof_token
monograph/monograph.tex	3747	latex_code	CHSH\_LASSERT	CHSH_LASSERT	nonproof	nonproof_token		excluded_nonproof_token
monograph/monograph.tex	3747	latex_code	MORPH\_ASSERT	MORPH_ASSERT	nonproof	nonproof_token		excluded_nonproof_token
monograph/monograph.tex	3751	latex_code	EMIT	EMIT	nonproof	nonproof_token		excluded_nonproof_token
monograph/monograph.tex	3751	latex_code	LASSERT	LASSERT	nonproof	nonproof_token		excluded_nonproof_token
monograph/monograph.tex	3751	latex_code	LJOIN	LJOIN	nonproof	nonproof_token		excluded_nonproof_token
monograph/monograph.tex	3751	latex_code	MORPH\_ASSERT	MORPH_ASSERT	nonproof	nonproof_token		excluded_nonproof_token
monograph/monograph.tex	3751	latex_code	REVEAL	REVEAL	nonproof	nonproof_token		excluded_nonproof_token
monograph/monograph.tex	3751	latex_code	REVEAL	REVEAL	nonproof	nonproof_token		excluded_nonproof_token
monograph/monograph.tex	3751	latex_code	nonlocal\_correlation\_requires\_revelation	nonlocal_correlation_requires_revelation	proof	Theorem	Kernel.RevelationRequirement.RevelationProof.nonlocal_correlation_requires_revelation	unique_suffix
monograph/monograph.tex	3755	latex_code	CHSH\_LASSERT	CHSH_LASSERT	nonproof	nonproof_token		excluded_nonproof_token
monograph/monograph.tex	3755	latex_code	csr\_cert\_addr	csr_cert_addr	nonproof	nonproof_token		excluded_nonproof_token
monograph/monograph.tex	3895	latex_code	npa\_psd\_implies\_column\_contractive	npa_psd_implies_column_contractive	proof	Theorem	Kernel.QuantumPartitionPSD.npa_psd_implies_column_contractive	unique_suffix
monograph/monograph.tex	3897	latex_code	Print Assumptions	Assumptions	nonproof	nonproof_token		excluded_nonproof_token
monograph/monograph.tex	3897	latex_code	Print Assumptions	Print	nonproof	nonproof_token		excluded_nonproof_token
monograph/monograph.tex	3897	latex_code	column\_contractive\_iff\_npa\_psd	column_contractive_iff_npa_psd	proof	Corollary	Kernel.QuantumPartitionPSD.column_contractive_iff_npa_psd	unique_suffix
monograph/monograph.tex	3897	latex_code	functional\_extensionality\_dep	functional_extensionality_dep	nonproof	nonproof_token		excluded_nonproof_token
monograph/monograph.tex	3897	latex_code	sig\_forall\_dec	sig_forall_dec	nonproof	nonproof_token		excluded_nonproof_token
monograph/monograph.tex	3897	latex_code	sig\_not\_dec	sig_not_dec	nonproof	nonproof_token		excluded_nonproof_token
monograph/monograph.tex	3897	latex_code	zero\_marginal\_npa	zero_marginal_npa	nonproof	Definition		Definition@coq/kernel/quantum/NPAMomentMatrix.v:189
monograph/monograph.tex	3913	latex_code	zero\_marginal\_npa\_column\_contractive\_implies\_psd	zero_marginal_npa_column_contractive_implies_psd	proof	Lemma	Kernel.MuLedgerQuantumBridge.zero_marginal_npa_column_contractive_implies_psd	unique_suffix
monograph/monograph.tex	3923	latex_code	npa\_psd\_implies\_column\_contractive	npa_psd_implies_column_contractive	proof	Theorem	Kernel.QuantumPartitionPSD.npa_psd_implies_column_contractive	unique_suffix
monograph/monograph.tex	3923	latex_code	quadratic\_nonneg\_discriminant	quadratic_nonneg_discriminant	proof	Lemma	Kernel.ConstructivePSD.quadratic_nonneg_discriminant	unique_suffix
monograph/monograph.tex	3937	latex_code	zero\_marginal\_column\_contractive	zero_marginal_column_contractive	nonproof	Definition		Definition@coq/kernel/nfi/MuLedgerQuantumBridge.v:114
monograph/monograph.tex	3940	latex_code	column\_contractive\_iff\_npa\_psd	column_contractive_iff_npa_psd	proof	Corollary	Kernel.QuantumPartitionPSD.column_contractive_iff_npa_psd	unique_suffix
monograph/monograph.tex	3940	latex_code	quadratic\_nonneg\_discriminant	quadratic_nonneg_discriminant	proof	Lemma	Kernel.ConstructivePSD.quadratic_nonneg_discriminant	unique_suffix
monograph/monograph.tex	3940	latex_code	zero\_marginal\_npa\_column\_contractive\_implies\_psd	zero_marginal_npa_column_contractive_implies_psd	proof	Lemma	Kernel.MuLedgerQuantumBridge.zero_marginal_npa_column_contractive_implies_psd	unique_suffix
monograph/monograph.tex	3948	latex_code	state\_column\_contractive\_implies\_tsirelson	state_column_contractive_implies_tsirelson	proof	Theorem	Kernel.MuLedgerQuantumBridge.state_column_contractive_implies_tsirelson	unique_suffix
monograph/monograph.tex	3948	latex_code	tsirelson\_from\_row\_bounds	tsirelson_from_row_bounds	proof	Theorem	Kernel.TsirelsonGeneral.tsirelson_from_row_bounds	explicit_binding
monograph/monograph.tex	3951	latex_code	CHSH\_LASSERT	CHSH_LASSERT	nonproof	nonproof_token		excluded_nonproof_token
monograph/monograph.tex	3951	latex_code	CHSH\_LASSERT	CHSH_LASSERT	nonproof	nonproof_token		excluded_nonproof_token
monograph/monograph.tex	3951	latex_code	CHSH\_LASSERT	CHSH_LASSERT	nonproof	nonproof_token		excluded_nonproof_token
monograph/monograph.tex	3951	latex_code	CHSH\_TRIAL	CHSH_TRIAL	nonproof	nonproof_token		excluded_nonproof_token
monograph/monograph.tex	3951	latex_code	CHSH\_TRIAL	CHSH_TRIAL	nonproof	nonproof_token		excluded_nonproof_token
monograph/monograph.tex	3951	latex_code	LOAD\_IMM	LOAD_IMM	nonproof	nonproof_token		excluded_nonproof_token
monograph/monograph.tex	3951	latex_code	classical\_bound\_achieved	classical_bound_achieved	proof	Theorem	Kernel.ClassicalBound.classical_bound_achieved	explicit_binding
monograph/monograph.tex	3951	latex_code	vm\_witness	vm_witness	nonproof	nonproof_token		excluded_nonproof_token
monograph/monograph.tex	3955	latex_code	CERTIFY	CERTIFY	nonproof	nonproof_token		excluded_nonproof_token
monograph/monograph.tex	3955	latex_code	CERTIFY	CERTIFY	nonproof	nonproof_token		excluded_nonproof_token
monograph/monograph.tex	3955	latex_code	CHSH\_LASSERT	CHSH_LASSERT	nonproof	nonproof_token		excluded_nonproof_token
monograph/monograph.tex	3955	latex_code	LASSERT\_TRAP\_PC	LASSERT_TRAP_PC	nonproof	Definition		Definition@coq/ThieleMachineComplete.v:2467;Definition@coq/kernel/foundation/VMStep.v:550
monograph/monograph.tex	3955	latex_code	column\_contractive\_check\_witness	column_contractive_check_witness	nonproof	Definition		Definition@coq/ThieleMachineComplete.v:2519;Definition@coq/kernel/foundation/VMStep.v:627
monograph/monograph.tex	3955	latex_code	vm\_certified := true	true	nonproof	nonproof_token		excluded_nonproof_token
monograph/monograph.tex	3955	latex_code	vm\_certified := true	vm_certified	nonproof	nonproof_token		excluded_nonproof_token
monograph/monograph.tex	3955	latex_code	vm\_err	vm_err	nonproof	nonproof_token		excluded_nonproof_token
monograph/monograph.tex	3961	latex_code	column\_contractive\_check\_witness\_sound	column_contractive_check_witness_sound	proof	Lemma	Kernel.MuLedgerQuantumBridge.column_contractive_check_witness_sound	unique_suffix
monograph/monograph.tex	3962	latex_code	column\_contractive\_check\_witness	column_contractive_check_witness	nonproof	Definition		Definition@coq/ThieleMachineComplete.v:2519;Definition@coq/kernel/foundation/VMStep.v:627
monograph/monograph.tex	3962	latex_code	true	true	nonproof	nonproof_token		excluded_nonproof_token
monograph/monograph.tex	3962	latex_code	wc\_diff	wc_diff	nonproof	nonproof_token		excluded_nonproof_token
monograph/monograph.tex	3962	latex_code	wc\_diff	wc_diff	nonproof	nonproof_token		excluded_nonproof_token
monograph/monograph.tex	3962	latex_code	wc\_same	wc_same	nonproof	nonproof_token		excluded_nonproof_token
monograph/monograph.tex	3962	latex_code	wc\_same	wc_same	nonproof	nonproof_token		excluded_nonproof_token
monograph/monograph.tex	3964	latex_code	wc\_diff	wc_diff	nonproof	nonproof_token		excluded_nonproof_token
monograph/monograph.tex	3964	latex_code	wc\_same	wc_same	nonproof	nonproof_token		excluded_nonproof_token
monograph/monograph.tex	3970	latex_code	false	false	nonproof	nonproof_token		excluded_nonproof_token
monograph/monograph.tex	3970	latex_code	false	false	nonproof	nonproof_token		excluded_nonproof_token
monograph/monograph.tex	3970	latex_code	true	true	nonproof	nonproof_token		excluded_nonproof_token
monograph/monograph.tex	3970	latex_code	wc\_same	wc_same	nonproof	nonproof_token		excluded_nonproof_token
monograph/monograph.tex	3970	latex_code	wc\_same	wc_same	nonproof	nonproof_token		excluded_nonproof_token
monograph/monograph.tex	3974	latex_code	wc\_diff	wc_diff	nonproof	nonproof_token		excluded_nonproof_token
monograph/monograph.tex	3974	latex_code	wc\_diff	wc_diff	nonproof	nonproof_token		excluded_nonproof_token
monograph/monograph.tex	3974	latex_code	wc\_same	wc_same	nonproof	nonproof_token		excluded_nonproof_token
monograph/monograph.tex	3974	latex_code	wc\_same	wc_same	nonproof	nonproof_token		excluded_nonproof_token
monograph/monograph.tex	3978	latex_code	IZR	IZR	nonproof	nonproof_token		excluded_nonproof_token
monograph/monograph.tex	3978	latex_code	nra	nra	nonproof	nonproof_token		excluded_nonproof_token
monograph/monograph.tex	3978	latex_code	true	true	nonproof	nonproof_token		excluded_nonproof_token
monograph/monograph.tex	3985	latex_code	chsh\_lassert\_no\_trap\_implies\_npa\_psd	chsh_lassert_no_trap_implies_npa_psd	proof	Theorem	Kernel.QuantumPartitionPSD.chsh_lassert_no_trap_implies_npa_psd	unique_suffix
monograph/monograph.tex	3986	latex_code	instr\_chsh\_lassert	instr_chsh_lassert	nonproof	nonproof_token		excluded_nonproof_token
monograph/monograph.tex	3986	latex_code	vm\_apply	vm_apply	nonproof	Definition		Definition@coq/ThieleMachineComplete.v:3534;Definition@coq/kernel/foundation/SimulationProof.v:262
monograph/monograph.tex	3986	latex_code	vm\_err	vm_err	nonproof	nonproof_token		excluded_nonproof_token
monograph/monograph.tex	3986	latex_code	vm\_pc	vm_pc	nonproof	nonproof_token		excluded_nonproof_token
monograph/monograph.tex	3986	latex_code	vm\_pc	vm_pc	nonproof	nonproof_token		excluded_nonproof_token
monograph/monograph.tex	3986	latex_code	vm\_witness	vm_witness	nonproof	nonproof_token		excluded_nonproof_token
monograph/monograph.tex	3990	latex_code	LASSERT\_TRAP\_PC	LASSERT_TRAP_PC	nonproof	Definition		Definition@coq/ThieleMachineComplete.v:2467;Definition@coq/kernel/foundation/VMStep.v:550
monograph/monograph.tex	3990	latex_code	column\_contractive\_check\_witness	column_contractive_check_witness	nonproof	Definition		Definition@coq/ThieleMachineComplete.v:2519;Definition@coq/kernel/foundation/VMStep.v:627
monograph/monograph.tex	3990	latex_code	false	false	nonproof	nonproof_token		excluded_nonproof_token
monograph/monograph.tex	3990	latex_code	instr\_chsh\_lassert	instr_chsh_lassert	nonproof	nonproof_token		excluded_nonproof_token
monograph/monograph.tex	3990	latex_code	true	true	nonproof	nonproof_token		excluded_nonproof_token
monograph/monograph.tex	3990	latex_code	true	true	nonproof	nonproof_token		excluded_nonproof_token
monograph/monograph.tex	3990	latex_code	vm\_err = false	false	nonproof	nonproof_token		excluded_nonproof_token
monograph/monograph.tex	3990	latex_code	vm\_err = false	vm_err	nonproof	nonproof_token		excluded_nonproof_token
monograph/monograph.tex	3990	latex_code	vm\_err = true	true	nonproof	nonproof_token		excluded_nonproof_token
monograph/monograph.tex	3990	latex_code	vm\_err = true	vm_err	nonproof	nonproof_token		excluded_nonproof_token
monograph/monograph.tex	3990	latex_code	vm\_witness	vm_witness	nonproof	nonproof_token		excluded_nonproof_token
monograph/monograph.tex	3990	latex_code	vm\_witness	vm_witness	nonproof	nonproof_token		excluded_nonproof_token
monograph/monograph.tex	3992	latex_code	vm\_witness	vm_witness	nonproof	nonproof_token		excluded_nonproof_token
monograph/monograph.tex	3994	latex_code	column\_contractive\_iff\_npa\_psd	column_contractive_iff_npa_psd	proof	Corollary	Kernel.QuantumPartitionPSD.column_contractive_iff_npa_psd	unique_suffix
monograph/monograph.tex	3997	latex_code	CHSH\_LASSERT	CHSH_LASSERT	nonproof	nonproof_token		excluded_nonproof_token
monograph/monograph.tex	3997	latex_code	vm\_err = true	true	nonproof	nonproof_token		excluded_nonproof_token
monograph/monograph.tex	3997	latex_code	vm\_err = true	vm_err	nonproof	nonproof_token		excluded_nonproof_token
monograph/monograph.tex	4008	latex_code	column\_contractive\_iff\_general\_realizable	column_contractive_iff_general_realizable	proof	Corollary	Kernel.GenRealizability.column_contractive_iff_general_realizable	unique_suffix
monograph/monograph.tex	4103	latex_code	vm\_certified	vm_certified	nonproof	nonproof_token		excluded_nonproof_token
monograph/monograph.tex	4105	latex_code	Print Assumptions	Assumptions	nonproof	nonproof_token		excluded_nonproof_token
monograph/monograph.tex	4105	latex_code	Print Assumptions	Print	nonproof	nonproof_token		excluded_nonproof_token
monograph/monograph.tex	4112	latex_code	ElliptopeCompletion.v	ElliptopeCompletion.v	nonproof	nonproof_token		excluded_nonproof_token
monograph/monograph.tex	4114	latex_code	ElliptopeCompletion.v	ElliptopeCompletion.v	nonproof	nonproof_token		excluded_nonproof_token
monograph/monograph.tex	4114	latex_code	elliptope\_realizable	elliptope_realizable	nonproof	Definition		Definition@coq/kernel/quantum/ElliptopeCompletion.v:104
monograph/monograph.tex	4116	latex_code	Print Assumptions	Assumptions	nonproof	nonproof_token		excluded_nonproof_token
monograph/monograph.tex	4116	latex_code	Print Assumptions	Print	nonproof	nonproof_token		excluded_nonproof_token
monograph/monograph.tex	4119	latex_code	classical\_bound\_achieved	classical_bound_achieved	proof	Theorem	Kernel.ClassicalBound.classical_bound_achieved	explicit_binding
monograph/monograph.tex	4119	latex_code	classical\_tightness\_witness\_elliptope	classical_tightness_witness_elliptope	proof	Corollary	Kernel.ElliptopeCompletion.classical_tightness_witness_elliptope	unique_suffix
monograph/monograph.tex	4119	latex_code	deterministic\_strategy\_elliptope	deterministic_strategy_elliptope	proof	Theorem	Kernel.ElliptopeCompletion.deterministic_strategy_elliptope	unique_suffix
monograph/monograph.tex	4120	latex_code	turing\_point\_elliptope	turing_point_elliptope	proof	Theorem	Kernel.ElliptopeCompletion.turing_point_elliptope	unique_suffix
monograph/monograph.tex	4121	latex_code	elliptope\_convex	elliptope_convex	proof	Theorem	Kernel.ElliptopeCompletion.elliptope_convex	unique_suffix
monograph/monograph.tex	4121	latex_code	elliptope\_finite\_mixture	elliptope_finite_mixture	proof	Theorem	Kernel.ElliptopeCompletion.elliptope_finite_mixture	unique_suffix
monograph/monograph.tex	4121	latex_code	elliptope\_zero	elliptope_zero	proof	Lemma	Kernel.ElliptopeCompletion.elliptope_zero	unique_suffix
monograph/monograph.tex	4121	latex_code	lhv\_mixture\_elliptope	lhv_mixture_elliptope	proof	Corollary	Kernel.ElliptopeCompletion.lhv_mixture_elliptope	unique_suffix
monograph/monograph.tex	4122	latex_code	elliptope\_tsirelson	elliptope_tsirelson	proof	Theorem	Kernel.ElliptopeCompletion.elliptope_tsirelson	unique_suffix
monograph/monograph.tex	4122	latex_code	psd\_cauchy\_schwarz	psd_cauchy_schwarz	proof	Lemma	Kernel.ElliptopeCompletion.psd_cauchy_schwarz	unique_suffix
monograph/monograph.tex	4123	latex_code	beyond\_classical\_elliptope	beyond_classical_elliptope	proof	Theorem	Kernel.ElliptopeCompletion.beyond_classical_elliptope	unique_suffix
monograph/monograph.tex	4123	latex_code	pr\_box\_not\_elliptope	pr_box_not_elliptope	proof	Theorem	Kernel.ElliptopeCompletion.pr_box_not_elliptope	unique_suffix
monograph/monograph.tex	4128	latex_code	ElliptopeGate.v	ElliptopeGate.v	nonproof	nonproof_token		excluded_nonproof_token
monograph/monograph.tex	4128	latex_code	column\_contractive\_check\_witness	column_contractive_check_witness	nonproof	Definition		Definition@coq/ThieleMachineComplete.v:2519;Definition@coq/kernel/foundation/VMStep.v:627
monograph/monograph.tex	4128	latex_code	elliptope\_check\_full	elliptope_check_full	nonproof	Definition		Definition@coq/kernel/quantum/ElliptopeGate.v:741
monograph/monograph.tex	4128	latex_code	elliptope\_check\_full\_sound	elliptope_check_full_sound	proof	Theorem	Kernel.ElliptopeGate.elliptope_check_full_sound	unique_suffix
monograph/monograph.tex	4128	latex_code	elliptope\_full\_gate\_never\_accepts\_pr\_box	elliptope_full_gate_never_accepts_pr_box	proof	Theorem	Kernel.ElliptopeGate.elliptope_full_gate_never_accepts_pr_box	unique_suffix
monograph/monograph.tex	4128	latex_code	elliptope\_ldl\_check\_sound	elliptope_ldl_check_sound	proof	Lemma	Kernel.ElliptopeGate.elliptope_ldl_check_sound	unique_suffix
monograph/monograph.tex	4128	latex_code	gate\_accepts\_all\_ones	gate_accepts_all_ones	proof	Example	Kernel.ElliptopeGate.gate_accepts_all_ones	unique_suffix
monograph/monograph.tex	4128	latex_code	gate\_accepts\_beyond\_classical	gate_accepts_beyond_classical	proof	Example	Kernel.ElliptopeGate.gate_accepts_beyond_classical	unique_suffix
monograph/monograph.tex	4128	latex_code	gate\_accepts\_pythagorean\_boundary	gate_accepts_pythagorean_boundary	proof	Example	Kernel.ElliptopeGate.gate_accepts_pythagorean_boundary	unique_suffix
monograph/monograph.tex	4128	latex_code	gate\_accepts\_turing\_point	gate_accepts_turing_point	proof	Example	Kernel.ElliptopeGate.gate_accepts_turing_point	unique_suffix
monograph/monograph.tex	4128	latex_code	reflexivity	reflexivity	nonproof	nonproof_token		excluded_nonproof_token
monograph/monograph.tex	4128	latex_code	sym4\_qf\_nonneg\_from\_pd	sym4_qf_nonneg_from_pd	proof	Lemma	Kernel.QuantumPartitionPSD_1AB.sym4_qf_nonneg_from_pd	unique_suffix
monograph/monograph.tex	4130	latex_code	CHSH\_LASSERT	CHSH_LASSERT	nonproof	nonproof_token		excluded_nonproof_token
monograph/monograph.tex	4130	latex_code	deterministic\_strategy\_elliptope	deterministic_strategy_elliptope	proof	Theorem	Kernel.ElliptopeCompletion.deterministic_strategy_elliptope	unique_suffix
monograph/monograph.tex	4130	latex_code	elliptope\_tsirelson	elliptope_tsirelson	proof	Theorem	Kernel.ElliptopeCompletion.elliptope_tsirelson	unique_suffix
monograph/monograph.tex	4130	latex_code	pr\_box\_not\_elliptope	pr_box_not_elliptope	proof	Theorem	Kernel.ElliptopeCompletion.pr_box_not_elliptope	unique_suffix
monograph/monograph.tex	4139	latex_code	irreversible\_bits	irreversible_bits	nonproof	Definition		Definition@coq/kernel/foundation/MuLedgerConservation.v:203;Definition@coq/kernel/nfi/LandauerDerivation.v:211
monograph/monograph.tex	4142	latex_code	mu\_landauer\_unruh\_calibrated	mu_landauer_unruh_calibrated	nonproof	Definition		Definition@coq/kernel/curvature/NoFIToEinstein.v:50
monograph/monograph.tex	4146	latex_code	instruction\_cost	instruction_cost	nonproof	Definition		Definition@coq/ThieleMachineComplete.v:2319;Definition@coq/kernel/foundation/VMStep.v:231
monograph/monograph.tex	4146	latex_code	irreversible\_bits	irreversible_bits	nonproof	Definition		Definition@coq/kernel/foundation/MuLedgerConservation.v:203;Definition@coq/kernel/nfi/LandauerDerivation.v:211
monograph/monograph.tex	4146	latex_code	irreversible\_bits	irreversible_bits	nonproof	Definition		Definition@coq/kernel/foundation/MuLedgerConservation.v:203;Definition@coq/kernel/nfi/LandauerDerivation.v:211
monograph/monograph.tex	4146	latex_code	total\_irreversible\_bits	total_irreversible_bits	nonproof	Fixpoint		Fixpoint@coq/kernel/nfi/LandauerDerivation.v:226
monograph/monograph.tex	4148	latex_code	total\_irreversible\_bits	total_irreversible_bits	nonproof	Fixpoint		Fixpoint@coq/kernel/nfi/LandauerDerivation.v:226
monograph/monograph.tex	4148	latex_code	trace\_total\_cost	trace_total_cost	nonproof	Fixpoint		Fixpoint@coq/ThieleMachineComplete.v:5508;Fixpoint@coq/kernel/mu_calculus/MuInitiality.v:131;Fixpoint@coq/self_reference/RefinementInvariant.v:44
monograph/monograph.tex	4150	latex_code	total\_irreversible\_bits\_le\_cost	total_irreversible_bits_le_cost	proof	Lemma	Kernel.LandauerDerivation.total_irreversible_bits_le_cost	unique_suffix
monograph/monograph.tex	4154	latex_code	instruction\_cost	instruction_cost	nonproof	Definition		Definition@coq/ThieleMachineComplete.v:2319;Definition@coq/kernel/foundation/VMStep.v:231
monograph/monograph.tex	4154	latex_code	irreversible\_bits	irreversible_bits	nonproof	Definition		Definition@coq/kernel/foundation/MuLedgerConservation.v:203;Definition@coq/kernel/nfi/LandauerDerivation.v:211
monograph/monograph.tex	4156	latex_code	instruction\_cost	instruction_cost	nonproof	Definition		Definition@coq/ThieleMachineComplete.v:2319;Definition@coq/kernel/foundation/VMStep.v:231
monograph/monograph.tex	4156	latex_code	irreversible\_bits	irreversible_bits	nonproof	Definition		Definition@coq/kernel/foundation/MuLedgerConservation.v:203;Definition@coq/kernel/nfi/LandauerDerivation.v:211
monograph/monograph.tex	4158	latex_code	instruction\_cost	instruction_cost	nonproof	Definition		Definition@coq/ThieleMachineComplete.v:2319;Definition@coq/kernel/foundation/VMStep.v:231
monograph/monograph.tex	4158	latex_code	instruction\_cost	instruction_cost	nonproof	Definition		Definition@coq/ThieleMachineComplete.v:2319;Definition@coq/kernel/foundation/VMStep.v:231
monograph/monograph.tex	4158	latex_code	instruction\_cost	instruction_cost	nonproof	Definition		Definition@coq/ThieleMachineComplete.v:2319;Definition@coq/kernel/foundation/VMStep.v:231
monograph/monograph.tex	4158	latex_code	instruction\_cost	instruction_cost	nonproof	Definition		Definition@coq/ThieleMachineComplete.v:2319;Definition@coq/kernel/foundation/VMStep.v:231
monograph/monograph.tex	4158	latex_code	irreversible\_bits	irreversible_bits	nonproof	Definition		Definition@coq/kernel/foundation/MuLedgerConservation.v:203;Definition@coq/kernel/nfi/LandauerDerivation.v:211
monograph/monograph.tex	4162	latex_code	instruction\_cost	instruction_cost	nonproof	Definition		Definition@coq/ThieleMachineComplete.v:2319;Definition@coq/kernel/foundation/VMStep.v:231
monograph/monograph.tex	4162	latex_code	irreversible\_bits	irreversible_bits	nonproof	Definition		Definition@coq/kernel/foundation/MuLedgerConservation.v:203;Definition@coq/kernel/nfi/LandauerDerivation.v:211
monograph/monograph.tex	4163	latex_code	trace\_total\_cost	trace_total_cost	nonproof	Fixpoint		Fixpoint@coq/ThieleMachineComplete.v:5508;Fixpoint@coq/kernel/mu_calculus/MuInitiality.v:131;Fixpoint@coq/self_reference/RefinementInvariant.v:44
monograph/monograph.tex	4165	latex_code	trace\_total\_cost	trace_total_cost	nonproof	Fixpoint		Fixpoint@coq/ThieleMachineComplete.v:5508;Fixpoint@coq/kernel/mu_calculus/MuInitiality.v:131;Fixpoint@coq/self_reference/RefinementInvariant.v:44
monograph/monograph.tex	4168	latex_code	calibrated\_model\_exists\_iff\_positive\_cost	calibrated_model_exists_iff_positive_cost	proof	Theorem	Kernel.ObservationPolicy.calibrated_model_exists_iff_positive_cost	unique_suffix
monograph/monograph.tex	4168	latex_code	zero\_cost\_vm\_jump\_has\_injective\_history\_lift	zero_cost_vm_jump_has_injective_history_lift	proof	Theorem	Kernel.ObservationPolicy.zero_cost_vm_jump_has_injective_history_lift	unique_suffix
monograph/monograph.tex	4179	latex_code	CERTIFY	CERTIFY	nonproof	nonproof_token		excluded_nonproof_token
monograph/monograph.tex	4182	latex_code	CERTIFY	CERTIFY	nonproof	nonproof_token		excluded_nonproof_token
monograph/monograph.tex	4182	latex_code	CERTIFY	CERTIFY	nonproof	nonproof_token		excluded_nonproof_token
monograph/monograph.tex	4182	latex_code	CERTIFY	CERTIFY	nonproof	nonproof_token		excluded_nonproof_token
monograph/monograph.tex	4185	latex_code	mu\_hierarchy\_theorem	mu_hierarchy_theorem	proof	Theorem	Kernel.MuHierarchyTheorem.mu_hierarchy_theorem	unique_suffix
monograph/monograph.tex	4186	latex_code	CERTIFY	CERTIFY	nonproof	nonproof_token		excluded_nonproof_token
monograph/monograph.tex	4186	latex_code	true	true	nonproof	nonproof_token		excluded_nonproof_token
monograph/monograph.tex	4186	latex_code	vm\_certified	vm_certified	nonproof	nonproof_token		excluded_nonproof_token
monograph/monograph.tex	4189	latex_code	trace\_total\_cost	trace_total_cost	nonproof	Fixpoint		Fixpoint@coq/ThieleMachineComplete.v:5508;Fixpoint@coq/kernel/mu_calculus/MuInitiality.v:131;Fixpoint@coq/self_reference/RefinementInvariant.v:44
monograph/monograph.tex	4194	latex_code	CERTIFY	CERTIFY	nonproof	nonproof_token		excluded_nonproof_token
monograph/monograph.tex	4194	latex_code	instr\_certify	instr_certify	nonproof	nonproof_token		excluded_nonproof_token
monograph/monograph.tex	4194	latex_code	true	true	nonproof	nonproof_token		excluded_nonproof_token
monograph/monograph.tex	4194	latex_code	vm\_certified	vm_certified	nonproof	nonproof_token		excluded_nonproof_token
monograph/monograph.tex	4196	latex_code	CERTIFY	CERTIFY	nonproof	nonproof_token		excluded_nonproof_token
monograph/monograph.tex	4205	latex_code	mu\_hierarchy\_no\_upper\_bound	mu_hierarchy_no_upper_bound	proof	Corollary	Kernel.MuHierarchyTheorem.mu_hierarchy_no_upper_bound	unique_suffix
monograph/monograph.tex	4210	latex_code	vm\_mu	vm_mu	nonproof	nonproof_token		excluded_nonproof_token
monograph/monograph.tex	4210	latex_code	vm\_mu	vm_mu	nonproof	nonproof_token		excluded_nonproof_token
monograph/monograph.tex	4217	latex_code	true	true	nonproof	nonproof_token		excluded_nonproof_token
monograph/monograph.tex	4217	latex_code	vm\_certified	vm_certified	nonproof	nonproof_token		excluded_nonproof_token
monograph/monograph.tex	4217	latex_code	vm\_mu	vm_mu	nonproof	nonproof_token		excluded_nonproof_token
monograph/monograph.tex	4234	latex_code	well\_formed\_triangulated	well_formed_triangulated	nonproof	Definition		Definition@coq/kernel/curvature/DiscreteTopology.v:285
monograph/monograph.tex	4240	latex_code	discrete\_gauss\_bonnet	discrete_gauss_bonnet	proof	Theorem	Kernel.DiscreteGaussBonnet.discrete_gauss_bonnet	unique_suffix
monograph/monograph.tex	4241	latex_code	well\_formed\_triangulated	well_formed_triangulated	nonproof	Definition		Definition@coq/kernel/curvature/DiscreteTopology.v:285
monograph/monograph.tex	4275	latex_code	n + 1 > 0	n	nonproof	nonproof_token		excluded_nonproof_token
monograph/monograph.tex	4275	latex_code	n > 0	n	nonproof	nonproof_token		excluded_nonproof_token
monograph/monograph.tex	4275	latex_code	n > 0	n	nonproof	nonproof_token		excluded_nonproof_token
monograph/monograph.tex	4275	latex_code	x: int	int	nonproof	nonproof_token		excluded_nonproof_token
monograph/monograph.tex	4275	latex_code	x: int	x	nonproof	nonproof_token		excluded_nonproof_token
monograph/monograph.tex	4287	latex_code	docs/REPRODUCTION.md	REPRODUCTION.md	nonproof	nonproof_token		excluded_nonproof_token
monograph/monograph.tex	4287	latex_code	docs/REPRODUCTION.md	docs	nonproof	nonproof_token		excluded_nonproof_token
monograph/monograph.tex	4305	latex_code	bash scripts/kami\_extract.sh	bash	nonproof	nonproof_token		excluded_nonproof_token
monograph/monograph.tex	4305	latex_code	bash scripts/kami\_extract.sh	kami_extract.sh	nonproof	nonproof_token		excluded_nonproof_token
monograph/monograph.tex	4305	latex_code	bash scripts/kami\_extract.sh	scripts	nonproof	nonproof_token		excluded_nonproof_token
monograph/monograph.tex	4311	latex_code	Admitted	Admitted	nonproof	nonproof_token		excluded_nonproof_token
monograph/monograph.tex	4311	latex_code	Axiom	Axiom	nonproof	nonproof_token		excluded_nonproof_token
monograph/monograph.tex	4311	latex_code	Parameter	Parameter	nonproof	nonproof_token		excluded_nonproof_token
monograph/monograph.tex	4311	latex_code	admit	admit	nonproof	nonproof_token		excluded_nonproof_token
monograph/monograph.tex	4311	latex_code	give\_up	give_up	nonproof	nonproof_token		excluded_nonproof_token
monograph/monograph.tex	4312	latex_code	True	True	nonproof	nonproof_token		excluded_nonproof_token
monograph/monograph.tex	4312	latex_code	True	True	nonproof	nonproof_token		excluded_nonproof_token
monograph/monograph.tex	4312	latex_code	trivial	trivial	nonproof	nonproof_token		excluded_nonproof_token
monograph/monograph.tex	4314	latex_code	True	True	nonproof	nonproof_token		excluded_nonproof_token
monograph/monograph.tex	4314	latex_code	tauto	tauto	nonproof	nonproof_token		excluded_nonproof_token
monograph/monograph.tex	4314	latex_code	trivial	trivial	nonproof	nonproof_token		excluded_nonproof_token
monograph/monograph.tex	4318	latex_code	scripts/comment\_hygiene.py	comment_hygiene.py	nonproof	nonproof_token		excluded_nonproof_token
monograph/monograph.tex	4318	latex_code	scripts/comment\_hygiene.py	scripts	nonproof	nonproof_token		excluded_nonproof_token
monograph/monograph.tex	4339	latex_code	WFDrivenPrecondition	WFDrivenPrecondition	nonproof	Definition		Definition@coq/kami_hw/GraphReconstructionBridge.v:3828
monograph/monograph.tex	4339	latex_code	driven\_step\_wf	driven_step_wf	proof	Theorem	KamiHW.GraphReconstructionBridge.driven_step_wf	unique_suffix
monograph/monograph.tex	4343	latex_code	Closed under the global context	Closed	nonproof	nonproof_token		excluded_nonproof_token
monograph/monograph.tex	4343	latex_code	Closed under the global context	context	nonproof	nonproof_token		excluded_nonproof_token
monograph/monograph.tex	4343	latex_code	Closed under the global context	global	nonproof	nonproof_token		excluded_nonproof_token
monograph/monograph.tex	4343	latex_code	Closed under the global context	the	nonproof	nonproof_token		excluded_nonproof_token
monograph/monograph.tex	4343	latex_code	Closed under the global context	under	nonproof	nonproof_token		excluded_nonproof_token
monograph/monograph.tex	4343	latex_code	Print Assumptions	Assumptions	nonproof	nonproof_token		excluded_nonproof_token
monograph/monograph.tex	4343	latex_code	Print Assumptions	Print	nonproof	nonproof_token		excluded_nonproof_token
monograph/monograph.tex	4358	latex_code	vm\_certified = false	false	nonproof	nonproof_token		excluded_nonproof_token
monograph/monograph.tex	4358	latex_code	vm\_certified = false	vm_certified	nonproof	nonproof_token		excluded_nonproof_token
monograph/monograph.tex	4358	latex_code	vm\_mu = 0	vm_mu	nonproof	nonproof_token		excluded_nonproof_token
monograph/monograph.tex	4359	latex_code	vm\_certified = true	true	nonproof	nonproof_token		excluded_nonproof_token
monograph/monograph.tex	4359	latex_code	vm\_certified = true	vm_certified	nonproof	nonproof_token		excluded_nonproof_token
monograph/monograph.tex	4360	latex_code	vm\_mu = 0	vm_mu	nonproof	nonproof_token		excluded_nonproof_token
monograph/monograph.tex	4362	latex_code	certification\_requires\_positive\_mu	certification_requires_positive_mu	proof	Theorem	Kernel.AbstractNoFI.certification_requires_positive_mu	unique_suffix
monograph/monograph.tex	4366	latex_code	vm\_apply	vm_apply	nonproof	Definition		Definition@coq/ThieleMachineComplete.v:3534;Definition@coq/kernel/foundation/SimulationProof.v:262
monograph/monograph.tex	4366	latex_code	vm\_apply\_mu	vm_apply_mu	proof	Lemma	Kernel.MuLedgerConservation.vm_apply_mu	explicit_binding
monograph/monograph.tex	4370	latex_code	categorical\_separation	categorical_separation	proof	Theorem	Kernel.PartitionSeparation.PartitionSeparation.categorical_separation	explicit_binding
monograph/monograph.tex	4374	latex_code	D5\_thiele\_strictly\_extends\_classical	D5_thiele_strictly_extends_classical	proof	Theorem	Kernel.TuringStrictness.D5_thiele_strictly_extends_classical	unique_suffix
monograph/monograph.tex	4374	latex_code	PNEW	PNEW	nonproof	nonproof_token		excluded_nonproof_token
monograph/monograph.tex	4374	latex_code	is\_classical\_program	is_classical_program	nonproof	Definition		Definition@coq/kernel/foundation/TuringClassicalEmbedding.v:66
monograph/monograph.tex	4374	latex_code	pg\_next\_id	pg_next_id	nonproof	nonproof_token		excluded_nonproof_token
monograph/monograph.tex	4374	latex_code	pg\_next\_id	pg_next_id	nonproof	nonproof_token		excluded_nonproof_token
monograph/monograph.tex	4378	latex_code	shadow\_strictly\_lossy	shadow_strictly_lossy	proof	Theorem	Kernel.ShadowProjection.shadow_strictly_lossy	unique_suffix
monograph/monograph.tex	4382	latex_code	CertificationSystem	CertificationSystem	nonproof	Record		Record@coq/kernel/nfi/UniversalCertificationCost.v:30
monograph/monograph.tex	4382	latex_code	cs\_cert\_costs	cs_cert_costs	nonproof	nonproof_token		excluded_nonproof_token
monograph/monograph.tex	4382	latex_code	universal\_nfi\_any\_substrate	universal_nfi_any_substrate	proof	Theorem	Kernel.UniversalCertificationCost.universal_nfi_any_substrate	unique_suffix
monograph/monograph.tex	4388	latex_code	decide : Program $\to$ bool	Program	nonproof	nonproof_token		excluded_nonproof_token
monograph/monograph.tex	4388	latex_code	decide : Program $\to$ bool	bool	nonproof	nonproof_token		excluded_nonproof_token
monograph/monograph.tex	4388	latex_code	decide : Program $\to$ bool	decide	nonproof	nonproof_token		excluded_nonproof_token
monograph/monograph.tex	4388	latex_code	decide : Program $\to$ bool	to	nonproof	nonproof_token		excluded_nonproof_token
monograph/monograph.tex	4388	latex_code	structural\_shortcut\_undecidable	structural_shortcut_undecidable	proof	Theorem	Kernel.StructuralUndecidability.structural_shortcut_undecidable	unique_suffix
monograph/monograph.tex	4389	latex_code	d	d	nonproof	nonproof_token		excluded_nonproof_token
monograph/monograph.tex	4389	latex_code	d : nat $\to$ bool	bool	nonproof	nonproof_token		excluded_nonproof_token
monograph/monograph.tex	4389	latex_code	d : nat $\to$ bool	d	nonproof	nonproof_token		excluded_nonproof_token
monograph/monograph.tex	4389	latex_code	d : nat $\to$ bool	nat	nonproof	nonproof_token		excluded_nonproof_token
monograph/monograph.tex	4389	latex_code	d : nat $\to$ bool	to	nonproof	nonproof_token		excluded_nonproof_token
monograph/monograph.tex	4389	latex_code	nat\_admits d	d	nonproof	nonproof_token		excluded_nonproof_token
monograph/monograph.tex	4389	latex_code	nat\_admits d	nat_admits	nonproof	Definition		Definition@coq/kernel/foundation/NatSubstrateInstance.v:179
monograph/monograph.tex	4389	latex_code	nat\_self\_undecidable	nat_self_undecidable	proof	Corollary	Kernel.NatSubstrateInstance.nat_self_undecidable	unique_suffix
monograph/monograph.tex	4395	latex_code	WCLocallyConsistent	WCLocallyConsistent	nonproof	Record		Record@coq/kernel/quantum/CHSHStatisticalBridge.v:126
monograph/monograph.tex	4395	latex_code	chsh\_stat\_violation\_not\_local	chsh_stat_violation_not_local	proof	Theorem	Kernel.CHSHStatisticalBridge.chsh_stat_violation_not_local	unique_suffix
monograph/monograph.tex	4399	latex_code	column\_contractive\_iff\_npa\_psd	column_contractive_iff_npa_psd	proof	Corollary	Kernel.QuantumPartitionPSD.column_contractive_iff_npa_psd	unique_suffix
monograph/monograph.tex	4399	latex_code	state\_column\_contractive\_implies\_tsirelson	state_column_contractive_implies_tsirelson	proof	Theorem	Kernel.MuLedgerQuantumBridge.state_column_contractive_implies_tsirelson	unique_suffix
monograph/monograph.tex	4403	latex_code	deterministic\_strategy\_elliptope	deterministic_strategy_elliptope	proof	Theorem	Kernel.ElliptopeCompletion.deterministic_strategy_elliptope	unique_suffix
monograph/monograph.tex	4403	latex_code	elliptope\_tsirelson	elliptope_tsirelson	proof	Theorem	Kernel.ElliptopeCompletion.elliptope_tsirelson	unique_suffix
monograph/monograph.tex	4403	latex_code	pr\_box\_not\_elliptope	pr_box_not_elliptope	proof	Theorem	Kernel.ElliptopeCompletion.pr_box_not_elliptope	unique_suffix
monograph/monograph.tex	4407	latex_code	elliptope\_check\_full	elliptope_check_full	nonproof	Definition		Definition@coq/kernel/quantum/ElliptopeGate.v:741
monograph/monograph.tex	4407	latex_code	elliptope\_check\_full\_sound	elliptope_check_full_sound	proof	Theorem	Kernel.ElliptopeGate.elliptope_check_full_sound	unique_suffix
monograph/monograph.tex	4407	latex_code	elliptope\_full\_gate\_never\_accepts\_pr\_box	elliptope_full_gate_never_accepts_pr_box	proof	Theorem	Kernel.ElliptopeGate.elliptope_full_gate_never_accepts_pr_box	unique_suffix
monograph/monograph.tex	4407	latex_code	true	true	nonproof	nonproof_token		excluded_nonproof_token
monograph/monograph.tex	4415	latex_code	Axiom	Axiom	nonproof	nonproof_token		excluded_nonproof_token
monograph/monograph.tex	4415	latex_code	ClassicalDedekindReals.sig\_forall\_dec	ClassicalDedekindReals.sig_forall_dec	nonproof	nonproof_token		excluded_nonproof_token
monograph/monograph.tex	4415	latex_code	ClassicalDedekindReals.sig\_not\_dec	ClassicalDedekindReals.sig_not_dec	nonproof	nonproof_token		excluded_nonproof_token
monograph/monograph.tex	4415	latex_code	Classical\_Prop.classic	Classical_Prop.classic	nonproof	nonproof_token		excluded_nonproof_token
monograph/monograph.tex	4415	latex_code	Eqdep.Eq\_rect\_eq.eq\_rect\_eq	Eqdep.Eq_rect_eq.eq_rect_eq	nonproof	nonproof_token		excluded_nonproof_token
monograph/monograph.tex	4415	latex_code	Parameter	Parameter	nonproof	nonproof_token		excluded_nonproof_token
monograph/monograph.tex	4415	latex_code	Print Assumptions	Assumptions	nonproof	nonproof_token		excluded_nonproof_token
monograph/monograph.tex	4415	latex_code	Print Assumptions	Print	nonproof	nonproof_token		excluded_nonproof_token
monograph/monograph.tex	4419	latex_code	WFDrivenPrecondition	WFDrivenPrecondition	nonproof	Definition		Definition@coq/kami_hw/GraphReconstructionBridge.v:3828
monograph/monograph.tex	4419	latex_code	driven\_step\_wf	driven_step_wf	proof	Theorem	KamiHW.GraphReconstructionBridge.driven_step_wf	unique_suffix
monograph/monograph.tex	4423	latex_code	V\_does\_not\_factor\_through\_classical	V_does_not_factor_through_classical	proof	Theorem	VerifierExhaustiveness.V_does_not_factor_through_classical	unique_suffix
monograph/monograph.tex	4423	latex_code	chsh\_lassert\_no\_trap\_implies\_npa\_psd	chsh_lassert_no_trap_implies_npa_psd	proof	Theorem	Kernel.QuantumPartitionPSD.chsh_lassert_no_trap_implies_npa_psd	unique_suffix
monograph/monograph.tex	4427	latex_code	slashing\_finality\_floor	slashing_finality_floor	proof	Theorem	Kernel.PoSFinality.slashing_finality_floor	unique_suffix
monograph/monograph.tex	4431	latex_code	exact\_commitment\_pricing\_characterization	exact_commitment_pricing_characterization	proof	Theorem	Kernel.CommitmentPredicateAdequacy.exact_commitment_pricing_characterization	unique_suffix
monograph/monograph.tex	4431	latex_code	gas\_schedule\_exactness	gas_schedule_exactness	proof	Theorem	Kernel.GasMetering.gas_schedule_exactness	unique_suffix
monograph/monograph.tex	4435	latex_code	attestation\_cannot\_factor\_through\_bare\_transcript	attestation_cannot_factor_through_bare_transcript	proof	Theorem	Kernel.TEEAttestation.attestation_cannot_factor_through_bare_transcript	unique_suffix
monograph/monograph.tex	4439	latex_code	abstract\_bare\_verifier\_impossible	abstract_bare_verifier_impossible	proof	Theorem	Kernel.TransparencyLog.abstract_bare_verifier_impossible	unique_suffix
monograph/monograph.tex	4443	latex_code	a2\_from\_merging\_price\_and\_permanence	a2_from_merging_price_and_permanence	proof	Theorem	Kernel.PermanentCertification.a2_from_merging_price_and_permanence	unique_suffix
monograph/monograph.tex	4443	latex_code	permanent\_flip\_is\_not\_injective	permanent_flip_is_not_injective	proof	Theorem	Kernel.PermanentCertification.permanent_flip_is_not_injective	unique_suffix
monograph/monograph.tex	4447	latex_code	compression\_priced	compression_priced	nonproof	Definition		Definition@coq/kernel/nfi/PermanentRecordPricing.v:84
monograph/monograph.tex	4447	latex_code	flip\_merges\_or\_revokes	flip_merges_or_revokes	proof	Theorem	Kernel.PermanentRecordPricing.flip_merges_or_revokes	unique_suffix
monograph/monograph.tex	4447	latex_code	forced\_price\_without\_permanent\_record	forced_price_without_permanent_record	proof	Theorem	Kernel.PermanentRecordPricing.forced_price_without_permanent_record	unique_suffix
monograph/monograph.tex	4447	latex_code	permanent\_flips\_compression\_bound	permanent_flips_compression_bound	proof	Theorem	Kernel.PermanentRecordPricing.permanent_flips_compression_bound	unique_suffix
monograph/monograph.tex	4451	latex_code	CERTIFY 0	CERTIFY	nonproof	nonproof_token		excluded_nonproof_token
monograph/monograph.tex	4451	latex_code	CERTIFY 0	CERTIFY	nonproof	nonproof_token		excluded_nonproof_token
monograph/monograph.tex	4451	latex_code	JUMP 1 0	JUMP	nonproof	nonproof_token		excluded_nonproof_token
monograph/monograph.tex	4451	latex_code	JUMP 1 1	JUMP	nonproof	nonproof_token		excluded_nonproof_token
monograph/monograph.tex	4451	latex_code	bare\_observable	bare_observable	nonproof	Definition		Definition@coq/kernel/witness/ProjectionNonExistence.v:61
monograph/monograph.tex	4451	latex_code	forget	forget	nonproof	Definition		Definition@coq/kernel/witness/BlindnessRepresentation.v:51
monograph/monograph.tex	4451	latex_code	shadow\_cannot\_price\_exactly	shadow_cannot_price_exactly	proof	Theorem	Kernel.ShadowPricing.shadow_cannot_price_exactly	unique_suffix
monograph/monograph.tex	4451	latex_code	window\_showing\_reading\_prices\_exactly	window_showing_reading_prices_exactly	proof	Theorem	Kernel.ShadowPricing.window_showing_reading_prices_exactly	unique_suffix
monograph/monograph.tex	4455	latex_code	entropy\_drop\_pos\_of\_support\_merge	entropy_drop_pos_of_support_merge	proof	Theorem	Kernel.PermanentCertificationEntropy.entropy_drop_pos_of_support_merge	unique_suffix
monograph/monograph.tex	4455	latex_code	known\_state\_flip\_forces\_no\_heat	known_state_flip_forces_no_heat	proof	Theorem	Kernel.PermanentCertificationEntropy.known_state_flip_forces_no_heat	unique_suffix
monograph/monograph.tex	4455	latex_code	landauer\_heat	landauer_heat	nonproof	Definition		Definition@coq/kernel/nfi/PermanentCertificationEntropy.v:816
monograph/monograph.tex	4455	latex_code	permanent\_step\_entropy\_ceiling	permanent_step_entropy_ceiling	proof	Theorem	Kernel.PermanentCertificationEntropy.permanent_step_entropy_ceiling	unique_suffix
monograph/monograph.tex	4459	latex_code	CERTIFY 0	CERTIFY	nonproof	nonproof_token		excluded_nonproof_token
monograph/monograph.tex	4459	latex_code	CHECKPOINT "" 0	CHECKPOINT	nonproof	nonproof_token		excluded_nonproof_token
monograph/monograph.tex	4459	latex_code	JUMP a 0	JUMP	nonproof	nonproof_token		excluded_nonproof_token
monograph/monograph.tex	4459	latex_code	JUMP a 0	a	nonproof	nonproof_token		excluded_nonproof_token
monograph/monograph.tex	4459	latex_code	JUMP a 2	JUMP	nonproof	nonproof_token		excluded_nonproof_token
monograph/monograph.tex	4459	latex_code	JUMP a 2	a	nonproof	nonproof_token		excluded_nonproof_token
monograph/monograph.tex	4459	latex_code	vm\_certifying\_step\_is\_priced\_merge	vm_certifying_step_is_priced_merge	proof	Theorem	Kernel.FiniteCertMachine.vm_certifying_step_is_priced_merge	unique_suffix
monograph/monograph.tex	4459	latex_code	vm\_jump\_is\_free\_merge	vm_jump_is_free_merge	proof	Theorem	Kernel.FiniteCertMachine.vm_jump_is_free_merge	unique_suffix
monograph/monograph.tex	4459	latex_code	vm\_pays\_finite\_price	vm_pays_finite_price	proof	Theorem	Kernel.FiniteCertMachine.vm_pays_finite_price	unique_suffix
monograph/monograph.tex	4459	latex_code	vm\_runs\_finite\_machine	vm_runs_finite_machine	proof	Theorem	Kernel.FiniteCertMachine.vm_runs_finite_machine	unique_suffix
monograph/monograph.tex	4463	latex_code	bare\_pcc\_impossible	bare_pcc_impossible	proof	Theorem	Kernel.ProofCarryingVerifier.bare_pcc_impossible	unique_suffix
monograph/monograph.tex	4463	latex_code	level\_k\_certification\_cost\_floor	level_k_certification_cost_floor	proof	Theorem	Kernel.MuHierarchyTheorem.level_k_certification_cost_floor	unique_suffix
monograph/monograph.tex	4463	latex_code	level\_k\_verification\_floor	level_k_verification_floor	proof	Theorem	Kernel.ProofCarryingVerifier.level_k_verification_floor	unique_suffix
monograph/monograph.tex	4480	latex_code	docs/ASSURANCE.md	ASSURANCE.md	nonproof	nonproof_token		excluded_nonproof_token
monograph/monograph.tex	4480	latex_code	docs/ASSURANCE.md	docs	nonproof	nonproof_token		excluded_nonproof_token
monograph/monograph.tex	4496	latex_small	no\_free\_certification	no_free_certification	proof	Theorem	Kernel.AbstractNoFI.no_free_certification	unique_suffix
monograph/monograph.tex	4497	latex_small	no\_free\_certification\_mu	no_free_certification_mu	proof	Corollary	Kernel.AbstractNoFI.no_free_certification_mu	unique_suffix
monograph/monograph.tex	4498	latex_small	no\_free\_certification\_trace\_mu	no_free_certification_trace_mu	proof	Theorem	Kernel.AbstractNoFI.no_free_certification_trace_mu	unique_suffix
monograph/monograph.tex	4499	latex_small	no\_free\_certification\_certified	no_free_certification_certified	proof	Theorem	Kernel.AbstractNoFI.no_free_certification_certified	unique_suffix
monograph/monograph.tex	4500	latex_small	certification\_requires\_positive\_mu	certification_requires_positive_mu	proof	Theorem	Kernel.AbstractNoFI.certification_requires_positive_mu	unique_suffix
monograph/monograph.tex	4501	latex_small	universal\_nfi\_any\_substrate	universal_nfi_any_substrate	proof	Theorem	Kernel.UniversalCertificationCost.universal_nfi_any_substrate	unique_suffix
monograph/monograph.tex	4502	latex_code	csr\_cert\_addr	csr_cert_addr	nonproof	nonproof_token		excluded_nonproof_token
monograph/monograph.tex	4502	latex_small	thiele\_universal\_nfi\_cert\_addr	thiele_universal_nfi_cert_addr	proof	Theorem	Kernel.UniversalCertificationCost.thiele_universal_nfi_cert_addr	unique_suffix
monograph/monograph.tex	4503	latex_code	vm\_certified	vm_certified	nonproof	nonproof_token		excluded_nonproof_token
monograph/monograph.tex	4503	latex_small	thiele\_universal\_nfi\_certified	thiele_universal_nfi_certified	proof	Theorem	Kernel.UniversalCertificationCost.thiele_universal_nfi_certified	unique_suffix
monograph/monograph.tex	4504	latex_small	thiele\_represents\_simulating\_cert\_system	thiele_represents_simulating_cert_system	proof	Theorem	Kernel.UniversalCertificationCost.thiele_represents_simulating_cert_system	unique_suffix
monograph/monograph.tex	4505	latex_small	forget\_kernel\_is\_eq\_on\_classical	forget_kernel_is_eq_on_classical	proof	Theorem	Kernel.BlindnessRepresentation.forget_kernel_is_eq_on_classical	unique_suffix
monograph/monograph.tex	4506	latex_small	blindness\_non\_injective	blindness_non_injective	proof	Theorem	Kernel.BlindnessRepresentation.blindness_non_injective	unique_suffix
monograph/monograph.tex	4507	latex_small	certification\_is\_lost	certification_is_lost	proof	Theorem	Kernel.BlindnessRepresentation.certification_is_lost	unique_suffix
monograph/monograph.tex	4508	latex_small	shadow\_strictly\_lossy	shadow_strictly_lossy	proof	Theorem	Kernel.ShadowProjection.shadow_strictly_lossy	unique_suffix
monograph/monograph.tex	4509	latex_code	certified	certified	nonproof	nonproof_token		excluded_nonproof_token
monograph/monograph.tex	4509	latex_code	mem	mem	nonproof	nonproof_token		excluded_nonproof_token
monograph/monograph.tex	4509	latex_code	pc	pc	nonproof	nonproof_token		excluded_nonproof_token
monograph/monograph.tex	4509	latex_code	regs	regs	nonproof	nonproof_token		excluded_nonproof_token
monograph/monograph.tex	4509	latex_small	mu\_ledger\_necessity	mu_ledger_necessity	proof	Theorem	NecessityOfMuLedger.mu_ledger_necessity	explicit_binding
monograph/monograph.tex	4510	latex_small	vm\_mu\_not\_classically\_determined / vm\_certified\_not\_classically\_determined	vm_certified_not_classically_determined	proof	Theorem	NecessityOfMuLedger.vm_certified_not_classically_determined	explicit_binding
monograph/monograph.tex	4510	latex_small	vm\_mu\_not\_classically\_determined / vm\_certified\_not\_classically\_determined	vm_mu_not_classically_determined	proof	Theorem	NecessityOfMuLedger.vm_mu_not_classically_determined	explicit_binding
monograph/monograph.tex	4511	latex_code	vm\_certified	vm_certified	nonproof	nonproof_token		excluded_nonproof_token
monograph/monograph.tex	4511	latex_small	mu\_ledger\_mutual\_independence	mu_ledger_mutual_independence	proof	Theorem	Kernel.NecessityAbstract.mu_ledger_mutual_independence	explicit_binding
monograph/monograph.tex	4512	latex_code	certified	certified	nonproof	nonproof_token		excluded_nonproof_token
monograph/monograph.tex	4512	latex_code	mem	mem	nonproof	nonproof_token		excluded_nonproof_token
monograph/monograph.tex	4512	latex_code	pc	pc	nonproof	nonproof_token		excluded_nonproof_token
monograph/monograph.tex	4512	latex_code	regs	regs	nonproof	nonproof_token		excluded_nonproof_token
monograph/monograph.tex	4512	latex_small	mu\_ledger\_minimality / P\_full\_complete\_neither\_mu\_nor\_cert\_droppable	P_full_complete_neither_mu_nor_cert_droppable	proof	Corollary	Kernel.NecessityAbstract.P_full_complete_neither_mu_nor_cert_droppable	explicit_binding
monograph/monograph.tex	4512	latex_small	mu\_ledger\_minimality / P\_full\_complete\_neither\_mu\_nor\_cert\_droppable	mu_ledger_minimality	proof	Theorem	Kernel.NecessityAbstract.mu_ledger_minimality	explicit_binding
monograph/monograph.tex	4513	latex_small	thiele\_nfi\_pc\_indexed	thiele_nfi_pc_indexed	proof	Theorem	Kernel.AbstractNoFI.thiele_nfi_pc_indexed	unique_suffix
monograph/monograph.tex	4514	latex_small	mu\_is\_initial\_monotone	mu_is_initial_monotone	proof	Theorem	Kernel.MuInitiality.mu_is_initial_monotone	explicit_binding
monograph/monograph.tex	4515	latex_code	instruction\_cost	instruction_cost	nonproof	Definition		Definition@coq/ThieleMachineComplete.v:2319;Definition@coq/kernel/foundation/VMStep.v:231
monograph/monograph.tex	4515	latex_code	vm\_apply	vm_apply	nonproof	Definition		Definition@coq/ThieleMachineComplete.v:3534;Definition@coq/kernel/foundation/SimulationProof.v:262
monograph/monograph.tex	4515	latex_small	vm\_apply\_mu	vm_apply_mu	proof	Lemma	Kernel.MuLedgerConservation.vm_apply_mu	explicit_binding
monograph/monograph.tex	4516	latex_small	kernel\_certified\_implies\_positive\_mu	kernel_certified_implies_positive_mu	proof	Theorem	Kernel.PrimeAxiom.kernel_certified_implies_positive_mu	explicit_binding
monograph/monograph.tex	4517	latex_small	feasible\_strict\_subset\_implies\_strict\_predicates	feasible_strict_subset_implies_strict_predicates	proof	Theorem	Kernel.InformationGainToStrengthening.feasible_strict_subset_implies_strict_predicates	unique_suffix
monograph/monograph.tex	4518	latex_small	strengthening\_requires\_structure\_addition	strengthening_requires_structure_addition	proof	Theorem	Kernel.NoFreeInsight.NoFreeInsight.strengthening_requires_structure_addition	explicit_binding
monograph/monograph.tex	4519	latex_small	b4\_information\_reduction\_derives\_strict\_predicates	b4_information_reduction_derives_strict_predicates	proof	Theorem	Kernel.HonestNoFI_TheoremsWithoutAssumptions.b4_information_reduction_derives_strict_predicates	unique_suffix
monograph/monograph.tex	4520	latex_small	info\_priced\_cert\_executions\_bound	info_priced_cert_executions_bound	proof	Theorem	Kernel.MuShannonBridge.info_priced_cert_executions_bound	unique_suffix
monograph/monograph.tex	4521	latex_small	observation\_partition\_reduction\_implies\_posterior\_representative\_reduction	observation_partition_reduction_implies_posterior_representative_reduction	proof	Theorem	Kernel.MuShannonBridge.observation_partition_reduction_implies_posterior_representative_reduction	unique_suffix
monograph/monograph.tex	4522	latex_small	info\_priced\_arbitrary\_feasible\_reduction\_bound	info_priced_arbitrary_feasible_reduction_bound	proof	Theorem	Kernel.MuShannonBridge.info_priced_arbitrary_feasible_reduction_bound	unique_suffix
monograph/monograph.tex	4523	latex_small	info\_priced\_weighted\_feasible\_reduction\_bound	info_priced_weighted_feasible_reduction_bound	proof	Theorem	Kernel.MuShannonBridge.info_priced_weighted_feasible_reduction_bound	unique_suffix
monograph/monograph.tex	4524	latex_small	structural\_entitlement\_representation	structural_entitlement_representation	proof	Theorem	Kernel.HonestNoFI_TheoremsWithoutAssumptions.structural_entitlement_representation	unique_suffix
monograph/monograph.tex	4525	latex_code	SoundStructuralShortcut	SoundStructuralShortcut	nonproof	Record		Record@coq/kernel/nfi/HonestNoFI_TheoremsWithoutAssumptions.v:501
monograph/monograph.tex	4525	latex_small	every\_sound\_structural\_shortcut\_lands\_here	every_sound_structural_shortcut_lands_here	proof	Theorem	Kernel.HonestNoFI_TheoremsWithoutAssumptions.every_sound_structural_shortcut_lands_here	unique_suffix
monograph/monograph.tex	4526	latex_small	structural\_shortcut\_undecidable	structural_shortcut_undecidable	proof	Theorem	Kernel.StructuralUndecidability.structural_shortcut_undecidable	unique_suffix
monograph/monograph.tex	4527	latex_code	nat\_admits d	d	nonproof	nonproof_token		excluded_nonproof_token
monograph/monograph.tex	4527	latex_code	nat\_admits d	nat_admits	nonproof	Definition		Definition@coq/kernel/foundation/NatSubstrateInstance.v:179
monograph/monograph.tex	4527	latex_small	nat\_recursion\_theorem / nat\_structural\_shortcut\_undecidable / nat\_self\_undecidable	nat_recursion_theorem	proof	Lemma	Kernel.NatSubstrateInstance.nat_recursion_theorem	unique_suffix
monograph/monograph.tex	4527	latex_small	nat\_recursion\_theorem / nat\_structural\_shortcut\_undecidable / nat\_self\_undecidable	nat_self_undecidable	proof	Corollary	Kernel.NatSubstrateInstance.nat_self_undecidable	unique_suffix
monograph/monograph.tex	4527	latex_small	nat\_recursion\_theorem / nat\_structural\_shortcut\_undecidable / nat\_self\_undecidable	nat_structural_shortcut_undecidable	proof	Theorem	Kernel.NatSubstrateInstance.nat_structural_shortcut_undecidable	unique_suffix
monograph/monograph.tex	4528	latex_code	vm\_bounded\_decider\_flip\_not\_representable	vm_bounded_decider_flip_not_representable	proof	Theorem	Kernel.VMBoundedDecidability.vm_bounded_decider_flip_not_representable	unique_suffix
monograph/monograph.tex	4528	latex_code	vm\_bounded\_shortcut\_decide\_correct	vm_bounded_shortcut_decide_correct	proof	Theorem	Kernel.VMBoundedDecidability.vm_bounded_shortcut_decide_correct	unique_suffix
monograph/monograph.tex	4528	latex_small	vm\_structural\_shortcut\_undecidable	vm_structural_shortcut_undecidable	proof	Theorem	Kernel.StructuralUndecidability.vm_structural_shortcut_undecidable	unique_suffix
monograph/monograph.tex	4529	latex_code	list bool $\leftrightarrow$ nat	bool	nonproof	nonproof_token		excluded_nonproof_token
monograph/monograph.tex	4529	latex_code	list bool $\leftrightarrow$ nat	leftrightarrow	nonproof	nonproof_token		excluded_nonproof_token
monograph/monograph.tex	4529	latex_code	list bool $\leftrightarrow$ nat	list	nonproof	nonproof_token		excluded_nonproof_token
monograph/monograph.tex	4529	latex_code	list bool $\leftrightarrow$ nat	nat	nonproof	nonproof_token		excluded_nonproof_token
monograph/monograph.tex	4529	latex_code	list vm\_instruction	list	nonproof	nonproof_token		excluded_nonproof_token
monograph/monograph.tex	4529	latex_code	list vm\_instruction	vm_instruction	nonproof	Inductive		Inductive@coq/ThieleMachineComplete.v:2185;Inductive@coq/kernel/foundation/VMStep.v:120
monograph/monograph.tex	4529	latex_code	nat	nat	nonproof	nonproof_token		excluded_nonproof_token
monograph/monograph.tex	4529	latex_code	positive	positive	nonproof	nonproof_token		excluded_nonproof_token
monograph/monograph.tex	4529	latex_small	program\_to\_nat / nat\_to\_program / nat\_to\_program\_program\_to\_nat	nat_to_program	nonproof	Definition		Definition@coq/kernel/foundation/VMInstructionEncoding.v:619
monograph/monograph.tex	4529	latex_small	program\_to\_nat / nat\_to\_program / nat\_to\_program\_program\_to\_nat	nat_to_program_program_to_nat	proof	Theorem	Kernel.VMInstructionEncoding.nat_to_program_program_to_nat	unique_suffix
monograph/monograph.tex	4529	latex_small	program\_to\_nat / nat\_to\_program / nat\_to\_program\_program\_to\_nat	program_to_nat	nonproof	Definition		Definition@coq/kernel/foundation/VMInstructionEncoding.v:616
monograph/monograph.tex	4530	latex_small	categorical\_separation	categorical_separation	proof	Theorem	Kernel.PartitionSeparation.PartitionSeparation.categorical_separation	explicit_binding
monograph/monograph.tex	4531	latex_small	classical\_observer\_cannot\_separate	classical_observer_cannot_separate	proof	Theorem	Kernel.PartitionSeparation.PartitionSeparation.classical_observer_cannot_separate	explicit_binding
monograph/monograph.tex	4532	latex_small	shadow\_proj / shadow\_separation\_theorem	shadow_proj	nonproof	Definition		Definition@coq/kernel/witness/ShadowProjection.v:52
monograph/monograph.tex	4532	latex_small	shadow\_proj / shadow\_separation\_theorem	shadow_separation_theorem	proof	Theorem	Kernel.ShadowProjection.shadow_separation_theorem	unique_suffix
monograph/monograph.tex	4533	latex_small	D2\_faithfulness	D2_faithfulness	proof	Theorem	Kernel.TuringClassicalEmbedding.D2_faithfulness	unique_suffix
monograph/monograph.tex	4534	latex_small	D3\_conservativity	D3_conservativity	proof	Theorem	Kernel.ClassicalConservativity.D3_conservativity	unique_suffix
monograph/monograph.tex	4535	latex_small	D4\_strictness	D4_strictness	proof	Theorem	Kernel.TuringStrictness.D4_strictness	unique_suffix
monograph/monograph.tex	4536	latex_small	D5\_thiele\_strictly\_extends\_classical	D5_thiele_strictly_extends_classical	proof	Theorem	Kernel.TuringStrictness.D5_thiele_strictly_extends_classical	unique_suffix
monograph/monograph.tex	4537	latex_small	degenerate\_projection\_theorem	degenerate_projection_theorem	proof	Theorem	Kernel.TuringClassicalEmbedding.degenerate_projection_theorem	unique_suffix
monograph/monograph.tex	4538	latex_small	no\_classical\_certification\_decider	no_classical_certification_decider	proof	Theorem	Kernel.WitnessPreservationImpossibility.no_classical_certification_decider	unique_suffix
monograph/monograph.tex	4539	latex_small	chsh\_stat\_violation\_not\_local	chsh_stat_violation_not_local	proof	Theorem	Kernel.CHSHStatisticalBridge.chsh_stat_violation_not_local	unique_suffix
monograph/monograph.tex	4540	latex_code	csr\_cert\_addr	csr_cert_addr	nonproof	nonproof_token		excluded_nonproof_token
monograph/monograph.tex	4540	latex_small	structural\_trace\_preserves\_cert\_addr	structural_trace_preserves_cert_addr	proof	Theorem	Kernel.InsightTaxonomy.structural_trace_preserves_cert_addr	unique_suffix
monograph/monograph.tex	4541	latex_small	partition\_refinement\_nonfree	partition_refinement_nonfree	proof	Theorem	Kernel.PartitionRefinementNoFI.partition_refinement_nonfree	unique_suffix
monograph/monograph.tex	4542	latex_small	partition\_free\_but\_certification\_nonfree	partition_free_but_certification_nonfree	proof	Theorem	Kernel.PartitionRefinementNoFI.partition_free_but_certification_nonfree	unique_suffix
monograph/monograph.tex	4543	latex_small	witness\_insight\_nonfree\_general	witness_insight_nonfree_general	proof	Theorem	Kernel.WitnessInsightGeneral.witness_insight_nonfree_general	unique_suffix
monograph/monograph.tex	4544	latex_small	witness\_insight\_complete\_taxonomy	witness_insight_complete_taxonomy	proof	Theorem	Kernel.WitnessInsightGeneral.witness_insight_complete_taxonomy	unique_suffix
monograph/monograph.tex	4545	latex_small	separable\_coupling / non\_separable\_coupling	non_separable_coupling	nonproof	Definition		Definition@coq/kernel/category/CategoryLaws.v:385
monograph/monograph.tex	4545	latex_small	separable\_coupling / non\_separable\_coupling	separable_coupling	nonproof	Definition		Definition@coq/kernel/category/CategoryLaws.v:381
monograph/monograph.tex	4546	latex_small	CHSH coupling bridge	CHSH	nonproof	Definition		Definition@coq/kernel/quantum/TsirelsonGeneral.v:147
monograph/monograph.tex	4546	latex_small	CHSH coupling bridge	bridge	nonproof	nonproof_token		excluded_nonproof_token
monograph/monograph.tex	4546	latex_small	CHSH coupling bridge	coupling	nonproof	nonproof_token		excluded_nonproof_token
monograph/monograph.tex	4547	latex_small	graph\_certify\_morphism\_lookup	graph_certify_morphism_lookup	proof	Lemma	Kernel.VMState.graph_certify_morphism_lookup	unique_suffix
monograph/monograph.tex	4548	latex_small	exists\_covering\_tree	exists_covering_tree	proof	Theorem	Kernel.MuShannonBridge.exists_covering_tree	unique_suffix
monograph/monograph.tex	4549	latex_small	info\_priced\_reduction\_no\_tree\_hypothesis	info_priced_reduction_no_tree_hypothesis	proof	Theorem	Kernel.MuShannonBridge.info_priced_reduction_no_tree_hypothesis	unique_suffix
monograph/monograph.tex	4550	latex_small	sound\_shortcut\_from\_components	sound_shortcut_from_components	proof	Lemma	Kernel.HonestNoFI_TheoremsWithoutAssumptions.sound_shortcut_from_components	unique_suffix
monograph/monograph.tex	4551	latex_small	error\_free\_preservation\_budget / positive\_input\_certification\_budget / zero\_mu\_traces\_satisfy\_preservation\_budget	error_free_preservation_budget	nonproof	Definition		Definition@coq/kernel/mu_calculus/MuComplexity.v:44
monograph/monograph.tex	4551	latex_small	error\_free\_preservation\_budget / positive\_input\_certification\_budget / zero\_mu\_traces\_satisfy\_preservation\_budget	positive_input_certification_budget	nonproof	Definition		Definition@coq/kernel/mu_calculus/MuComplexity.v:62
monograph/monograph.tex	4551	latex_small	error\_free\_preservation\_budget / positive\_input\_certification\_budget / zero\_mu\_traces\_satisfy\_preservation\_budget	zero_mu_traces_satisfy_preservation_budget	proof	Theorem	Kernel.MuComplexity.zero_mu_traces_satisfy_preservation_budget	unique_suffix
monograph/monograph.tex	4552	latex_code	Print Assumptions	Assumptions	nonproof	nonproof_token		excluded_nonproof_token
monograph/monograph.tex	4552	latex_code	Print Assumptions	Print	nonproof	nonproof_token		excluded_nonproof_token
monograph/monograph.tex	4552	latex_code	npa\_psd\_implies\_column\_contractive	npa_psd_implies_column_contractive	proof	Theorem	Kernel.QuantumPartitionPSD.npa_psd_implies_column_contractive	unique_suffix
monograph/monograph.tex	4552	latex_code	quadratic\_nonneg\_discriminant	quadratic_nonneg_discriminant	proof	Lemma	Kernel.ConstructivePSD.quadratic_nonneg_discriminant	unique_suffix
monograph/monograph.tex	4552	latex_code	zero\_marginal\_npa\_column\_contractive\_implies\_psd	zero_marginal_npa_column_contractive_implies_psd	proof	Lemma	Kernel.MuLedgerQuantumBridge.zero_marginal_npa_column_contractive_implies_psd	unique_suffix
monograph/monograph.tex	4552	latex_small	column\_contractive\_iff\_npa\_psd	column_contractive_iff_npa_psd	proof	Corollary	Kernel.QuantumPartitionPSD.column_contractive_iff_npa_psd	unique_suffix
monograph/monograph.tex	4553	latex_code	npa\_psd\_implies\_tsirelson\_bound	npa_psd_implies_tsirelson_bound	proof	Theorem	Kernel.MuLedgerQuantumBridge.npa_psd_implies_tsirelson_bound	unique_suffix
monograph/monograph.tex	4553	latex_code	state\_column\_contractive\_implies\_npa\_gram	state_column_contractive_implies_npa_gram	proof	Theorem	Kernel.MuLedgerQuantumBridge.state_column_contractive_implies_npa_gram	unique_suffix
monograph/monograph.tex	4553	latex_code	tsirelson\_from\_row\_bounds	tsirelson_from_row_bounds	proof	Theorem	Kernel.TsirelsonGeneral.tsirelson_from_row_bounds	explicit_binding
monograph/monograph.tex	4553	latex_small	state\_column\_contractive\_implies\_tsirelson	state_column_contractive_implies_tsirelson	proof	Theorem	Kernel.MuLedgerQuantumBridge.state_column_contractive_implies_tsirelson	unique_suffix
monograph/monograph.tex	4554	latex_code	lra	lra	nonproof	nonproof_token		excluded_nonproof_token
monograph/monograph.tex	4554	latex_code	state\_column\_contractive\_implies\_tsirelson	state_column_contractive_implies_tsirelson	proof	Theorem	Kernel.MuLedgerQuantumBridge.state_column_contractive_implies_tsirelson	unique_suffix
monograph/monograph.tex	4554	latex_small	Concrete falsifications by direct arithmetic.	Concrete	nonproof	nonproof_token		excluded_nonproof_token
monograph/monograph.tex	4554	latex_small	Concrete falsifications by direct arithmetic.	arithmetic.	nonproof	nonproof_token		excluded_nonproof_token
monograph/monograph.tex	4554	latex_small	Concrete falsifications by direct arithmetic.	by	nonproof	nonproof_token		excluded_nonproof_token
monograph/monograph.tex	4554	latex_small	Concrete falsifications by direct arithmetic.	direct	nonproof	nonproof_token		excluded_nonproof_token
monograph/monograph.tex	4554	latex_small	Concrete falsifications by direct arithmetic.	falsifications	nonproof	nonproof_token		excluded_nonproof_token
monograph/monograph.tex	4555	latex_code	ElliptopeGate.v	ElliptopeGate.v	nonproof	nonproof_token		excluded_nonproof_token
monograph/monograph.tex	4555	latex_code	Print Assumptions	Assumptions	nonproof	nonproof_token		excluded_nonproof_token
monograph/monograph.tex	4555	latex_code	Print Assumptions	Print	nonproof	nonproof_token		excluded_nonproof_token
monograph/monograph.tex	4555	latex_code	beyond\_classical\_elliptope	beyond_classical_elliptope	proof	Theorem	Kernel.ElliptopeCompletion.beyond_classical_elliptope	unique_suffix
monograph/monograph.tex	4555	latex_code	classical\_tightness\_witness\_elliptope	classical_tightness_witness_elliptope	proof	Corollary	Kernel.ElliptopeCompletion.classical_tightness_witness_elliptope	unique_suffix
monograph/monograph.tex	4555	latex_code	deterministic\_strategy\_elliptope	deterministic_strategy_elliptope	proof	Theorem	Kernel.ElliptopeCompletion.deterministic_strategy_elliptope	unique_suffix
monograph/monograph.tex	4555	latex_code	elliptope\_check\_full\_sound	elliptope_check_full_sound	proof	Theorem	Kernel.ElliptopeGate.elliptope_check_full_sound	unique_suffix
monograph/monograph.tex	4555	latex_code	elliptope\_convex	elliptope_convex	proof	Theorem	Kernel.ElliptopeCompletion.elliptope_convex	unique_suffix
monograph/monograph.tex	4555	latex_code	elliptope\_finite\_mixture	elliptope_finite_mixture	proof	Theorem	Kernel.ElliptopeCompletion.elliptope_finite_mixture	unique_suffix
monograph/monograph.tex	4555	latex_code	elliptope\_full\_gate\_never\_accepts\_pr\_box	elliptope_full_gate_never_accepts_pr_box	proof	Theorem	Kernel.ElliptopeGate.elliptope_full_gate_never_accepts_pr_box	unique_suffix
monograph/monograph.tex	4555	latex_code	elliptope\_realizable	elliptope_realizable	nonproof	Definition		Definition@coq/kernel/quantum/ElliptopeCompletion.v:104
monograph/monograph.tex	4555	latex_code	elliptope\_tsirelson	elliptope_tsirelson	proof	Theorem	Kernel.ElliptopeCompletion.elliptope_tsirelson	unique_suffix
monograph/monograph.tex	4555	latex_code	gate\_accepts\_all\_ones	gate_accepts_all_ones	proof	Example	Kernel.ElliptopeGate.gate_accepts_all_ones	unique_suffix
monograph/monograph.tex	4555	latex_code	gate\_accepts\_beyond\_classical	gate_accepts_beyond_classical	proof	Example	Kernel.ElliptopeGate.gate_accepts_beyond_classical	unique_suffix
monograph/monograph.tex	4555	latex_code	gate\_accepts\_pythagorean\_boundary	gate_accepts_pythagorean_boundary	proof	Example	Kernel.ElliptopeGate.gate_accepts_pythagorean_boundary	unique_suffix
monograph/monograph.tex	4555	latex_code	gate\_accepts\_turing\_point	gate_accepts_turing_point	proof	Example	Kernel.ElliptopeGate.gate_accepts_turing_point	unique_suffix
monograph/monograph.tex	4555	latex_code	lhv\_mixture\_elliptope	lhv_mixture_elliptope	proof	Corollary	Kernel.ElliptopeCompletion.lhv_mixture_elliptope	unique_suffix
monograph/monograph.tex	4555	latex_code	pr\_box\_not\_elliptope	pr_box_not_elliptope	proof	Theorem	Kernel.ElliptopeCompletion.pr_box_not_elliptope	unique_suffix
monograph/monograph.tex	4555	latex_code	psd\_cauchy\_schwarz	psd_cauchy_schwarz	proof	Lemma	Kernel.ElliptopeCompletion.psd_cauchy_schwarz	unique_suffix
monograph/monograph.tex	4555	latex_code	turing\_point\_elliptope	turing_point_elliptope	proof	Theorem	Kernel.ElliptopeCompletion.turing_point_elliptope	unique_suffix
monograph/monograph.tex	4556	latex_code	CERTIFY	CERTIFY	nonproof	nonproof_token		excluded_nonproof_token
monograph/monograph.tex	4556	latex_small	mu\_hierarchy\_theorem	mu_hierarchy_theorem	proof	Theorem	Kernel.MuHierarchyTheorem.mu_hierarchy_theorem	unique_suffix
monograph/monograph.tex	4557	latex_small	mu\_hierarchy\_no\_upper\_bound	mu_hierarchy_no_upper_bound	proof	Corollary	Kernel.MuHierarchyTheorem.mu_hierarchy_no_upper_bound	unique_suffix
monograph/monograph.tex	4558	latex_code	coupling\_desc\_bounded $\wedge$ coupling\_pairs\_in\_range $\wedge$ coupling\_pairs\_fully\_populated	coupling_desc_bounded	nonproof	Definition		Definition@coq/kami_hw/GraphReconstructionBridge.v:835
monograph/monograph.tex	4558	latex_code	coupling\_desc\_bounded $\wedge$ coupling\_pairs\_in\_range $\wedge$ coupling\_pairs\_fully\_populated	coupling_pairs_fully_populated	nonproof	Definition		Definition@coq/kami_hw/GraphReconstructionBridge.v:847
monograph/monograph.tex	4558	latex_code	coupling\_desc\_bounded $\wedge$ coupling\_pairs\_in\_range $\wedge$ coupling\_pairs\_fully\_populated	coupling_pairs_in_range	nonproof	Definition		Definition@coq/kami_hw/GraphReconstructionBridge.v:841
monograph/monograph.tex	4558	latex_code	coupling\_desc\_bounded $\wedge$ coupling\_pairs\_in\_range $\wedge$ coupling\_pairs\_fully\_populated	wedge	nonproof	nonproof_token		excluded_nonproof_token
monograph/monograph.tex	4558	latex_code	coupling\_desc\_bounded $\wedge$ coupling\_pairs\_in\_range $\wedge$ coupling\_pairs\_fully\_populated	wedge	nonproof	nonproof_token		excluded_nonproof_token
monograph/monograph.tex	4558	latex_code	coupling\_wf	coupling_wf	nonproof	Definition		Definition@coq/kami_hw/GraphReconstructionBridge.v:856
monograph/monograph.tex	4558	latex_code	coupling\_wf\_kami\_step\_preserved	coupling_wf_kami_step_preserved	proof	Theorem	KamiHW.GraphReconstructionBridge.coupling_wf_kami_step_preserved	unique_suffix
monograph/monograph.tex	4558	latex_code	kami\_step	kami_step	nonproof	Definition		Definition@coq/ThieleMachineComplete.v:8779;Definition@coq/kami_hw/Abstraction.v:817
monograph/monograph.tex	4558	latex_code	morph\_table\_wf	morph_table_wf	nonproof	Definition		Definition@coq/kami_hw/GraphReconstructionBridge.v:823
monograph/monograph.tex	4558	latex_code	morph\_table\_wf\_kami\_step\_preserved	morph_table_wf_kami_step_preserved	proof	Theorem	KamiHW.GraphReconstructionBridge.morph_table_wf_kami_step_preserved	unique_suffix
monograph/monograph.tex	4558	latex_small	Structural-invariant Qed group	Qed	nonproof	nonproof_token		excluded_nonproof_token
monograph/monograph.tex	4558	latex_small	Structural-invariant Qed group	Structural	nonproof	nonproof_token		excluded_nonproof_token
monograph/monograph.tex	4558	latex_small	Structural-invariant Qed group	group	nonproof	nonproof_token		excluded_nonproof_token
monograph/monograph.tex	4558	latex_small	Structural-invariant Qed group	invariant	nonproof	nonproof_token		excluded_nonproof_token
monograph/monograph.tex	4559	latex_code	WFDrivenPrecondition	WFDrivenPrecondition	nonproof	Definition		Definition@coq/kami_hw/GraphReconstructionBridge.v:3828
monograph/monograph.tex	4559	latex_code	bsc\_kami\_compilation\_trusted	bsc_kami_compilation_trusted	nonproof	Definition		Definition@coq/kernel/hardware_bridge/VerilogRTLCorrespondence.v:68
monograph/monograph.tex	4559	latex_code	driven\_step\_wf	driven_step_wf	proof	Theorem	KamiHW.GraphReconstructionBridge.driven_step_wf	unique_suffix
monograph/monograph.tex	4559	latex_code	rtl\_step\_correct	rtl_step_correct	nonproof	nonproof_token		excluded_nonproof_token
monograph/monograph.tex	4559	latex_small	RTL translation boundary	RTL	nonproof	nonproof_token		excluded_nonproof_token
monograph/monograph.tex	4559	latex_small	RTL translation boundary	boundary	nonproof	nonproof_token		excluded_nonproof_token
monograph/monograph.tex	4559	latex_small	RTL translation boundary	translation	nonproof	nonproof_token		excluded_nonproof_token
monograph/monograph.tex	4560	latex_small	nothing\_at\_stake\_is\_free\_forgery	nothing_at_stake_is_free_forgery	proof	Theorem	Kernel.PoSFinality.nothing_at_stake_is_free_forgery	unique_suffix
monograph/monograph.tex	4561	latex_code	universal\_nfi\_any\_substrate	universal_nfi_any_substrate	proof	Theorem	Kernel.UniversalCertificationCost.universal_nfi_any_substrate	unique_suffix
monograph/monograph.tex	4561	latex_small	slashing\_finality\_floor	slashing_finality_floor	proof	Theorem	Kernel.PoSFinality.slashing_finality_floor	unique_suffix
monograph/monograph.tex	4562	latex_code	thiele\_vm\_commit\_pricing\_is\_exact	thiele_vm_commit_pricing_is_exact	proof	Theorem	Kernel.GasMetering.thiele_vm_commit_pricing_is_exact	unique_suffix
monograph/monograph.tex	4562	latex_small	gas\_schedule\_exactness	gas_schedule_exactness	proof	Theorem	Kernel.GasMetering.gas_schedule_exactness	unique_suffix
monograph/monograph.tex	4563	latex_code	replay\_is\_a\_two\_preimage\_witness	replay_is_a_two_preimage_witness	proof	Theorem	Kernel.TEEAttestation.replay_is_a_two_preimage_witness	unique_suffix
monograph/monograph.tex	4563	latex_small	attestation\_cannot\_factor\_through\_bare\_transcript	attestation_cannot_factor_through_bare_transcript	proof	Theorem	Kernel.TEEAttestation.attestation_cannot_factor_through_bare_transcript	unique_suffix
monograph/monograph.tex	4564	latex_small	level\_k\_verification\_floor	level_k_verification_floor	proof	Theorem	Kernel.ProofCarryingVerifier.level_k_verification_floor	unique_suffix
monograph/monograph.tex	4565	latex_small	permanent\_flip\_is\_not\_injective	permanent_flip_is_not_injective	proof	Theorem	Kernel.PermanentCertification.permanent_flip_is_not_injective	unique_suffix
monograph/monograph.tex	4566	latex_code	universal\_nfi\_any\_substrate	universal_nfi_any_substrate	proof	Theorem	Kernel.UniversalCertificationCost.universal_nfi_any_substrate	unique_suffix
monograph/monograph.tex	4566	latex_small	a2\_from\_merging\_price\_and\_permanence / permanent\_certification\_trace\_floor	a2_from_merging_price_and_permanence	proof	Theorem	Kernel.PermanentCertification.a2_from_merging_price_and_permanence	unique_suffix
monograph/monograph.tex	4566	latex_small	a2\_from\_merging\_price\_and\_permanence / permanent\_certification\_trace\_floor	permanent_certification_trace_floor	proof	Theorem	Kernel.PermanentCertification.permanent_certification_trace_floor	unique_suffix
monograph/monograph.tex	4567	latex_small	permanent\_flips\_collapse\_at\_least	permanent_flips_collapse_at_least	proof	Theorem	Kernel.PermanentCertification.permanent_flips_collapse_at_least	unique_suffix
monograph/monograph.tex	4568	latex_small	honest\_erasure\_accounting\_implies\_a2 / commit\_without\_erasure\_system\_is\_not\_honest	commit_without_erasure_system_is_not_honest	proof	Theorem	Kernel.PermanentCertification.commit_without_erasure_system_is_not_honest	unique_suffix
monograph/monograph.tex	4568	latex_small	honest\_erasure\_accounting\_implies\_a2 / commit\_without\_erasure\_system\_is\_not\_honest	honest_erasure_accounting_implies_a2	proof	Theorem	Kernel.PermanentCertification.honest_erasure_accounting_implies_a2	unique_suffix
monograph/monograph.tex	4569	latex_code	quad\_stamp\_cost\_two\_is\_priced	quad_stamp_cost_two_is_priced	proof	Theorem	Kernel.PermanentRecordPricing.quad_stamp_cost_two_is_priced	unique_suffix
monograph/monograph.tex	4569	latex_code	quad\_stamp\_needs\_two	quad_stamp_needs_two	proof	Theorem	Kernel.PermanentRecordPricing.quad_stamp_needs_two	unique_suffix
monograph/monograph.tex	4569	latex_small	permanent\_flips\_compression\_bound / permanent\_flips\_log\_bound	permanent_flips_compression_bound	proof	Theorem	Kernel.PermanentRecordPricing.permanent_flips_compression_bound	unique_suffix
monograph/monograph.tex	4569	latex_small	permanent\_flips\_compression\_bound / permanent\_flips\_log\_bound	permanent_flips_log_bound	proof	Theorem	Kernel.PermanentRecordPricing.permanent_flips_log_bound	unique_suffix
monograph/monograph.tex	4570	latex_small	forced\_priced\_iff\_merges	forced_priced_iff_merges	proof	Theorem	Kernel.PermanentRecordPricing.forced_priced_iff_merges	unique_suffix
monograph/monograph.tex	4571	latex_small	flip\_merges\_or\_revokes / injective\_flip\_revokes	flip_merges_or_revokes	proof	Theorem	Kernel.PermanentRecordPricing.flip_merges_or_revokes	unique_suffix
monograph/monograph.tex	4571	latex_small	flip\_merges\_or\_revokes / injective\_flip\_revokes	injective_flip_revokes	proof	Corollary	Kernel.PermanentRecordPricing.injective_flip_revokes	unique_suffix
monograph/monograph.tex	4572	latex_small	permanent\_record\_write\_is\_forced\_priced / forced\_price\_without\_permanent\_record	forced_price_without_permanent_record	proof	Theorem	Kernel.PermanentRecordPricing.forced_price_without_permanent_record	unique_suffix
monograph/monograph.tex	4572	latex_small	permanent\_record\_write\_is\_forced\_priced / forced\_price\_without\_permanent\_record	permanent_record_write_is_forced_priced	proof	Corollary	Kernel.PermanentRecordPricing.permanent_record_write_is_forced_priced	unique_suffix
monograph/monograph.tex	4573	latex_small	shadow\_cannot\_price\_exactly / window\_showing\_reading\_prices\_exactly	shadow_cannot_price_exactly	proof	Theorem	Kernel.ShadowPricing.shadow_cannot_price_exactly	unique_suffix
monograph/monograph.tex	4573	latex_small	shadow\_cannot\_price\_exactly / window\_showing\_reading\_prices\_exactly	window_showing_reading_prices_exactly	proof	Theorem	Kernel.ShadowPricing.window_showing_reading_prices_exactly	unique_suffix
monograph/monograph.tex	4574	latex_code	bare\_observable	bare_observable	nonproof	Definition		Definition@coq/kernel/witness/ProjectionNonExistence.v:61
monograph/monograph.tex	4574	latex_code	forget	forget	nonproof	Definition		Definition@coq/kernel/witness/BlindnessRepresentation.v:51
monograph/monograph.tex	4574	latex_small	vm\_bare\_shadow\_cannot\_price\_exactly / vm\_forget\_shadow\_cannot\_price\_exactly	vm_bare_shadow_cannot_price_exactly	proof	Theorem	Kernel.ShadowPricing.vm_bare_shadow_cannot_price_exactly	unique_suffix
monograph/monograph.tex	4574	latex_small	vm\_bare\_shadow\_cannot\_price\_exactly / vm\_forget\_shadow\_cannot\_price\_exactly	vm_forget_shadow_cannot_price_exactly	proof	Theorem	Kernel.ShadowPricing.vm_forget_shadow_cannot_price_exactly	unique_suffix
monograph/monograph.tex	4575	latex_small	permanent\_step\_entropy\_ceiling / permanent\_flip\_uniform\_entropy\_drop	permanent_flip_uniform_entropy_drop	proof	Theorem	Kernel.PermanentCertificationEntropy.permanent_flip_uniform_entropy_drop	unique_suffix
monograph/monograph.tex	4575	latex_small	permanent\_step\_entropy\_ceiling / permanent\_flip\_uniform\_entropy\_drop	permanent_step_entropy_ceiling	proof	Theorem	Kernel.PermanentCertificationEntropy.permanent_step_entropy_ceiling	unique_suffix
monograph/monograph.tex	4576	latex_code	universal\_nfi\_any\_substrate	universal_nfi_any_substrate	proof	Theorem	Kernel.UniversalCertificationCost.universal_nfi_any_substrate	unique_suffix
monograph/monograph.tex	4576	latex_small	a2\_from\_entropy\_price\_and\_permanence / entropy\_priced\_trace\_floor	a2_from_entropy_price_and_permanence	proof	Theorem	Kernel.PermanentCertificationEntropy.a2_from_entropy_price_and_permanence	unique_suffix
monograph/monograph.tex	4576	latex_small	a2\_from\_entropy\_price\_and\_permanence / entropy\_priced\_trace\_floor	entropy_priced_trace_floor	proof	Theorem	Kernel.PermanentCertificationEntropy.entropy_priced_trace_floor	unique_suffix
monograph/monograph.tex	4577	latex_code	landauer\_heat	landauer_heat	nonproof	Definition		Definition@coq/kernel/nfi/PermanentCertificationEntropy.v:816
monograph/monograph.tex	4577	latex_small	permanent\_flip\_heat\_floor / permanent\_flip\_heat\_positive	permanent_flip_heat_floor	proof	Theorem	Kernel.PermanentCertificationEntropy.permanent_flip_heat_floor	unique_suffix
monograph/monograph.tex	4577	latex_small	permanent\_flip\_heat\_floor / permanent\_flip\_heat\_positive	permanent_flip_heat_positive	proof	Theorem	Kernel.PermanentCertificationEntropy.permanent_flip_heat_positive	unique_suffix
monograph/monograph.tex	4578	latex_small	entropy\_drop\_as\_point\_sum / entropy\_drop\_pos\_of\_support\_merge	entropy_drop_as_point_sum	proof	Theorem	Kernel.PermanentCertificationEntropy.entropy_drop_as_point_sum	unique_suffix
monograph/monograph.tex	4578	latex_small	entropy\_drop\_as\_point\_sum / entropy\_drop\_pos\_of\_support\_merge	entropy_drop_pos_of_support_merge	proof	Theorem	Kernel.PermanentCertificationEntropy.entropy_drop_pos_of_support_merge	unique_suffix
monograph/monograph.tex	4579	latex_code	landauer\_heat	landauer_heat	nonproof	Definition		Definition@coq/kernel/nfi/PermanentCertificationEntropy.v:816
monograph/monograph.tex	4579	latex_small	permanent\_flip\_full\_support\_heat\_positive / known\_state\_flip\_forces\_no\_heat	known_state_flip_forces_no_heat	proof	Theorem	Kernel.PermanentCertificationEntropy.known_state_flip_forces_no_heat	unique_suffix
monograph/monograph.tex	4579	latex_small	permanent\_flip\_full\_support\_heat\_positive / known\_state\_flip\_forces\_no\_heat	permanent_flip_full_support_heat_positive	proof	Theorem	Kernel.PermanentCertificationEntropy.permanent_flip_full_support_heat_positive	unique_suffix
monograph/monograph.tex	4580	latex_small	fin\_merging\_priced / fin\_compression\_priced	fin_compression_priced	proof	Theorem	Kernel.FiniteCertMachine.fin_compression_priced	unique_suffix
monograph/monograph.tex	4580	latex_small	fin\_merging\_priced / fin\_compression\_priced	fin_merging_priced	proof	Theorem	Kernel.FiniteCertMachine.fin_merging_priced	unique_suffix
monograph/monograph.tex	4581	latex_code	CERTIFY 0	CERTIFY	nonproof	nonproof_token		excluded_nonproof_token
monograph/monograph.tex	4581	latex_code	CHECKPOINT "" 0	CHECKPOINT	nonproof	nonproof_token		excluded_nonproof_token
monograph/monograph.tex	4581	latex_code	JUMP a 2	JUMP	nonproof	nonproof_token		excluded_nonproof_token
monograph/monograph.tex	4581	latex_code	JUMP a 2	a	nonproof	nonproof_token		excluded_nonproof_token
monograph/monograph.tex	4581	latex_small	vm\_runs\_finite\_trace / vm\_fragment\_certification\_paid	vm_fragment_certification_paid	proof	Theorem	Kernel.FiniteCertMachine.vm_fragment_certification_paid	unique_suffix
monograph/monograph.tex	4581	latex_small	vm\_runs\_finite\_trace / vm\_fragment\_certification\_paid	vm_runs_finite_trace	proof	Theorem	Kernel.FiniteCertMachine.vm_runs_finite_trace	unique_suffix
monograph/monograph.tex	4582	latex_code	JUMP 0 0	JUMP	nonproof	nonproof_token		excluded_nonproof_token
monograph/monograph.tex	4582	latex_small	vm\_certifying\_step\_is\_priced\_merge / vm\_prices\_certifying\_merge\_leaves\_others\_free	vm_certifying_step_is_priced_merge	proof	Theorem	Kernel.FiniteCertMachine.vm_certifying_step_is_priced_merge	unique_suffix
monograph/monograph.tex	4582	latex_small	vm\_certifying\_step\_is\_priced\_merge / vm\_prices\_certifying\_merge\_leaves\_others\_free	vm_prices_certifying_merge_leaves_others_free	proof	Theorem	Kernel.FiniteCertMachine.vm_prices_certifying_merge_leaves_others_free	unique_suffix
monograph/monograph.tex	4588	latex_code	WFDrivenPrecondition	WFDrivenPrecondition	nonproof	Definition		Definition@coq/kami_hw/GraphReconstructionBridge.v:3828
monograph/monograph.tex	4588	latex_code	WFDrivenRun	WFDrivenRun	nonproof	Fixpoint		Fixpoint@coq/kami_hw/GraphReconstructionBridge.v:3955
monograph/monograph.tex	4588	latex_code	driven\_step\_wf	driven_step_wf	proof	Theorem	KamiHW.GraphReconstructionBridge.driven_step_wf	unique_suffix
monograph/monograph.tex	4588	latex_code	driven\_trace\_commutes	driven_trace_commutes	proof	Theorem	KamiHW.GraphReconstructionBridge.driven_trace_commutes	unique_suffix
monograph/monograph.tex	4589	latex_code	ocaml\_observable\_nofi\_and\_monotone	ocaml_observable_nofi_and_monotone	proof	Theorem	Kernel.OCamlExtractionBridge.ocaml_observable_nofi_and_monotone	unique_suffix
monograph/monograph.tex	4591	latex_code	lassert\_cost\_from\_component\_floors	lassert_cost_from_component_floors	proof	Theorem	Kernel.MuCostDerivation.lassert_cost_from_component_floors	unique_suffix
monograph/monograph.tex	4591	latex_code	lassert\_cost\_is\_its\_formula	lassert_cost_is_its_formula	proof	Theorem	Kernel.MuCostDerivation.lassert_cost_is_its_formula	unique_suffix
monograph/monograph.tex	4591	latex_code	observer\_narrowing\_can\_be\_free	observer_narrowing_can_be_free	proof	Theorem	Kernel.KnowledgeNarrowing.observer_narrowing_can_be_free	unique_suffix
monograph/monograph.tex	4598	latex_code	coq/kami\_hw/	coq	nonproof	nonproof_token		excluded_nonproof_token
monograph/monograph.tex	4598	latex_code	coq/kami\_hw/	kami_hw	nonproof	nonproof_token		excluded_nonproof_token
monograph/monograph.tex	4598	latex_code	coq/kernel/	coq	nonproof	nonproof_token		excluded_nonproof_token
monograph/monograph.tex	4598	latex_code	coq/kernel/	kernel	nonproof	nonproof_token		excluded_nonproof_token
monograph/monograph.tex	4598	latex_code	tests/coq\_probes/	coq_probes	nonproof	nonproof_token		excluded_nonproof_token
monograph/monograph.tex	4598	latex_code	tests/coq\_probes/	tests	nonproof	nonproof_token		excluded_nonproof_token
monograph/monograph.tex	4605	latex_code	Kernel.UniversalCertificationCost.universal\_nfi\_any\_substrate	Kernel.UniversalCertificationCost.universal_nfi_any_substrate	proof	Theorem	Kernel.UniversalCertificationCost.universal_nfi_any_substrate	unique_suffix
monograph/monograph.tex	4606	latex_code	Kernel.CommitmentPredicateAdequacy.exact\_commitment\_pricing\_characterization	Kernel.CommitmentPredicateAdequacy.exact_commitment_pricing_characterization	proof	Theorem	Kernel.CommitmentPredicateAdequacy.exact_commitment_pricing_characterization	unique_suffix
monograph/monograph.tex	4607	latex_code	Kernel.MuInitiality.mu\_is\_initial\_monotone	Kernel.MuInitiality.mu_is_initial_monotone	proof	Theorem	Kernel.MuInitiality.mu_is_initial_monotone	unique_suffix
monograph/monograph.tex	4608	latex_code	Kernel.NecessityAbstract.mu\_ledger\_mutual\_independence	Kernel.NecessityAbstract.mu_ledger_mutual_independence	proof	Theorem	Kernel.NecessityAbstract.mu_ledger_mutual_independence	unique_suffix
monograph/monograph.tex	4609	latex_code	VerifierExhaustiveness.V\_does\_not\_factor\_through\_classical	VerifierExhaustiveness.V_does_not_factor_through_classical	proof	Theorem	VerifierExhaustiveness.V_does_not_factor_through_classical	unique_suffix
monograph/monograph.tex	4610	latex_code	Kernel.HonestNoFI\_TheoremsWithoutAssumptions.structural\_entitlement\_representation	Kernel.HonestNoFI_TheoremsWithoutAssumptions.structural_entitlement_representation	proof	Theorem	Kernel.HonestNoFI_TheoremsWithoutAssumptions.structural_entitlement_representation	unique_suffix
monograph/monograph.tex	4611	latex_code	Kernel.StructuralUndecidability.structural\_shortcut\_undecidable	Kernel.StructuralUndecidability.structural_shortcut_undecidable	proof	Theorem	Kernel.StructuralUndecidability.structural_shortcut_undecidable	unique_suffix
monograph/monograph.tex	4612	latex_code	Kernel.NatSubstrateInstance.nat\_self\_undecidable	Kernel.NatSubstrateInstance.nat_self_undecidable	proof	Corollary	Kernel.NatSubstrateInstance.nat_self_undecidable	unique_suffix
monograph/monograph.tex	4613	latex_code	Kernel.VMSubstrateEncoded.vm\_structural\_shortcut\_undecidable\_encoded	Kernel.VMSubstrateEncoded.vm_structural_shortcut_undecidable_encoded	proof	Theorem	Kernel.VMSubstrateEncoded.vm_structural_shortcut_undecidable_encoded	unique_suffix
monograph/monograph.tex	4614	latex_code	Kernel.VMBoundedDecidability.vm\_bounded\_shortcut\_decide\_correct	Kernel.VMBoundedDecidability.vm_bounded_shortcut_decide_correct	proof	Theorem	Kernel.VMBoundedDecidability.vm_bounded_shortcut_decide_correct	unique_suffix
monograph/monograph.tex	4615	latex_code	Kernel.VMBoundedDecidability.vm\_bounded\_decider\_flip\_not\_representable	Kernel.VMBoundedDecidability.vm_bounded_decider_flip_not_representable	proof	Theorem	Kernel.VMBoundedDecidability.vm_bounded_decider_flip_not_representable	unique_suffix
monograph/monograph.tex	4616	latex_code	Kernel.VMEncodedInputAccess.vm\_apply\_logic\_acc\_commutes	Kernel.VMEncodedInputAccess.vm_apply_logic_acc_commutes	proof	Lemma	Kernel.VMEncodedInputAccess.vm_apply_logic_acc_commutes	unique_suffix
monograph/monograph.tex	4617	latex_code	Kernel.VMEncodedInputAccess.run\_vm\_logic\_acc\_commutes	Kernel.VMEncodedInputAccess.run_vm_logic_acc_commutes	proof	Lemma	Kernel.VMEncodedInputAccess.run_vm_logic_acc_commutes	unique_suffix
monograph/monograph.tex	4618	latex_code	Kernel.VMEncodedInputAccess.no\_logic\_acc\_encoded\_interpreter	Kernel.VMEncodedInputAccess.no_logic_acc_encoded_interpreter	proof	Theorem	Kernel.VMEncodedInputAccess.no_logic_acc_encoded_interpreter	unique_suffix
monograph/monograph.tex	4620	latex_code	Kernel.VMUnboundedExec.vm\_halts\_at\_deterministic	Kernel.VMUnboundedExec.vm_halts_at_deterministic	proof	Lemma	Kernel.VMUnboundedExec.vm_halts_at_deterministic	unique_suffix
monograph/monograph.tex	4621	latex_code	Kernel.VMSelfRun.self\_interpreter\_correct	Kernel.VMSelfRun.self_interpreter_correct	proof	Theorem	Kernel.VMSelfRun.self_interpreter_correct	unique_suffix
monograph/monograph.tex	4622	latex_code	Kernel.VMSelfRiceUndec.self\_rice	Kernel.VMSelfRiceUndec.self_rice	proof	Theorem	Kernel.VMSelfRiceUndec.self_rice	unique_suffix
monograph/monograph.tex	4623	latex_code	Kernel.StructuralAxisOrthogonality.structural\_shortcut\_not\_function\_of\_classical	Kernel.StructuralAxisOrthogonality.structural_shortcut_not_function_of_classical	proof	Theorem	Kernel.StructuralAxisOrthogonality.structural_shortcut_not_function_of_classical	unique_suffix
monograph/monograph.tex	4624	latex_code	Kernel.TuringClassicalEmbedding.D2\_classical\_shadow\_preserved	Kernel.TuringClassicalEmbedding.D2_classical_shadow_preserved	proof	Theorem	Kernel.TuringClassicalEmbedding.D2_classical_shadow_preserved	unique_suffix
monograph/monograph.tex	4625	latex_code	Kernel.ElliptopeGate.elliptope\_check\_full\_sound	Kernel.ElliptopeGate.elliptope_check_full_sound	proof	Theorem	Kernel.ElliptopeGate.elliptope_check_full_sound	unique_suffix
monograph/monograph.tex	4626	latex_code	Kernel.MuHierarchyTheorem.level\_k\_certification\_cost\_floor	Kernel.MuHierarchyTheorem.level_k_certification_cost_floor	proof	Theorem	Kernel.MuHierarchyTheorem.level_k_certification_cost_floor	unique_suffix
monograph/monograph.tex	4627	latex_code	KamiHW.GraphReconstructionBridge.driven\_step\_wf	KamiHW.GraphReconstructionBridge.driven_step_wf	proof	Theorem	KamiHW.GraphReconstructionBridge.driven_step_wf	unique_suffix
monograph/monograph.tex	4628	latex_code	KamiHW.GraphReconstructionBridge.driven\_trace\_commutes	KamiHW.GraphReconstructionBridge.driven_trace_commutes	proof	Theorem	KamiHW.GraphReconstructionBridge.driven_trace_commutes	unique_suffix
monograph/monograph.tex	4629	latex_code	Kernel.CHSH.KernelCHSH.local\_strategy\_chsh\_between\_neg2\_2	Kernel.CHSH.KernelCHSH.local_strategy_chsh_between_neg2_2	proof	Theorem	Kernel.CHSH.KernelCHSH.local_strategy_chsh_between_neg2_2	unique_suffix
monograph/monograph.tex	4630	latex_code	Kernel.QuantumPartitionPSD.column\_contractive\_iff\_npa\_psd	Kernel.QuantumPartitionPSD.column_contractive_iff_npa_psd	proof	Corollary	Kernel.QuantumPartitionPSD.column_contractive_iff_npa_psd	unique_suffix
monograph/monograph.tex	4631	latex_code	Kernel.QuantumPartitionPSD.chsh\_lassert\_no\_trap\_implies\_npa\_psd	Kernel.QuantumPartitionPSD.chsh_lassert_no_trap_implies_npa_psd	proof	Theorem	Kernel.QuantumPartitionPSD.chsh_lassert_no_trap_implies_npa_psd	unique_suffix
monograph/monograph.tex	4632	latex_code	Kernel.CategoryLaws.relational\_compose\_assoc	Kernel.CategoryLaws.relational_compose_assoc	proof	Theorem	Kernel.CategoryLaws.relational_compose_assoc	unique_suffix
monograph/monograph.tex	4633	latex_code	Kernel.MuHierarchyTheorem.mu\_hierarchy\_theorem	Kernel.MuHierarchyTheorem.mu_hierarchy_theorem	proof	Theorem	Kernel.MuHierarchyTheorem.mu_hierarchy_theorem	unique_suffix
monograph/monograph.tex	4634	latex_code	Kernel.DiscreteGaussBonnet.discrete\_gauss\_bonnet	Kernel.DiscreteGaussBonnet.discrete_gauss_bonnet	proof	Theorem	Kernel.DiscreteGaussBonnet.discrete_gauss_bonnet	unique_suffix
monograph/monograph.tex	4635	latex_code	Kernel.PermanentCertification.a2\_from\_merging\_price\_and\_permanence	Kernel.PermanentCertification.a2_from_merging_price_and_permanence	proof	Theorem	Kernel.PermanentCertification.a2_from_merging_price_and_permanence	unique_suffix
monograph/monograph.tex	4636	latex_code	Kernel.PermanentRecordPricing.permanent\_flips\_log\_bound	Kernel.PermanentRecordPricing.permanent_flips_log_bound	proof	Theorem	Kernel.PermanentRecordPricing.permanent_flips_log_bound	unique_suffix
monograph/monograph.tex	4637	latex_code	Kernel.PermanentRecordPricing.forced\_priced\_iff\_merges	Kernel.PermanentRecordPricing.forced_priced_iff_merges	proof	Theorem	Kernel.PermanentRecordPricing.forced_priced_iff_merges	unique_suffix
monograph/monograph.tex	4637	latex_code	flip\_merges\_or\_revokes	flip_merges_or_revokes	proof	Theorem	Kernel.PermanentRecordPricing.flip_merges_or_revokes	unique_suffix
monograph/monograph.tex	4638	latex_code	Kernel.ShadowPricing.shadow\_cannot\_price\_exactly	Kernel.ShadowPricing.shadow_cannot_price_exactly	proof	Theorem	Kernel.ShadowPricing.shadow_cannot_price_exactly	unique_suffix
monograph/monograph.tex	4638	latex_code	bare\_observable	bare_observable	nonproof	Definition		Definition@coq/kernel/witness/ProjectionNonExistence.v:61
monograph/monograph.tex	4638	latex_code	forget	forget	nonproof	Definition		Definition@coq/kernel/witness/BlindnessRepresentation.v:51
monograph/monograph.tex	4639	latex_code	Kernel.PermanentCertificationEntropy.permanent\_flip\_uniform\_entropy\_drop	Kernel.PermanentCertificationEntropy.permanent_flip_uniform_entropy_drop	proof	Theorem	Kernel.PermanentCertificationEntropy.permanent_flip_uniform_entropy_drop	unique_suffix
monograph/monograph.tex	4639	latex_code	landauer\_heat	landauer_heat	nonproof	Definition		Definition@coq/kernel/nfi/PermanentCertificationEntropy.v:816
monograph/monograph.tex	4640	latex_code	CERTIFY 0	CERTIFY	nonproof	nonproof_token		excluded_nonproof_token
monograph/monograph.tex	4640	latex_code	CHECKPOINT "" 0	CHECKPOINT	nonproof	nonproof_token		excluded_nonproof_token
monograph/monograph.tex	4640	latex_code	JUMP	JUMP	nonproof	nonproof_token		excluded_nonproof_token
monograph/monograph.tex	4640	latex_code	JUMP a 2	JUMP	nonproof	nonproof_token		excluded_nonproof_token
monograph/monograph.tex	4640	latex_code	JUMP a 2	a	nonproof	nonproof_token		excluded_nonproof_token
monograph/monograph.tex	4640	latex_code	Kernel.FiniteCertMachine.vm\_runs\_finite\_trace	Kernel.FiniteCertMachine.vm_runs_finite_trace	proof	Theorem	Kernel.FiniteCertMachine.vm_runs_finite_trace	unique_suffix
monograph/monograph.tex	4641	latex_code	JUMP 0 0	JUMP	nonproof	nonproof_token		excluded_nonproof_token
monograph/monograph.tex	4641	latex_code	Kernel.FiniteCertMachine.vm\_prices\_certifying\_merge\_leaves\_others\_free	Kernel.FiniteCertMachine.vm_prices_certifying_merge_leaves_others_free	proof	Theorem	Kernel.FiniteCertMachine.vm_prices_certifying_merge_leaves_others_free	unique_suffix
monograph/monograph.tex	4673	latex_code	a2\_iff\_nonnegative\_amortized\_cost	a2_iff_nonnegative_amortized_cost	proof	Theorem	Kernel.CostSemanticsComparison.a2_iff_nonnegative_amortized_cost	unique_suffix
monograph/monograph.tex	4673	latex_code	flips\_le\_cost	flips_le_cost	proof	Theorem	Kernel.CostFrameworks.flips_le_cost	unique_suffix
monograph/monograph.tex	4673	latex_code	universal\_nfi\_any\_substrate	universal_nfi_any_substrate	proof	Theorem	Kernel.UniversalCertificationCost.universal_nfi_any_substrate	unique_suffix
monograph/monograph.tex	4674	latex_code	a2\_from\_merging\_price\_and\_permanence	a2_from_merging_price_and_permanence	proof	Theorem	Kernel.PermanentCertification.a2_from_merging_price_and_permanence	unique_suffix
monograph/monograph.tex	4674	latex_code	forced\_priced\_iff\_merges	forced_priced_iff_merges	proof	Theorem	Kernel.PermanentRecordPricing.forced_priced_iff_merges	unique_suffix
monograph/monograph.tex	4674	latex_code	run\_narrowing\_priced\_log	run_narrowing_priced_log	proof	Theorem	Kernel.KnowledgeNarrowing.run_narrowing_priced_log	unique_suffix
monograph/monograph.tex	4675	latex_code	uniqueness\_round4\_holds	uniqueness_round4_holds	proof	Theorem	Kernel.StructuralRecordAxis.uniqueness_round4_holds	unique_suffix
monograph/monograph.tex	4676	latex_code	shadow\_cannot\_price\_exactly	shadow_cannot_price_exactly	proof	Theorem	Kernel.ShadowPricing.shadow_cannot_price_exactly	unique_suffix
monograph/monograph.tex	4713	latex_code	Ecosystem	Ecosystem	nonproof	Record		Record@coq/kernel/frontier/PointerObservable.v:76
monograph/monograph.tex	4713	latex_code	PointerObservable.v	PointerObservable.v	nonproof	nonproof_token		excluded_nonproof_token
monograph/monograph.tex	4713	latex_code	pointer\_criterion\_holds	pointer_criterion_holds	nonproof	Definition		Definition@coq/kernel/frontier/PointerObservable.v:118
monograph/monograph.tex	4713	latex_code	records	records	nonproof	Definition		Definition@coq/kernel/frontier/PointerObservable.v:84
monograph/monograph.tex	4713	latex_code	redundantly\_proliferating	redundantly_proliferating	nonproof	Definition		Definition@coq/kernel/frontier/PointerObservable.v:90
monograph/monograph.tex	4713	latex_code	unique\_pointer\_among	unique_pointer_among	nonproof	Definition		Definition@coq/kernel/frontier/PointerObservable.v:100
monograph/monograph.tex	4715	latex_code	PointerObservableReductions.v	PointerObservableReductions.v	nonproof	nonproof_token		excluded_nonproof_token
monograph/monograph.tex	4715	latex_code	five\_labeled\_models\_have\_selected\_pointer	five_labeled_models_have_selected_pointer	proof	Theorem	Kernel.PointerObservableReductions.five_labeled_models_have_selected_pointer	unique_suffix
monograph/monograph.tex	4719	latex_code	PointerObservableCounterexamples.v	PointerObservableCounterexamples.v	nonproof	nonproof_token		excluded_nonproof_token
monograph/monograph.tex	4723	latex_code	V\_does\_not\_factor\_through\_classical	V_does_not_factor_through_classical	proof	Theorem	VerifierExhaustiveness.V_does_not_factor_through_classical	unique_suffix
monograph/monograph.tex	4744	latex_code	Print Assumptions	Assumptions	nonproof	nonproof_token		excluded_nonproof_token
monograph/monograph.tex	4744	latex_code	Print Assumptions	Print	nonproof	nonproof_token		excluded_nonproof_token
monograph/monograph.tex	4744	latex_code	chsh\_lassert\_no\_trap\_implies\_npa\_psd	chsh_lassert_no_trap_implies_npa_psd	proof	Theorem	Kernel.QuantumPartitionPSD.chsh_lassert_no_trap_implies_npa_psd	unique_suffix
monograph/monograph.tex	4744	latex_code	sig\_forall\_dec	sig_forall_dec	nonproof	nonproof_token		excluded_nonproof_token
monograph/monograph.tex	4744	latex_code	sig\_not\_dec	sig_not_dec	nonproof	nonproof_token		excluded_nonproof_token
monograph/monograph.tex	4746	latex_code	forget	forget	nonproof	Definition		Definition@coq/kernel/witness/BlindnessRepresentation.v:51
monograph/monograph.tex	4750	latex_code	CertificationSystem	CertificationSystem	nonproof	Record		Record@coq/kernel/nfi/UniversalCertificationCost.v:30
monograph/monograph.tex	4750	latex_code	nat	nat	nonproof	nonproof_token		excluded_nonproof_token
monograph/monograph.tex	4750	latex_code	nat\_admits	nat_admits	nonproof	Definition		Definition@coq/kernel/foundation/NatSubstrateInstance.v:179
monograph/monograph.tex	4843	latex_code	vm\_apply	vm_apply	nonproof	Definition		Definition@coq/ThieleMachineComplete.v:3534;Definition@coq/kernel/foundation/SimulationProof.v:262
monograph/monograph.tex	4853	latex_code	thiele\_trace\_fold\_initial	thiele_trace_fold_initial	proof	Theorem	Kernel.ThieleInitiality.thiele_trace_fold_initial	unique_suffix
monograph/monograph.tex	4893	latex_code	-nodsp	nodsp	nonproof	nonproof_token		excluded_nonproof_token
monograph/monograph.tex	4917	latex_code	error\_free\_preservation\_budget	error_free_preservation_budget	nonproof	Definition		Definition@coq/kernel/mu_calculus/MuComplexity.v:44
monograph/monograph.tex	4917	latex_code	positive\_input\_certification\_budget	positive_input_certification_budget	nonproof	Definition		Definition@coq/kernel/mu_calculus/MuComplexity.v:62
monograph/monograph.tex	4930	latex_code	AbstractCertMachine	AbstractCertMachine	nonproof	Record		Record@coq/kernel/nfi/AbstractNoFI.v:74
monograph/monograph.tex	4930	latex_code	CertificationSystem	CertificationSystem	nonproof	Record		Record@coq/kernel/nfi/UniversalCertificationCost.v:30
monograph/monograph.tex	4930	latex_code	QuantitativeCertificationSystem	QuantitativeCertificationSystem	nonproof	Record		Record@coq/kernel/mu_calculus/QuantitativeNoFI.v:82
monograph/monograph.tex	4930	latex_code	abstract\_nfi	abstract_nfi	proof	Theorem	Kernel.AbstractNoFI.abstract_nfi	unique_suffix
monograph/monograph.tex	4930	latex_code	acm\_cert M s0 = false	M	nonproof	nonproof_token		excluded_nonproof_token
monograph/monograph.tex	4930	latex_code	acm\_cert M s0 = false	acm_cert	nonproof	nonproof_token		excluded_nonproof_token
monograph/monograph.tex	4930	latex_code	acm\_cert M s0 = false	false	nonproof	nonproof_token		excluded_nonproof_token
monograph/monograph.tex	4930	latex_code	acm\_cert M s0 = false	s0	nonproof	nonproof_token		excluded_nonproof_token
monograph/monograph.tex	4930	latex_code	acm\_preserve	acm_preserve	nonproof	nonproof_token		excluded_nonproof_token
monograph/monograph.tex	4930	latex_code	cert\_addr\_setter\_cost\_pos	cert_addr_setter_cost_pos	proof	Lemma	Kernel.AbstractNoFI.cert_addr_setter_cost_pos	unique_suffix
monograph/monograph.tex	4933	latex_code	AbstractCertMachine	AbstractCertMachine	nonproof	Record		Record@coq/kernel/nfi/AbstractNoFI.v:74
monograph/monograph.tex	4933	latex_code	AbstractCertMachine	AbstractCertMachine	nonproof	Record		Record@coq/kernel/nfi/AbstractNoFI.v:74
monograph/monograph.tex	4933	latex_code	S	S	nonproof	Definition		Definition@coq/kernel/quantum/BoxCHSH.v:55;Definition@coq/nofi/Instance_Kernel.v:40
monograph/monograph.tex	4933	latex_code	acm\_cert	acm_cert	nonproof	nonproof_token		excluded_nonproof_token
monograph/monograph.tex	4933	latex_code	acm\_cert : S $\to$ bool	S	nonproof	Definition		Definition@coq/kernel/quantum/BoxCHSH.v:55;Definition@coq/nofi/Instance_Kernel.v:40
monograph/monograph.tex	4933	latex_code	acm\_cert : S $\to$ bool	acm_cert	nonproof	nonproof_token		excluded_nonproof_token
monograph/monograph.tex	4933	latex_code	acm\_cert : S $\to$ bool	bool	nonproof	nonproof_token		excluded_nonproof_token
monograph/monograph.tex	4933	latex_code	acm\_cert : S $\to$ bool	to	nonproof	nonproof_token		excluded_nonproof_token
monograph/monograph.tex	4933	latex_code	acm\_step	acm_step	nonproof	nonproof_token		excluded_nonproof_token
monograph/monograph.tex	4935	latex_code	CertificationSystem	CertificationSystem	nonproof	Record		Record@coq/kernel/nfi/UniversalCertificationCost.v:30
monograph/monograph.tex	4935	latex_code	cs\_cert (cs\_step s i) = true	cs_cert	nonproof	nonproof_token		excluded_nonproof_token
monograph/monograph.tex	4935	latex_code	cs\_cert (cs\_step s i) = true	cs_step	nonproof	nonproof_token		excluded_nonproof_token
monograph/monograph.tex	4935	latex_code	cs\_cert (cs\_step s i) = true	i	nonproof	nonproof_token		excluded_nonproof_token
monograph/monograph.tex	4935	latex_code	cs\_cert (cs\_step s i) = true	s	nonproof	nonproof_token		excluded_nonproof_token
monograph/monograph.tex	4935	latex_code	cs\_cert (cs\_step s i) = true	true	nonproof	nonproof_token		excluded_nonproof_token
monograph/monograph.tex	4935	latex_code	cs\_cert s = false	cs_cert	nonproof	nonproof_token		excluded_nonproof_token
monograph/monograph.tex	4935	latex_code	cs\_cert s = false	false	nonproof	nonproof_token		excluded_nonproof_token
monograph/monograph.tex	4935	latex_code	cs\_cert s = false	s	nonproof	nonproof_token		excluded_nonproof_token
monograph/monograph.tex	4935	latex_code	cs\_cert\_costs	cs_cert_costs	nonproof	nonproof_token		excluded_nonproof_token
monograph/monograph.tex	4935	latex_code	cs\_cost i $\geq$ 1	cs_cost	nonproof	nonproof_token		excluded_nonproof_token
monograph/monograph.tex	4935	latex_code	cs\_cost i $\geq$ 1	geq	nonproof	nonproof_token		excluded_nonproof_token
monograph/monograph.tex	4935	latex_code	cs\_cost i $\geq$ 1	i	nonproof	nonproof_token		excluded_nonproof_token
monograph/monograph.tex	4935	latex_code	universal\_nfi\_any\_substrate	universal_nfi_any_substrate	proof	Theorem	Kernel.UniversalCertificationCost.universal_nfi_any_substrate	unique_suffix
monograph/monograph.tex	4937	latex_code	QuantitativeCertificationSystem	QuantitativeCertificationSystem	nonproof	Record		Record@coq/kernel/mu_calculus/QuantitativeNoFI.v:82
monograph/monograph.tex	4937	latex_code	acm\_preserve	acm_preserve	nonproof	nonproof_token		excluded_nonproof_token
monograph/monograph.tex	4937	latex_code	qcs\_cost\_bounds\_witness	qcs_cost_bounds_witness	nonproof	nonproof_token		excluded_nonproof_token
monograph/monograph.tex	4937	latex_code	qcs\_witness s + cs\_cost i $\geq$ qcs\_witness (cs\_step s i)	cs_cost	nonproof	nonproof_token		excluded_nonproof_token
monograph/monograph.tex	4937	latex_code	qcs\_witness s + cs\_cost i $\geq$ qcs\_witness (cs\_step s i)	cs_step	nonproof	nonproof_token		excluded_nonproof_token
monograph/monograph.tex	4937	latex_code	qcs\_witness s + cs\_cost i $\geq$ qcs\_witness (cs\_step s i)	geq	nonproof	nonproof_token		excluded_nonproof_token
monograph/monograph.tex	4937	latex_code	qcs\_witness s + cs\_cost i $\geq$ qcs\_witness (cs\_step s i)	i	nonproof	nonproof_token		excluded_nonproof_token
monograph/monograph.tex	4937	latex_code	qcs\_witness s + cs\_cost i $\geq$ qcs\_witness (cs\_step s i)	i	nonproof	nonproof_token		excluded_nonproof_token
monograph/monograph.tex	4937	latex_code	qcs\_witness s + cs\_cost i $\geq$ qcs\_witness (cs\_step s i)	qcs_witness	nonproof	nonproof_token		excluded_nonproof_token
monograph/monograph.tex	4937	latex_code	qcs\_witness s + cs\_cost i $\geq$ qcs\_witness (cs\_step s i)	qcs_witness	nonproof	nonproof_token		excluded_nonproof_token
monograph/monograph.tex	4937	latex_code	qcs\_witness s + cs\_cost i $\geq$ qcs\_witness (cs\_step s i)	s	nonproof	nonproof_token		excluded_nonproof_token
monograph/monograph.tex	4937	latex_code	qcs\_witness s + cs\_cost i $\geq$ qcs\_witness (cs\_step s i)	s	nonproof	nonproof_token		excluded_nonproof_token
monograph/monograph.tex	4939	latex_code	QuantitativeCertificationSystem	QuantitativeCertificationSystem	nonproof	Record		Record@coq/kernel/mu_calculus/QuantitativeNoFI.v:82
monograph/monograph.tex	4939	latex_code	QuantitativeCertificationSystem\_full	QuantitativeCertificationSystem_full	nonproof	Record		Record@coq/kernel/mu_calculus/QuantitativeNoFI.v:147
monograph/monograph.tex	4939	latex_code	qcs\_witness s $\leq$ qcs\_witness (cs\_step s i)	cs_step	nonproof	nonproof_token		excluded_nonproof_token
monograph/monograph.tex	4939	latex_code	qcs\_witness s $\leq$ qcs\_witness (cs\_step s i)	i	nonproof	nonproof_token		excluded_nonproof_token
monograph/monograph.tex	4939	latex_code	qcs\_witness s $\leq$ qcs\_witness (cs\_step s i)	leq	nonproof	nonproof_token		excluded_nonproof_token
monograph/monograph.tex	4939	latex_code	qcs\_witness s $\leq$ qcs\_witness (cs\_step s i)	qcs_witness	nonproof	nonproof_token		excluded_nonproof_token
monograph/monograph.tex	4939	latex_code	qcs\_witness s $\leq$ qcs\_witness (cs\_step s i)	qcs_witness	nonproof	nonproof_token		excluded_nonproof_token
monograph/monograph.tex	4939	latex_code	qcs\_witness s $\leq$ qcs\_witness (cs\_step s i)	s	nonproof	nonproof_token		excluded_nonproof_token
monograph/monograph.tex	4939	latex_code	qcs\_witness s $\leq$ qcs\_witness (cs\_step s i)	s	nonproof	nonproof_token		excluded_nonproof_token
monograph/monograph.tex	4939	latex_code	qcsf\_witness\_nondecreasing	qcsf_witness_nondecreasing	nonproof	nonproof_token		excluded_nonproof_token
monograph/monograph.tex	4941	latex_code	QuantitativeCertificationSystem	QuantitativeCertificationSystem	nonproof	Record		Record@coq/kernel/mu_calculus/QuantitativeNoFI.v:82
monograph/monograph.tex	4941	latex_code	cs\_cert s = true $\to$ qcs\_witness s $\geq$ qcs\_threshold	cs_cert	nonproof	nonproof_token		excluded_nonproof_token
monograph/monograph.tex	4941	latex_code	cs\_cert s = true $\to$ qcs\_witness s $\geq$ qcs\_threshold	geq	nonproof	nonproof_token		excluded_nonproof_token
monograph/monograph.tex	4941	latex_code	cs\_cert s = true $\to$ qcs\_witness s $\geq$ qcs\_threshold	qcs_threshold	nonproof	nonproof_token		excluded_nonproof_token
monograph/monograph.tex	4941	latex_code	cs\_cert s = true $\to$ qcs\_witness s $\geq$ qcs\_threshold	qcs_witness	nonproof	nonproof_token		excluded_nonproof_token
monograph/monograph.tex	4941	latex_code	cs\_cert s = true $\to$ qcs\_witness s $\geq$ qcs\_threshold	s	nonproof	nonproof_token		excluded_nonproof_token
monograph/monograph.tex	4941	latex_code	cs\_cert s = true $\to$ qcs\_witness s $\geq$ qcs\_threshold	s	nonproof	nonproof_token		excluded_nonproof_token
monograph/monograph.tex	4941	latex_code	cs\_cert s = true $\to$ qcs\_witness s $\geq$ qcs\_threshold	to	nonproof	nonproof_token		excluded_nonproof_token
monograph/monograph.tex	4941	latex_code	cs\_cert s = true $\to$ qcs\_witness s $\geq$ qcs\_threshold	true	nonproof	nonproof_token		excluded_nonproof_token
monograph/monograph.tex	4941	latex_code	qcs\_cert\_threshold\_witness	qcs_cert_threshold_witness	nonproof	nonproof_token		excluded_nonproof_token
monograph/monograph.tex	4941	latex_code	qcs\_threshold	qcs_threshold	nonproof	nonproof_token		excluded_nonproof_token
monograph/monograph.tex	4943	latex_code	initial witness	initial	nonproof	nonproof_token		excluded_nonproof_token
monograph/monograph.tex	4943	latex_code	initial witness	witness	nonproof	nonproof_token		excluded_nonproof_token
monograph/monograph.tex	4946	latex_code	CertificationSystem	CertificationSystem	nonproof	Record		Record@coq/kernel/nfi/UniversalCertificationCost.v:30
monograph/monograph.tex	4946	latex_code	Substrate	Substrate	nonproof	Class		Class@coq/kernel/foundation/Substrate.v:54
monograph/monograph.tex	4946	latex_code	Substrate.mu\_monotone	Substrate.mu_monotone	nonproof	nonproof_token		excluded_nonproof_token
monograph/monograph.tex	4946	latex_code	csr\_cert\_addr	csr_cert_addr	nonproof	nonproof_token		excluded_nonproof_token
monograph/monograph.tex	4946	latex_code	no\_free\_certification	no_free_certification	proof	Theorem	Kernel.AbstractNoFI.no_free_certification	unique_suffix
monograph/monograph.tex	4946	latex_code	vm\_certified	vm_certified	nonproof	nonproof_token		excluded_nonproof_token
monograph/thiele_machine_math_spec.tex	60	latex_code	CertificationSystem	CertificationSystem	nonproof	Record		Record@coq/kernel/nfi/UniversalCertificationCost.v:30
monograph/thiele_machine_math_spec.tex	60	latex_code	Substrate	Substrate	nonproof	Class		Class@coq/kernel/foundation/Substrate.v:54
monograph/thiele_machine_math_spec.tex	71	latex_code	column\_\allowbreak{}contractive\_\allowbreak{}iff\_\allowbreak{}npa\_\allowbreak{}psd	column_contractive_iff_npa_psd	proof	Corollary	Kernel.QuantumPartitionPSD.column_contractive_iff_npa_psd	unique_suffix
monograph/thiele_machine_math_spec.tex	73	latex_code	A\_\allowbreak{}QM	A_QM	nonproof	nonproof_token		excluded_nonproof_token
monograph/thiele_machine_math_spec.tex	73	latex_code	bsc\_\allowbreak{}kami\_\allowbreak{}compilation\_\allowbreak{}trusted	bsc_kami_compilation_trusted	nonproof	Definition		Definition@coq/kernel/hardware_bridge/VerilogRTLCorrespondence.v:68
monograph/thiele_machine_math_spec.tex	133	latex_code	S	S	nonproof	Definition		Definition@coq/kernel/quantum/BoxCHSH.v:55;Definition@coq/nofi/Instance_Kernel.v:40
monograph/thiele_machine_math_spec.tex	171	latex_code	CERTIFY	CERTIFY	nonproof	nonproof_token		excluded_nonproof_token
monograph/thiele_machine_math_spec.tex	172	latex_code	CERTIFY	CERTIFY	nonproof	nonproof_token		excluded_nonproof_token
monograph/thiele_machine_math_spec.tex	176	latex_code	irreversible\_\allowbreak{}bits	irreversible_bits	nonproof	Definition		Definition@coq/kernel/foundation/MuLedgerConservation.v:203;Definition@coq/kernel/nfi/LandauerDerivation.v:211
monograph/thiele_machine_math_spec.tex	179	latex_code	has\_structure\_addition	has_structure_addition	nonproof	Definition		Definition@coq/ThieleMachineComplete.v:5412;Definition@coq/kernel/nfi/NoFreeInsight.v:242
monograph/thiele_machine_math_spec.tex	181	latex_code	coq/kernel/nfi/NoFreeInsight.v	NoFreeInsight.v	nonproof	nonproof_token		excluded_nonproof_token
monograph/thiele_machine_math_spec.tex	181	latex_code	coq/kernel/nfi/NoFreeInsight.v	coq	nonproof	nonproof_token		excluded_nonproof_token
monograph/thiele_machine_math_spec.tex	181	latex_code	coq/kernel/nfi/NoFreeInsight.v	kernel	nonproof	nonproof_token		excluded_nonproof_token
monograph/thiele_machine_math_spec.tex	181	latex_code	coq/kernel/nfi/NoFreeInsight.v	nfi	nonproof	nonproof_token		excluded_nonproof_token
monograph/thiele_machine_math_spec.tex	191	latex_code	nodup Nat.eq\_\allowbreak{}dec	Nat.eq_dec	nonproof	nonproof_token		excluded_nonproof_token
monograph/thiele_machine_math_spec.tex	191	latex_code	nodup Nat.eq\_\allowbreak{}dec	nodup	nonproof	nonproof_token		excluded_nonproof_token
monograph/thiele_machine_math_spec.tex	191	latex_code	sorted(set(region))	region	nonproof	nonproof_token		excluded_nonproof_token
monograph/thiele_machine_math_spec.tex	191	latex_code	sorted(set(region))	set	nonproof	nonproof_token		excluded_nonproof_token
monograph/thiele_machine_math_spec.tex	191	latex_code	sorted(set(region))	sorted	nonproof	nonproof_token		excluded_nonproof_token
monograph/thiele_machine_math_spec.tex	211	latex_code	MEM\_\allowbreak{}SIZE	MEM_SIZE	nonproof	Definition		Definition@coq/ThieleMachineComplete.v:1645;Definition@coq/kernel/foundation/VMState.v:1732
monograph/thiele_machine_math_spec.tex	211	latex_code	MEM\_\allowbreak{}SIZE	MEM_SIZE	nonproof	Definition		Definition@coq/ThieleMachineComplete.v:1645;Definition@coq/kernel/foundation/VMState.v:1732
monograph/thiele_machine_math_spec.tex	211	latex_code	MEM\_\allowbreak{}SIZE	MEM_SIZE	nonproof	Definition		Definition@coq/ThieleMachineComplete.v:1645;Definition@coq/kernel/foundation/VMState.v:1732
monograph/thiele_machine_math_spec.tex	211	latex_code	REG\_\allowbreak{}COUNT	REG_COUNT	nonproof	Definition		Definition@coq/ThieleMachineComplete.v:1644;Definition@coq/kernel/foundation/VMState.v:1731
monograph/thiele_machine_math_spec.tex	211	latex_code	REG\_\allowbreak{}COUNT	REG_COUNT	nonproof	Definition		Definition@coq/ThieleMachineComplete.v:1644;Definition@coq/kernel/foundation/VMState.v:1731
monograph/thiele_machine_math_spec.tex	211	latex_code	REG\_\allowbreak{}COUNT	REG_COUNT	nonproof	Definition		Definition@coq/ThieleMachineComplete.v:1644;Definition@coq/kernel/foundation/VMState.v:1731
monograph/thiele_machine_math_spec.tex	211	latex_code	vm\_\allowbreak{}certified	vm_certified	nonproof	nonproof_token		excluded_nonproof_token
monograph/thiele_machine_math_spec.tex	211	latex_code	vm\_\allowbreak{}witness	vm_witness	nonproof	nonproof_token		excluded_nonproof_token
monograph/thiele_machine_math_spec.tex	211	latex_code	wc\_\allowbreak{}diff\_\allowbreak{}ab	wc_diff_ab	nonproof	nonproof_token		excluded_nonproof_token
monograph/thiele_machine_math_spec.tex	211	latex_code	wc\_\allowbreak{}same\_\allowbreak{}ab	wc_same_ab	nonproof	nonproof_token		excluded_nonproof_token
monograph/thiele_machine_math_spec.tex	222	latex_code	Axiom	Axiom	nonproof	nonproof_token		excluded_nonproof_token
monograph/thiele_machine_math_spec.tex	226	latex_code	CertificationSystem	CertificationSystem	nonproof	Record		Record@coq/kernel/nfi/UniversalCertificationCost.v:30
monograph/thiele_machine_math_spec.tex	246	latex_code	cs\_\allowbreak{}cert\_\allowbreak{}costs	cs_cert_costs	nonproof	nonproof_token		excluded_nonproof_token
monograph/thiele_machine_math_spec.tex	261	latex_code	universal\_\allowbreak{}nfi\_\allowbreak{}any\_\allowbreak{}substrate	universal_nfi_any_substrate	proof	Theorem	Kernel.UniversalCertificationCost.universal_nfi_any_substrate	unique_suffix
monograph/thiele_machine_math_spec.tex	265	latex_code	QuantitativeCertificationSystem	QuantitativeCertificationSystem	nonproof	Record		Record@coq/kernel/mu_calculus/QuantitativeNoFI.v:82
monograph/thiele_machine_math_spec.tex	275	latex_code	qcs\_\allowbreak{}cost\_\allowbreak{}bounds\_\allowbreak{}witness	qcs_cost_bounds_witness	nonproof	nonproof_token		excluded_nonproof_token
monograph/thiele_machine_math_spec.tex	278	latex_code	qcs\_\allowbreak{}cert\_\allowbreak{}threshold\_\allowbreak{}witness	qcs_cert_threshold_witness	nonproof	nonproof_token		excluded_nonproof_token
monograph/thiele_machine_math_spec.tex	292	latex_code	AbstractCertMachine	AbstractCertMachine	nonproof	Record		Record@coq/kernel/nfi/AbstractNoFI.v:74
monograph/thiele_machine_math_spec.tex	296	latex_code	CertificationSystem	CertificationSystem	nonproof	Record		Record@coq/kernel/nfi/UniversalCertificationCost.v:30
monograph/thiele_machine_math_spec.tex	297	latex_code	AbstractCertMachine	AbstractCertMachine	nonproof	Record		Record@coq/kernel/nfi/AbstractNoFI.v:74
monograph/thiele_machine_math_spec.tex	306	latex_code	PNEW	PNEW	nonproof	nonproof_token		excluded_nonproof_token
monograph/thiele_machine_math_spec.tex	307	latex_code	PSPLIT	PSPLIT	nonproof	nonproof_token		excluded_nonproof_token
monograph/thiele_machine_math_spec.tex	308	latex_code	PMERGE	PMERGE	nonproof	nonproof_token		excluded_nonproof_token
monograph/thiele_machine_math_spec.tex	309	latex_code	PDISCOVER	PDISCOVER	nonproof	nonproof_token		excluded_nonproof_token
monograph/thiele_machine_math_spec.tex	310	latex_code	MDLACC	MDLACC	nonproof	nonproof_token		excluded_nonproof_token
monograph/thiele_machine_math_spec.tex	316	latex_code	LASSERT	LASSERT	nonproof	nonproof_token		excluded_nonproof_token
monograph/thiele_machine_math_spec.tex	316	latex_code	R[creg]	R	nonproof	nonproof_token		excluded_nonproof_token
monograph/thiele_machine_math_spec.tex	316	latex_code	R[creg]	creg	nonproof	nonproof_token		excluded_nonproof_token
monograph/thiele_machine_math_spec.tex	316	latex_code	R[freg]	R	nonproof	nonproof_token		excluded_nonproof_token
monograph/thiele_machine_math_spec.tex	316	latex_code	R[freg]	freg	nonproof	nonproof_token		excluded_nonproof_token
monograph/thiele_machine_math_spec.tex	316	latex_code	vm\_\allowbreak{}mem	vm_mem	nonproof	nonproof_token		excluded_nonproof_token
monograph/thiele_machine_math_spec.tex	316	latex_code	vm\_\allowbreak{}mem	vm_mem	nonproof	nonproof_token		excluded_nonproof_token
monograph/thiele_machine_math_spec.tex	317	latex_code	LJOIN	LJOIN	nonproof	nonproof_token		excluded_nonproof_token
monograph/thiele_machine_math_spec.tex	318	latex_code	REVEAL	REVEAL	nonproof	nonproof_token		excluded_nonproof_token
monograph/thiele_machine_math_spec.tex	319	latex_code	EMIT	EMIT	nonproof	nonproof_token		excluded_nonproof_token
monograph/thiele_machine_math_spec.tex	325	latex_code	XFER	XFER	nonproof	nonproof_token		excluded_nonproof_token
monograph/thiele_machine_math_spec.tex	326	latex_code	XOR\_\allowbreak{}LOAD	XOR_LOAD	nonproof	nonproof_token		excluded_nonproof_token
monograph/thiele_machine_math_spec.tex	327	latex_code	XOR\_\allowbreak{}ADD	XOR_ADD	nonproof	nonproof_token		excluded_nonproof_token
monograph/thiele_machine_math_spec.tex	328	latex_code	XOR\_\allowbreak{}SWAP	XOR_SWAP	nonproof	nonproof_token		excluded_nonproof_token
monograph/thiele_machine_math_spec.tex	329	latex_code	XOR\_\allowbreak{}RANK	XOR_RANK	nonproof	nonproof_token		excluded_nonproof_token
monograph/thiele_machine_math_spec.tex	334	latex_code	LOAD\_\allowbreak{}IMM	LOAD_IMM	nonproof	nonproof_token		excluded_nonproof_token
monograph/thiele_machine_math_spec.tex	335	latex_code	LOAD	LOAD	nonproof	nonproof_token		excluded_nonproof_token
monograph/thiele_machine_math_spec.tex	336	latex_code	STORE	STORE	nonproof	nonproof_token		excluded_nonproof_token
monograph/thiele_machine_math_spec.tex	337	latex_code	ADD	ADD	nonproof	nonproof_token		excluded_nonproof_token
monograph/thiele_machine_math_spec.tex	338	latex_code	SUB	SUB	nonproof	nonproof_token		excluded_nonproof_token
monograph/thiele_machine_math_spec.tex	339	latex_code	JUMP	JUMP	nonproof	nonproof_token		excluded_nonproof_token
monograph/thiele_machine_math_spec.tex	340	latex_code	JNEZ	JNEZ	nonproof	nonproof_token		excluded_nonproof_token
monograph/thiele_machine_math_spec.tex	341	latex_code	CALL	CALL	nonproof	nonproof_token		excluded_nonproof_token
monograph/thiele_machine_math_spec.tex	342	latex_code	RET	RET	nonproof	nonproof_token		excluded_nonproof_token
monograph/thiele_machine_math_spec.tex	347	latex_code	CHSH\_\allowbreak{}TRIAL	CHSH_TRIAL	nonproof	nonproof_token		excluded_nonproof_token
monograph/thiele_machine_math_spec.tex	348	latex_code	CHECKPOINT	CHECKPOINT	nonproof	nonproof_token		excluded_nonproof_token
monograph/thiele_machine_math_spec.tex	349	latex_code	READ\_\allowbreak{}PORT	READ_PORT	nonproof	nonproof_token		excluded_nonproof_token
monograph/thiele_machine_math_spec.tex	350	latex_code	WRITE\_\allowbreak{}PORT	WRITE_PORT	nonproof	nonproof_token		excluded_nonproof_token
monograph/thiele_machine_math_spec.tex	351	latex_code	HEAP\_\allowbreak{}LOAD	HEAP_LOAD	nonproof	nonproof_token		excluded_nonproof_token
monograph/thiele_machine_math_spec.tex	352	latex_code	HEAP\_\allowbreak{}STORE	HEAP_STORE	nonproof	nonproof_token		excluded_nonproof_token
monograph/thiele_machine_math_spec.tex	353	latex_code	HALT	HALT	nonproof	nonproof_token		excluded_nonproof_token
monograph/thiele_machine_math_spec.tex	359	latex_code	MORPH	MORPH	nonproof	nonproof_token		excluded_nonproof_token
monograph/thiele_machine_math_spec.tex	359	latex_code	regs	regs	nonproof	nonproof_token		excluded_nonproof_token
monograph/thiele_machine_math_spec.tex	360	latex_code	COMPOSE	COMPOSE	nonproof	nonproof_token		excluded_nonproof_token
monograph/thiele_machine_math_spec.tex	361	latex_code	MORPH\_\allowbreak{}ID	MORPH_ID	nonproof	nonproof_token		excluded_nonproof_token
monograph/thiele_machine_math_spec.tex	362	latex_code	MORPH\_\allowbreak{}DELETE	MORPH_DELETE	nonproof	nonproof_token		excluded_nonproof_token
monograph/thiele_machine_math_spec.tex	363	latex_code	MORPH\_\allowbreak{}ASSERT	MORPH_ASSERT	nonproof	nonproof_token		excluded_nonproof_token
monograph/thiele_machine_math_spec.tex	364	latex_code	MORPH\_\allowbreak{}TENSOR	MORPH_TENSOR	nonproof	nonproof_token		excluded_nonproof_token
monograph/thiele_machine_math_spec.tex	365	latex_code	MORPH\_\allowbreak{}GET	MORPH_GET	nonproof	nonproof_token		excluded_nonproof_token
monograph/thiele_machine_math_spec.tex	370	latex_code	CERTIFY	CERTIFY	nonproof	nonproof_token		excluded_nonproof_token
monograph/thiele_machine_math_spec.tex	370	latex_code	CHSH\_\allowbreak{}LASSERT	CHSH_LASSERT	nonproof	nonproof_token		excluded_nonproof_token
monograph/thiele_machine_math_spec.tex	370	latex_code	CHSH\_\allowbreak{}TRIAL	CHSH_TRIAL	nonproof	nonproof_token		excluded_nonproof_token
monograph/thiele_machine_math_spec.tex	370	latex_code	REVEAL	REVEAL	nonproof	nonproof_token		excluded_nonproof_token
monograph/thiele_machine_math_spec.tex	370	latex_code	instruction\_\allowbreak{}cost	instruction_cost	nonproof	Definition		Definition@coq/ThieleMachineComplete.v:2319;Definition@coq/kernel/foundation/VMStep.v:231
monograph/thiele_machine_math_spec.tex	373	latex_code	apply\_\allowbreak{}cost	apply_cost	nonproof	Definition		Definition@coq/ThieleMachineComplete.v:2443;Definition@coq/kernel/foundation/VMStep.v:378
monograph/thiele_machine_math_spec.tex	373	latex_code	instruction\_\allowbreak{}cost	instruction_cost	nonproof	Definition		Definition@coq/ThieleMachineComplete.v:2319;Definition@coq/kernel/foundation/VMStep.v:231
monograph/thiele_machine_math_spec.tex	373	latex_code	instruction\_\allowbreak{}cost	instruction_cost	nonproof	Definition		Definition@coq/ThieleMachineComplete.v:2319;Definition@coq/kernel/foundation/VMStep.v:231
monograph/thiele_machine_math_spec.tex	375	latex_code	CERTIFY	CERTIFY	nonproof	nonproof_token		excluded_nonproof_token
monograph/thiele_machine_math_spec.tex	375	latex_code	CHSH\_\allowbreak{}LASSERT	CHSH_LASSERT	nonproof	nonproof_token		excluded_nonproof_token
monograph/thiele_machine_math_spec.tex	375	latex_code	EMIT	EMIT	nonproof	nonproof_token		excluded_nonproof_token
monograph/thiele_machine_math_spec.tex	375	latex_code	LASSERT	LASSERT	nonproof	nonproof_token		excluded_nonproof_token
monograph/thiele_machine_math_spec.tex	375	latex_code	LJOIN	LJOIN	nonproof	nonproof_token		excluded_nonproof_token
monograph/thiele_machine_math_spec.tex	375	latex_code	MORPH\_\allowbreak{}ASSERT	MORPH_ASSERT	nonproof	nonproof_token		excluded_nonproof_token
monograph/thiele_machine_math_spec.tex	375	latex_code	READ\_\allowbreak{}PORT	READ_PORT	nonproof	nonproof_token		excluded_nonproof_token
monograph/thiele_machine_math_spec.tex	375	latex_code	REVEAL	REVEAL	nonproof	nonproof_token		excluded_nonproof_token
monograph/thiele_machine_math_spec.tex	378	latex_code	joint\_\allowbreak{}floor\_\allowbreak{}is\_\allowbreak{}least	joint_floor_is_least	proof	Theorem	Kernel.ObservationPolicy.joint_floor_is_least	unique_suffix
monograph/thiele_machine_math_spec.tex	381	latex_code	CERTIFY	CERTIFY	nonproof	nonproof_token		excluded_nonproof_token
monograph/thiele_machine_math_spec.tex	384	latex_code	CERTIFY	CERTIFY	nonproof	nonproof_token		excluded_nonproof_token
monograph/thiele_machine_math_spec.tex	387	latex_code	CERTIFY	CERTIFY	nonproof	nonproof_token		excluded_nonproof_token
monograph/thiele_machine_math_spec.tex	387	latex_code	instr\_\allowbreak{}certify	instr_certify	nonproof	nonproof_token		excluded_nonproof_token
monograph/thiele_machine_math_spec.tex	388	latex_code	CERTIFY	CERTIFY	nonproof	nonproof_token		excluded_nonproof_token
monograph/thiele_machine_math_spec.tex	396	latex_code	VMStep.v	VMStep.v	nonproof	nonproof_token		excluded_nonproof_token
monograph/thiele_machine_math_spec.tex	400	latex_code	CERTIFY	CERTIFY	nonproof	nonproof_token		excluded_nonproof_token
monograph/thiele_machine_math_spec.tex	406	latex_code	LASSERT	LASSERT	nonproof	nonproof_token		excluded_nonproof_token
monograph/thiele_machine_math_spec.tex	416	latex_code	MORPH\_\allowbreak{}ASSERT	MORPH_ASSERT	nonproof	nonproof_token		excluded_nonproof_token
monograph/thiele_machine_math_spec.tex	417	latex_code	CHSH\_\allowbreak{}LASSERT	CHSH_LASSERT	nonproof	nonproof_token		excluded_nonproof_token
monograph/thiele_machine_math_spec.tex	417	latex_code	column\_\allowbreak{}contractive\_\allowbreak{}check\_\allowbreak{}witness	column_contractive_check_witness	nonproof	Definition		Definition@coq/ThieleMachineComplete.v:2519;Definition@coq/kernel/foundation/VMStep.v:627
monograph/thiele_machine_math_spec.tex	445	latex_code	init\_\allowbreak{}state	init_state	nonproof	Definition		Definition@coq/ThieleMachineComplete.v:5464;Definition@coq/kernel/mu_calculus/MuInitiality.v:34
monograph/thiele_machine_math_spec.tex	449	latex_code	trace\_\allowbreak{}descent\_\allowbreak{}unique\_\allowbreak{}value\_\allowbreak{}iff	trace_descent_unique_value_iff	proof	Theorem	Kernel.TraceStateDescent.trace_descent_unique_value_iff	unique_suffix
monograph/thiele_machine_math_spec.tex	453	latex_code	reachable\_\allowbreak{}simulation\_\allowbreak{}exists\_\allowbreak{}iff	reachable_simulation_exists_iff	proof	Theorem	Kernel.TraceStateDescent.reachable_simulation_exists_iff	unique_suffix
monograph/thiele_machine_math_spec.tex	453	latex_code	reachable\_\allowbreak{}simulation\_\allowbreak{}unique	reachable_simulation_unique	proof	Theorem	Kernel.TraceStateDescent.reachable_simulation_unique	unique_suffix
monograph/thiele_machine_math_spec.tex	456	latex_code	JUMP 0 0	JUMP	nonproof	nonproof_token		excluded_nonproof_token
monograph/thiele_machine_math_spec.tex	464	latex_code	R[cert\_\allowbreak{}addr\_\allowbreak{}reg]	R	nonproof	nonproof_token		excluded_nonproof_token
monograph/thiele_machine_math_spec.tex	464	latex_code	R[cert\_\allowbreak{}addr\_\allowbreak{}reg]	cert_addr_reg	nonproof	nonproof_token		excluded_nonproof_token
monograph/thiele_machine_math_spec.tex	464	latex_code	R[formula\_\allowbreak{}addr\_\allowbreak{}reg]	R	nonproof	nonproof_token		excluded_nonproof_token
monograph/thiele_machine_math_spec.tex	464	latex_code	R[formula\_\allowbreak{}addr\_\allowbreak{}reg]	formula_addr_reg	nonproof	nonproof_token		excluded_nonproof_token
monograph/thiele_machine_math_spec.tex	464	latex_code	VMStep.v	VMStep.v	nonproof	nonproof_token		excluded_nonproof_token
monograph/thiele_machine_math_spec.tex	464	latex_code	cert\_\allowbreak{}kind = false	cert_kind	nonproof	nonproof_token		excluded_nonproof_token
monograph/thiele_machine_math_spec.tex	464	latex_code	cert\_\allowbreak{}kind = false	false	nonproof	nonproof_token		excluded_nonproof_token
monograph/thiele_machine_math_spec.tex	464	latex_code	cert\_\allowbreak{}kind = true	cert_kind	nonproof	nonproof_token		excluded_nonproof_token
monograph/thiele_machine_math_spec.tex	464	latex_code	cert\_\allowbreak{}kind = true	true	nonproof	nonproof_token		excluded_nonproof_token
monograph/thiele_machine_math_spec.tex	464	latex_code	false	false	nonproof	nonproof_token		excluded_nonproof_token
monograph/thiele_machine_math_spec.tex	464	latex_code	formula\_\allowbreak{}len	formula_len	nonproof	nonproof_token		excluded_nonproof_token
monograph/thiele_machine_math_spec.tex	464	latex_code	lassert\_\allowbreak{}check\_\allowbreak{}ok	lassert_check_ok	nonproof	Definition		Definition@coq/ThieleMachineComplete.v:2473;Definition@coq/kernel/foundation/VMStep.v:1565
monograph/thiele_machine_math_spec.tex	464	latex_code	vm\_\allowbreak{}mem	vm_mem	nonproof	nonproof_token		excluded_nonproof_token
monograph/thiele_machine_math_spec.tex	464	latex_code	vm\_\allowbreak{}mem	vm_mem	nonproof	nonproof_token		excluded_nonproof_token
monograph/thiele_machine_math_spec.tex	491	latex_code	LASSERT	LASSERT	nonproof	nonproof_token		excluded_nonproof_token
monograph/thiele_machine_math_spec.tex	491	latex_code	REVEAL	REVEAL	nonproof	nonproof_token		excluded_nonproof_token
monograph/thiele_machine_math_spec.tex	497	latex_theorem_label	nfi	nfi	proof	Theorem	NoFI.NoFreeInsight_Theorem.NoFreeInsight.no_free_insight	label_proof
monograph/thiele_machine_math_spec.tex	503	latex_code	Admitted	Admitted	nonproof	nonproof_token		excluded_nonproof_token
monograph/thiele_machine_math_spec.tex	503	latex_code	Axiom	Axiom	nonproof	nonproof_token		excluded_nonproof_token
monograph/thiele_machine_math_spec.tex	503	latex_code	Axiom	Axiom	nonproof	nonproof_token		excluded_nonproof_token
monograph/thiele_machine_math_spec.tex	503	latex_code	NO\_\allowbreak{}FREE\_\allowbreak{}INSIGHT\_\allowbreak{}SYSTEM	NO_FREE_INSIGHT_SYSTEM	nonproof	nonproof_token		excluded_nonproof_token
monograph/thiele_machine_math_spec.tex	503	latex_code	NoFreeInsight\_\allowbreak{}Theorem.v	NoFreeInsight_Theorem.v	nonproof	nonproof_token		excluded_nonproof_token
monograph/thiele_machine_math_spec.tex	503	latex_code	certifies	certifies	nonproof	Definition		Definition@coq/nofi/Instance_Kernel.v:64
monograph/thiele_machine_math_spec.tex	517	latex_code	decoding\_\allowbreak{}requires\_\allowbreak{}fiber\_\allowbreak{}constancy	decoding_requires_fiber_constancy	proof	Theorem	Kernel.ObservationPolicy.decoding_requires_fiber_constancy	unique_suffix
monograph/thiele_machine_math_spec.tex	517	latex_code	selected\_\allowbreak{}representatives\_\allowbreak{}give\_\allowbreak{}decoder	selected_representatives_give_decoder	proof	Theorem	Kernel.ObservationPolicy.selected_representatives_give_decoder	unique_suffix
monograph/thiele_machine_math_spec.tex	521	latex_theorem_label	mu_ledger_necessity	mu_ledger_necessity	proof	Theorem	NecessityOfMuLedger.mu_ledger_necessity	explicit_binding
monograph/thiele_machine_math_spec.tex	524	latex_code	mem	mem	nonproof	nonproof_token		excluded_nonproof_token
monograph/thiele_machine_math_spec.tex	524	latex_code	pc	pc	nonproof	nonproof_token		excluded_nonproof_token
monograph/thiele_machine_math_spec.tex	524	latex_code	regs	regs	nonproof	nonproof_token		excluded_nonproof_token
monograph/thiele_machine_math_spec.tex	524	latex_code	turing\_\allowbreak{}ram\_\allowbreak{}mu\_\allowbreak{}necessity	turing_ram_mu_necessity	proof	Theorem	Kernel.NecessityAbstract.turing_ram_mu_necessity	explicit_binding
monograph/thiele_machine_math_spec.tex	525	latex_code	certified	certified	nonproof	nonproof_token		excluded_nonproof_token
monograph/thiele_machine_math_spec.tex	525	latex_code	mem	mem	nonproof	nonproof_token		excluded_nonproof_token
monograph/thiele_machine_math_spec.tex	525	latex_code	pc	pc	nonproof	nonproof_token		excluded_nonproof_token
monograph/thiele_machine_math_spec.tex	525	latex_code	regs	regs	nonproof	nonproof_token		excluded_nonproof_token
monograph/thiele_machine_math_spec.tex	525	latex_code	turing\_\allowbreak{}ram\_\allowbreak{}cert\_\allowbreak{}necessity	turing_ram_cert_necessity	proof	Theorem	Kernel.NecessityAbstract.turing_ram_cert_necessity	explicit_binding
monograph/thiele_machine_math_spec.tex	526	latex_code	certified	certified	nonproof	nonproof_token		excluded_nonproof_token
monograph/thiele_machine_math_spec.tex	526	latex_code	cost\_\allowbreak{}model\_\allowbreak{}cert\_\allowbreak{}necessity	cost_model_cert_necessity	proof	Theorem	Kernel.NecessityAbstract.cost_model_cert_necessity	explicit_binding
monograph/thiele_machine_math_spec.tex	526	latex_code	mem	mem	nonproof	nonproof_token		excluded_nonproof_token
monograph/thiele_machine_math_spec.tex	526	latex_code	pc	pc	nonproof	nonproof_token		excluded_nonproof_token
monograph/thiele_machine_math_spec.tex	526	latex_code	regs	regs	nonproof	nonproof_token		excluded_nonproof_token
monograph/thiele_machine_math_spec.tex	527	latex_code	cert\_\allowbreak{}model\_\allowbreak{}mu\_\allowbreak{}necessity	cert_model_mu_necessity	proof	Theorem	Kernel.NecessityAbstract.cert_model_mu_necessity	explicit_binding
monograph/thiele_machine_math_spec.tex	527	latex_code	certified	certified	nonproof	nonproof_token		excluded_nonproof_token
monograph/thiele_machine_math_spec.tex	527	latex_code	mem	mem	nonproof	nonproof_token		excluded_nonproof_token
monograph/thiele_machine_math_spec.tex	527	latex_code	pc	pc	nonproof	nonproof_token		excluded_nonproof_token
monograph/thiele_machine_math_spec.tex	527	latex_code	regs	regs	nonproof	nonproof_token		excluded_nonproof_token
monograph/thiele_machine_math_spec.tex	528	latex_code	certified	certified	nonproof	nonproof_token		excluded_nonproof_token
monograph/thiele_machine_math_spec.tex	528	latex_code	graph\_\allowbreak{}not\_\allowbreak{}recoverable\_\allowbreak{}from\_\allowbreak{}P\_\allowbreak{}full	graph_not_recoverable_from_P_full	proof	Theorem	Kernel.NecessityAbstract.graph_not_recoverable_from_P_full	unique_suffix
monograph/thiele_machine_math_spec.tex	528	latex_code	mem	mem	nonproof	nonproof_token		excluded_nonproof_token
monograph/thiele_machine_math_spec.tex	528	latex_code	pc	pc	nonproof	nonproof_token		excluded_nonproof_token
monograph/thiele_machine_math_spec.tex	528	latex_code	regs	regs	nonproof	nonproof_token		excluded_nonproof_token
monograph/thiele_machine_math_spec.tex	528	latex_code	vm\_\allowbreak{}graph	vm_graph	nonproof	nonproof_token		excluded_nonproof_token
monograph/thiele_machine_math_spec.tex	530	latex_code	mem	mem	nonproof	nonproof_token		excluded_nonproof_token
monograph/thiele_machine_math_spec.tex	530	latex_code	pc	pc	nonproof	nonproof_token		excluded_nonproof_token
monograph/thiele_machine_math_spec.tex	530	latex_code	regs	regs	nonproof	nonproof_token		excluded_nonproof_token
monograph/thiele_machine_math_spec.tex	530	latex_code	thiele\_\allowbreak{}state\_\allowbreak{}three\_\allowbreak{}component\_\allowbreak{}independence	thiele_state_three_component_independence	proof	Theorem	Kernel.NecessityAbstract.thiele_state_three_component_independence	unique_suffix
monograph/thiele_machine_math_spec.tex	530	latex_code	vm\_\allowbreak{}certified	vm_certified	nonproof	nonproof_token		excluded_nonproof_token
monograph/thiele_machine_math_spec.tex	530	latex_code	vm\_\allowbreak{}graph	vm_graph	nonproof	nonproof_token		excluded_nonproof_token
monograph/thiele_machine_math_spec.tex	532	latex_code	P\_\allowbreak{}full\_\allowbreak{}complete\_\allowbreak{}neither\_\allowbreak{}mu\_\allowbreak{}nor\_\allowbreak{}cert\_\allowbreak{}droppable	P_full_complete_neither_mu_nor_cert_droppable	proof	Corollary	Kernel.NecessityAbstract.P_full_complete_neither_mu_nor_cert_droppable	explicit_binding
monograph/thiele_machine_math_spec.tex	532	latex_code	certified	certified	nonproof	nonproof_token		excluded_nonproof_token
monograph/thiele_machine_math_spec.tex	532	latex_code	mem	mem	nonproof	nonproof_token		excluded_nonproof_token
monograph/thiele_machine_math_spec.tex	532	latex_code	pc	pc	nonproof	nonproof_token		excluded_nonproof_token
monograph/thiele_machine_math_spec.tex	532	latex_code	regs	regs	nonproof	nonproof_token		excluded_nonproof_token
monograph/thiele_machine_math_spec.tex	534	latex_code	CERTIFY 0	CERTIFY	nonproof	nonproof_token		excluded_nonproof_token
monograph/thiele_machine_math_spec.tex	534	latex_code	PNEW [] 0	PNEW	nonproof	nonproof_token		excluded_nonproof_token
monograph/thiele_machine_math_spec.tex	534	latex_code	mu\_\allowbreak{}ledger\_\allowbreak{}necessity\_\allowbreak{}universal	mu_ledger_necessity_universal	proof	Theorem	NecessityOfMuLedger.mu_ledger_necessity_universal	unique_suffix
monograph/thiele_machine_math_spec.tex	536	latex_code	po1\_\allowbreak{}trace\_\allowbreak{}necessity	po1_trace_necessity	proof	Theorem	NecessityOfMuLedger.po1_trace_necessity	unique_suffix
monograph/thiele_machine_math_spec.tex	540	latex_code	CERTIFY 0	CERTIFY	nonproof	nonproof_token		excluded_nonproof_token
monograph/thiele_machine_math_spec.tex	540	latex_code	PNEW [] 0	PNEW	nonproof	nonproof_token		excluded_nonproof_token
monograph/thiele_machine_math_spec.tex	540	latex_code	PartitionSeparation.v	PartitionSeparation.v	nonproof	nonproof_token		excluded_nonproof_token
monograph/thiele_machine_math_spec.tex	540	latex_code	categorical\_\allowbreak{}separation	categorical_separation	proof	Theorem	Kernel.PartitionSeparation.PartitionSeparation.categorical_separation	explicit_binding
monograph/thiele_machine_math_spec.tex	540	latex_code	mem	mem	nonproof	nonproof_token		excluded_nonproof_token
monograph/thiele_machine_math_spec.tex	540	latex_code	pc	pc	nonproof	nonproof_token		excluded_nonproof_token
monograph/thiele_machine_math_spec.tex	540	latex_code	pg\_\allowbreak{}morphisms	pg_morphisms	nonproof	nonproof_token		excluded_nonproof_token
monograph/thiele_machine_math_spec.tex	540	latex_code	regs	regs	nonproof	nonproof_token		excluded_nonproof_token
monograph/thiele_machine_math_spec.tex	540	latex_code	vm\_\allowbreak{}apply\_\allowbreak{}certify\_\allowbreak{}strict\_\allowbreak{}shadow	vm_apply_certify_strict_shadow	proof	Lemma	NecessityOfMuLedger.vm_apply_certify_strict_shadow	explicit_binding
monograph/thiele_machine_math_spec.tex	540	latex_code	vm\_\allowbreak{}apply\_\allowbreak{}pnew\_\allowbreak{}strict\_\allowbreak{}shadow	vm_apply_pnew_strict_shadow	proof	Lemma	NecessityOfMuLedger.vm_apply_pnew_strict_shadow	explicit_binding
monograph/thiele_machine_math_spec.tex	544	latex_theorem_label	latent_mu	latent_mu	proof	Theorem	NecessityOfMuLedger.shadow_mu_delta_universal	label_aggregate
monograph/thiele_machine_math_spec.tex	544	latex_theorem_label	latent_mu	latent_mu	proof	Theorem	NecessityOfMuLedger.shadow_mu_inevitable	label_aggregate
monograph/thiele_machine_math_spec.tex	544	latex_theorem_label	latent_mu	latent_mu	proof	Theorem	NecessityOfMuLedger.shadow_mu_is_computation_intrinsic	label_aggregate
monograph/thiele_machine_math_spec.tex	544	latex_theorem_label	latent_mu	latent_mu	proof	Theorem	NecessityOfMuLedger.shadow_mu_unique_accounting	label_aggregate
monograph/thiele_machine_math_spec.tex	548	latex_code	prog	prog	nonproof	nonproof_token		excluded_nonproof_token
monograph/thiele_machine_math_spec.tex	548	latex_code	shadow\_\allowbreak{}mu\_\allowbreak{}is\_\allowbreak{}computation\_\allowbreak{}intrinsic	shadow_mu_is_computation_intrinsic	proof	Theorem	NecessityOfMuLedger.shadow_mu_is_computation_intrinsic	unique_suffix
monograph/thiele_machine_math_spec.tex	550	latex_code	prog	prog	nonproof	nonproof_token		excluded_nonproof_token
monograph/thiele_machine_math_spec.tex	550	latex_code	prog	prog	nonproof	nonproof_token		excluded_nonproof_token
monograph/thiele_machine_math_spec.tex	550	latex_code	run\_\allowbreak{}instrs	run_instrs	nonproof	Fixpoint		Fixpoint@coq/NecessityOfMuLedger.v:661
monograph/thiele_machine_math_spec.tex	550	latex_code	trace\_\allowbreak{}total\_\allowbreak{}cost	trace_total_cost	nonproof	Fixpoint		Fixpoint@coq/ThieleMachineComplete.v:5508;Fixpoint@coq/kernel/mu_calculus/MuInitiality.v:131;Fixpoint@coq/self_reference/RefinementInvariant.v:44
monograph/thiele_machine_math_spec.tex	554	latex_code	shadow\_\allowbreak{}mu\_\allowbreak{}delta\_\allowbreak{}universal	shadow_mu_delta_universal	proof	Theorem	NecessityOfMuLedger.shadow_mu_delta_universal	unique_suffix
monograph/thiele_machine_math_spec.tex	556	latex_code	shadow\_\allowbreak{}mu\_\allowbreak{}unique\_\allowbreak{}accounting	shadow_mu_unique_accounting	proof	Theorem	NecessityOfMuLedger.shadow_mu_unique_accounting	unique_suffix
monograph/thiele_machine_math_spec.tex	556	latex_code	trace\_\allowbreak{}total\_\allowbreak{}cost	trace_total_cost	nonproof	Fixpoint		Fixpoint@coq/ThieleMachineComplete.v:5508;Fixpoint@coq/kernel/mu_calculus/MuInitiality.v:131;Fixpoint@coq/self_reference/RefinementInvariant.v:44
monograph/thiele_machine_math_spec.tex	558	latex_code	shadow\_\allowbreak{}mu\_\allowbreak{}inevitable	shadow_mu_inevitable	proof	Theorem	NecessityOfMuLedger.shadow_mu_inevitable	unique_suffix
monograph/thiele_machine_math_spec.tex	569	latex_code	partition\_\allowbreak{}structural\_\allowbreak{}ops\_\allowbreak{}not\_\allowbreak{}cert\_\allowbreak{}setters	partition_structural_ops_not_cert_setters	proof	Theorem	Kernel.PartitionRefinementNoFI.partition_structural_ops_not_cert_setters	unique_suffix
monograph/thiele_machine_math_spec.tex	570	latex_code	partition\_\allowbreak{}structural\_\allowbreak{}ops\_\allowbreak{}can\_\allowbreak{}be\_\allowbreak{}free	partition_structural_ops_can_be_free	proof	Theorem	Kernel.PartitionRefinementNoFI.partition_structural_ops_can_be_free	unique_suffix
monograph/thiele_machine_math_spec.tex	571	latex_code	csr\_\allowbreak{}cert\_\allowbreak{}addr	csr_cert_addr	nonproof	nonproof_token		excluded_nonproof_token
monograph/thiele_machine_math_spec.tex	571	latex_code	partition\_\allowbreak{}structural\_\allowbreak{}trace\_\allowbreak{}cannot\_\allowbreak{}certify	partition_structural_trace_cannot_certify	proof	Theorem	Kernel.PartitionRefinementNoFI.partition_structural_trace_cannot_certify	unique_suffix
monograph/thiele_machine_math_spec.tex	577	latex_theorem_label	partition_nfi	partition_nfi	proof	Theorem	Kernel.PartitionRefinementNoFI.partition_free_but_certification_nonfree	label_proof
monograph/thiele_machine_math_spec.tex	578	latex_code	partition\_\allowbreak{}free\_\allowbreak{}but\_\allowbreak{}certification\_\allowbreak{}nonfree	partition_free_but_certification_nonfree	proof	Theorem	Kernel.PartitionRefinementNoFI.partition_free_but_certification_nonfree	unique_suffix
monograph/thiele_machine_math_spec.tex	582	latex_code	partition\_\allowbreak{}refinement\_\allowbreak{}nonfree	partition_refinement_nonfree	proof	Theorem	Kernel.PartitionRefinementNoFI.partition_refinement_nonfree	unique_suffix
monograph/thiele_machine_math_spec.tex	600	latex_code	TuringClassicalEmbedding.v	TuringClassicalEmbedding.v	nonproof	nonproof_token		excluded_nonproof_token
monograph/thiele_machine_math_spec.tex	600	latex_code	[H\_\allowbreak{}ClaimTapeIsZero 0]	H_ClaimTapeIsZero	nonproof	nonproof_token		excluded_nonproof_token
monograph/thiele_machine_math_spec.tex	604	latex_code	CertificationSystem	CertificationSystem	nonproof	Record		Record@coq/kernel/nfi/UniversalCertificationCost.v:30
monograph/thiele_machine_math_spec.tex	604	latex_code	coq/\allowbreak{}kernel/\allowbreak{}nfi/\allowbreak{}UniversalCertificationCost.v	UniversalCertificationCost.v	nonproof	nonproof_token		excluded_nonproof_token
monograph/thiele_machine_math_spec.tex	604	latex_code	coq/\allowbreak{}kernel/\allowbreak{}nfi/\allowbreak{}UniversalCertificationCost.v	coq	nonproof	nonproof_token		excluded_nonproof_token
monograph/thiele_machine_math_spec.tex	604	latex_code	coq/\allowbreak{}kernel/\allowbreak{}nfi/\allowbreak{}UniversalCertificationCost.v	kernel	nonproof	nonproof_token		excluded_nonproof_token
monograph/thiele_machine_math_spec.tex	604	latex_code	coq/\allowbreak{}kernel/\allowbreak{}nfi/\allowbreak{}UniversalCertificationCost.v	nfi	nonproof	nonproof_token		excluded_nonproof_token
monograph/thiele_machine_math_spec.tex	604	latex_code	cs\_\allowbreak{}cert\_\allowbreak{}costs	cs_cert_costs	nonproof	nonproof_token		excluded_nonproof_token
monograph/thiele_machine_math_spec.tex	604	latex_code	universal\_\allowbreak{}nfi\_\allowbreak{}any\_\allowbreak{}substrate	universal_nfi_any_substrate	proof	Theorem	Kernel.UniversalCertificationCost.universal_nfi_any_substrate	unique_suffix
monograph/thiele_machine_math_spec.tex	611	latex_code	error\_\allowbreak{}free\_\allowbreak{}preservation\_\allowbreak{}budget	error_free_preservation_budget	nonproof	Definition		Definition@coq/kernel/mu_calculus/MuComplexity.v:44
monograph/thiele_machine_math_spec.tex	612	latex_code	positive\_\allowbreak{}input\_\allowbreak{}certification\_\allowbreak{}budget	positive_input_certification_budget	nonproof	Definition		Definition@coq/kernel/mu_calculus/MuComplexity.v:62
monograph/thiele_machine_math_spec.tex	612	latex_code	vm\_\allowbreak{}certified = true	true	nonproof	nonproof_token		excluded_nonproof_token
monograph/thiele_machine_math_spec.tex	612	latex_code	vm\_\allowbreak{}certified = true	vm_certified	nonproof	nonproof_token		excluded_nonproof_token
monograph/thiele_machine_math_spec.tex	617	latex_code	zero\_\allowbreak{}mu\_\allowbreak{}traces\_\allowbreak{}satisfy\_\allowbreak{}preservation\_\allowbreak{}budget	zero_mu_traces_satisfy_preservation_budget	proof	Theorem	Kernel.MuComplexity.zero_mu_traces_satisfy_preservation_budget	unique_suffix
monograph/thiele_machine_math_spec.tex	621	latex_code	StructuralAdvantage.v	StructuralAdvantage.v	nonproof	nonproof_token		excluded_nonproof_token
monograph/thiele_machine_math_spec.tex	628	latex_code	CERTIFY	CERTIFY	nonproof	nonproof_token		excluded_nonproof_token
monograph/thiele_machine_math_spec.tex	628	latex_code	init\_\allowbreak{}state	init_state	nonproof	Definition		Definition@coq/ThieleMachineComplete.v:5464;Definition@coq/kernel/mu_calculus/MuInitiality.v:34
monograph/thiele_machine_math_spec.tex	628	latex_code	vm\_\allowbreak{}certified = true	true	nonproof	nonproof_token		excluded_nonproof_token
monograph/thiele_machine_math_spec.tex	628	latex_code	vm\_\allowbreak{}certified = true	vm_certified	nonproof	nonproof_token		excluded_nonproof_token
monograph/thiele_machine_math_spec.tex	629	latex_code	init\_\allowbreak{}state	init_state	nonproof	Definition		Definition@coq/ThieleMachineComplete.v:5464;Definition@coq/kernel/mu_calculus/MuInitiality.v:34
monograph/thiele_machine_math_spec.tex	631	latex_code	CERTIFY	CERTIFY	nonproof	nonproof_token		excluded_nonproof_token
monograph/thiele_machine_math_spec.tex	631	latex_code	CERTIFY	CERTIFY	nonproof	nonproof_token		excluded_nonproof_token
monograph/thiele_machine_math_spec.tex	631	latex_code	init\_\allowbreak{}state	init_state	nonproof	Definition		Definition@coq/ThieleMachineComplete.v:5464;Definition@coq/kernel/mu_calculus/MuInitiality.v:34
monograph/thiele_machine_math_spec.tex	631	latex_code	instr\_\allowbreak{}certify	instr_certify	nonproof	nonproof_token		excluded_nonproof_token
monograph/thiele_machine_math_spec.tex	631	latex_code	level\_\allowbreak{}k\_\allowbreak{}certification\_\allowbreak{}cost\_\allowbreak{}floor	level_k_certification_cost_floor	proof	Theorem	Kernel.MuHierarchyTheorem.level_k_certification_cost_floor	unique_suffix
monograph/thiele_machine_math_spec.tex	631	latex_code	level\_\allowbreak{}k\_\allowbreak{}certified	level_k_certified	nonproof	Definition		Definition@coq/kernel/mu_calculus/MuHierarchyTheorem.v:136
monograph/thiele_machine_math_spec.tex	631	latex_code	mu\_\allowbreak{}hierarchy\_\allowbreak{}theorem	mu_hierarchy_theorem	proof	Theorem	Kernel.MuHierarchyTheorem.mu_hierarchy_theorem	unique_suffix
monograph/thiele_machine_math_spec.tex	631	latex_code	run\_\allowbreak{}vm\_\allowbreak{}mu\_\allowbreak{}conservation	run_vm_mu_conservation	proof	Corollary	Kernel.MuLedgerConservation.run_vm_mu_conservation	explicit_binding
monograph/thiele_machine_math_spec.tex	631	latex_code	trace\_\allowbreak{}mu\_\allowbreak{}cost	trace_mu_cost	nonproof	Definition,Fixpoint		Definition@coq/kernel/mu_calculus/MuComplexity.v:35;Fixpoint@coq/ThieleMachineComplete.v:5705;Fixpoint@coq/kernel/aggregators/FalsifiablePrediction.v:23;Fixpoint@coq/kernel/curvature/KernelPhysics.v:135
monograph/thiele_machine_math_spec.tex	633	latex_code	mu\_\allowbreak{}hierarchy\_\allowbreak{}no\_\allowbreak{}upper\_\allowbreak{}bound	mu_hierarchy_no_upper_bound	proof	Corollary	Kernel.MuHierarchyTheorem.mu_hierarchy_no_upper_bound	unique_suffix
monograph/thiele_machine_math_spec.tex	637	latex_code	Admitted	Admitted	nonproof	nonproof_token		excluded_nonproof_token
monograph/thiele_machine_math_spec.tex	637	latex_code	CERTIFY	CERTIFY	nonproof	nonproof_token		excluded_nonproof_token
monograph/thiele_machine_math_spec.tex	637	latex_code	CERTIFY	CERTIFY	nonproof	nonproof_token		excluded_nonproof_token
monograph/thiele_machine_math_spec.tex	637	latex_code	CERTIFY	CERTIFY	nonproof	nonproof_token		excluded_nonproof_token
monograph/thiele_machine_math_spec.tex	637	latex_code	executed\_\allowbreak{}instruction\_\allowbreak{}cost\_\allowbreak{}recorded	executed_instruction_cost_recorded	proof	Lemma	Kernel.MuHierarchyTheorem.executed_instruction_cost_recorded	unique_suffix
monograph/thiele_machine_math_spec.tex	637	latex_code	ledger\_\allowbreak{}sum\_\allowbreak{}contains\_\allowbreak{}lower\_\allowbreak{}bound	ledger_sum_contains_lower_bound	proof	Lemma	Kernel.MuHierarchyTheorem.ledger_sum_contains_lower_bound	unique_suffix
monograph/thiele_machine_math_spec.tex	637	latex_code	run\_\allowbreak{}vm\_\allowbreak{}mu\_\allowbreak{}conservation	run_vm_mu_conservation	proof	Corollary	Kernel.MuLedgerConservation.run_vm_mu_conservation	explicit_binding
monograph/thiele_machine_math_spec.tex	643	latex_code	init\_\allowbreak{}state	init_state	nonproof	Definition		Definition@coq/ThieleMachineComplete.v:5464;Definition@coq/kernel/mu_calculus/MuInitiality.v:34
monograph/thiele_machine_math_spec.tex	643	latex_code	level\_\allowbreak{}intrinsic\_\allowbreak{}at\_\allowbreak{}least	level_intrinsic_at_least	nonproof	Definition		Definition@coq/IntrinsicLevelHierarchy.v:48
monograph/thiele_machine_math_spec.tex	643	latex_code	run\_\allowbreak{}vm	run_vm	nonproof	Fixpoint		Fixpoint@coq/ThieleMachineComplete.v:3996;Fixpoint@coq/kernel/foundation/SimulationProof.v:730
monograph/thiele_machine_math_spec.tex	643	latex_code	vm\_\allowbreak{}certified = true	true	nonproof	nonproof_token		excluded_nonproof_token
monograph/thiele_machine_math_spec.tex	643	latex_code	vm\_\allowbreak{}certified = true	vm_certified	nonproof	nonproof_token		excluded_nonproof_token
monograph/thiele_machine_math_spec.tex	646	latex_code	init\_\allowbreak{}state	init_state	nonproof	Definition		Definition@coq/ThieleMachineComplete.v:5464;Definition@coq/kernel/mu_calculus/MuInitiality.v:34
monograph/thiele_machine_math_spec.tex	646	latex_code	run\_\allowbreak{}vm	run_vm	nonproof	Fixpoint		Fixpoint@coq/ThieleMachineComplete.v:3996;Fixpoint@coq/kernel/foundation/SimulationProof.v:730
monograph/thiele_machine_math_spec.tex	647	latex_code	true	true	nonproof	nonproof_token		excluded_nonproof_token
monograph/thiele_machine_math_spec.tex	647	latex_code	vm\_\allowbreak{}certified	vm_certified	nonproof	nonproof_token		excluded_nonproof_token
monograph/thiele_machine_math_spec.tex	648	latex_code	cert\_\allowbreak{}setter\_\allowbreak{}executions	cert_setter_executions	nonproof	Fixpoint		Fixpoint@coq/kernel/mu_calculus/MuShannonBridge.v:186
monograph/thiele_machine_math_spec.tex	648	latex_code	init\_\allowbreak{}state	init_state	nonproof	Definition		Definition@coq/ThieleMachineComplete.v:5464;Definition@coq/kernel/mu_calculus/MuInitiality.v:34
monograph/thiele_machine_math_spec.tex	654	latex_code	init\_\allowbreak{}state	init_state	nonproof	Definition		Definition@coq/ThieleMachineComplete.v:5464;Definition@coq/kernel/mu_calculus/MuInitiality.v:34
monograph/thiele_machine_math_spec.tex	654	latex_code	level\_\allowbreak{}intrinsic\_\allowbreak{}at\_\allowbreak{}least	level_intrinsic_at_least	nonproof	Definition		Definition@coq/IntrinsicLevelHierarchy.v:48
monograph/thiele_machine_math_spec.tex	654	latex_code	true	true	nonproof	nonproof_token		excluded_nonproof_token
monograph/thiele_machine_math_spec.tex	654	latex_code	vm\_\allowbreak{}certified	vm_certified	nonproof	nonproof_token		excluded_nonproof_token
monograph/thiele_machine_math_spec.tex	654	latex_code	vm\_\allowbreak{}mu	vm_mu	nonproof	nonproof_token		excluded_nonproof_token
monograph/thiele_machine_math_spec.tex	659	latex_code	level\_\allowbreak{}intrinsic\_\allowbreak{}at\_\allowbreak{}least	level_intrinsic_at_least	nonproof	Definition		Definition@coq/IntrinsicLevelHierarchy.v:48
monograph/thiele_machine_math_spec.tex	659	latex_code	true	true	nonproof	nonproof_token		excluded_nonproof_token
monograph/thiele_machine_math_spec.tex	659	latex_code	vm\_\allowbreak{}certified	vm_certified	nonproof	nonproof_token		excluded_nonproof_token
monograph/thiele_machine_math_spec.tex	663	latex_code	CERTIFY	CERTIFY	nonproof	nonproof_token		excluded_nonproof_token
monograph/thiele_machine_math_spec.tex	663	latex_code	init\_\allowbreak{}state	init_state	nonproof	Definition		Definition@coq/ThieleMachineComplete.v:5464;Definition@coq/kernel/mu_calculus/MuInitiality.v:34
monograph/thiele_machine_math_spec.tex	663	latex_code	instr\_\allowbreak{}certify	instr_certify	nonproof	nonproof_token		excluded_nonproof_token
monograph/thiele_machine_math_spec.tex	663	latex_code	level\_\allowbreak{}k\_\allowbreak{}certification\_\allowbreak{}cost\_\allowbreak{}floor	level_k_certification_cost_floor	proof	Theorem	Kernel.MuHierarchyTheorem.level_k_certification_cost_floor	unique_suffix
monograph/thiele_machine_math_spec.tex	663	latex_code	mu\_\allowbreak{}hierarchy\_\allowbreak{}theorem	mu_hierarchy_theorem	proof	Theorem	Kernel.MuHierarchyTheorem.mu_hierarchy_theorem	unique_suffix
monograph/thiele_machine_math_spec.tex	669	latex_code	BareTranscript	BareTranscript	nonproof	Definition		Definition@coq/VerifierModel.v:43
monograph/thiele_machine_math_spec.tex	669	latex_code	BareVerificationProblem	BareVerificationProblem	nonproof	Record		Record@coq/VerifierModel.v:61
monograph/thiele_machine_math_spec.tex	669	latex_code	list StrictClassicalState	StrictClassicalState	nonproof	Record		Record@coq/NecessityOfMuLedger.v:75;Record@coq/ThieleMachineComplete.v:4247
monograph/thiele_machine_math_spec.tex	669	latex_code	list StrictClassicalState	list	nonproof	nonproof_token		excluded_nonproof_token
monograph/thiele_machine_math_spec.tex	671	latex_code	Prop	Prop	nonproof	nonproof_token		excluded_nonproof_token
monograph/thiele_machine_math_spec.tex	671	latex_code	VMState	VMState	nonproof	Record		Record@coq/ThieleMachineComplete.v:1582;Record@coq/kernel/foundation/VMState.v:1931
monograph/thiele_machine_math_spec.tex	671	latex_code	bare\_\allowbreak{}honest\_\allowbreak{}claim	bare_honest_claim	nonproof	nonproof_token		excluded_nonproof_token
monograph/thiele_machine_math_spec.tex	672	latex_code	BareTranscript	BareTranscript	nonproof	Definition		Definition@coq/VerifierModel.v:43
monograph/thiele_machine_math_spec.tex	672	latex_code	Prop	Prop	nonproof	nonproof_token		excluded_nonproof_token
monograph/thiele_machine_math_spec.tex	672	latex_code	VMState	VMState	nonproof	Record		Record@coq/ThieleMachineComplete.v:1582;Record@coq/kernel/foundation/VMState.v:1931
monograph/thiele_machine_math_spec.tex	672	latex_code	bare\_\allowbreak{}explains	bare_explains	nonproof	nonproof_token		excluded_nonproof_token
monograph/thiele_machine_math_spec.tex	673	latex_code	bare\_\allowbreak{}cheap\_\allowbreak{}budget	bare_cheap_budget	nonproof	nonproof_token		excluded_nonproof_token
monograph/thiele_machine_math_spec.tex	673	latex_code	bare\_\allowbreak{}recompute\_\allowbreak{}cost	bare_recompute_cost	nonproof	nonproof_token		excluded_nonproof_token
monograph/thiele_machine_math_spec.tex	675	latex_code	BareTranscript	BareTranscript	nonproof	Definition		Definition@coq/VerifierModel.v:43
monograph/thiele_machine_math_spec.tex	675	latex_code	BareTranscript	BareTranscript	nonproof	Definition		Definition@coq/VerifierModel.v:43
monograph/thiele_machine_math_spec.tex	675	latex_code	BareVerifier	BareVerifier	nonproof	Record		Record@coq/VerifierModel.v:76
monograph/thiele_machine_math_spec.tex	675	latex_code	bool	bool	nonproof	nonproof_token		excluded_nonproof_token
monograph/thiele_machine_math_spec.tex	675	latex_code	bv\_\allowbreak{}cost	bv_cost	nonproof	nonproof_token		excluded_nonproof_token
monograph/thiele_machine_math_spec.tex	675	latex_code	bv\_\allowbreak{}decide	bv_decide	nonproof	nonproof_token		excluded_nonproof_token
monograph/thiele_machine_math_spec.tex	681	latex_code	bare\_\allowbreak{}explains	bare_explains	nonproof	nonproof_token		excluded_nonproof_token
monograph/thiele_machine_math_spec.tex	681	latex_code	bare\_\allowbreak{}honest\_\allowbreak{}claim	bare_honest_claim	nonproof	nonproof_token		excluded_nonproof_token
monograph/thiele_machine_math_spec.tex	681	latex_code	bare\_\allowbreak{}sound	bare_sound	nonproof	Definition		Definition@coq/VerifierModel.v:101
monograph/thiele_machine_math_spec.tex	681	latex_code	true	true	nonproof	nonproof_token		excluded_nonproof_token
monograph/thiele_machine_math_spec.tex	682	latex_code	bare\_\allowbreak{}complete	bare_complete	nonproof	Definition		Definition@coq/VerifierModel.v:105
monograph/thiele_machine_math_spec.tex	682	latex_code	bare\_\allowbreak{}explains	bare_explains	nonproof	nonproof_token		excluded_nonproof_token
monograph/thiele_machine_math_spec.tex	682	latex_code	bare\_\allowbreak{}honest\_\allowbreak{}claim	bare_honest_claim	nonproof	nonproof_token		excluded_nonproof_token
monograph/thiele_machine_math_spec.tex	682	latex_code	true	true	nonproof	nonproof_token		excluded_nonproof_token
monograph/thiele_machine_math_spec.tex	683	latex_code	bare\_\allowbreak{}cheap	bare_cheap	nonproof	Definition		Definition@coq/VerifierModel.v:98
monograph/thiele_machine_math_spec.tex	683	latex_code	bare\_\allowbreak{}cheap\_\allowbreak{}budget	bare_cheap_budget	nonproof	nonproof_token		excluded_nonproof_token
monograph/thiele_machine_math_spec.tex	683	latex_code	bv\_\allowbreak{}cost	bv_cost	nonproof	nonproof_token		excluded_nonproof_token
monograph/thiele_machine_math_spec.tex	690	latex_code	bare\_\allowbreak{}complete	bare_complete	nonproof	Definition		Definition@coq/VerifierModel.v:105
monograph/thiele_machine_math_spec.tex	690	latex_code	bare\_\allowbreak{}explains	bare_explains	nonproof	nonproof_token		excluded_nonproof_token
monograph/thiele_machine_math_spec.tex	690	latex_code	bare\_\allowbreak{}sound	bare_sound	nonproof	Definition		Definition@coq/VerifierModel.v:101
monograph/thiele_machine_math_spec.tex	690	latex_code	coq/NecessityOfMuLedger.v	NecessityOfMuLedger.v	nonproof	nonproof_token		excluded_nonproof_token
monograph/thiele_machine_math_spec.tex	690	latex_code	coq/NecessityOfMuLedger.v	coq	nonproof	nonproof_token		excluded_nonproof_token
monograph/thiele_machine_math_spec.tex	690	latex_code	mu\_\allowbreak{}eq\_\allowbreak{}one\_\allowbreak{}problem	mu_eq_one_problem	nonproof	Definition		Definition@coq/VerifierImpossibility.v:57
monograph/thiele_machine_math_spec.tex	690	latex_code	vm\_\allowbreak{}mu	vm_mu	nonproof	nonproof_token		excluded_nonproof_token
monograph/thiele_machine_math_spec.tex	694	latex_code	CERTIFY 0	CERTIFY	nonproof	nonproof_token		excluded_nonproof_token
monograph/thiele_machine_math_spec.tex	694	latex_code	Closed under the global context	Closed	nonproof	nonproof_token		excluded_nonproof_token
monograph/thiele_machine_math_spec.tex	694	latex_code	Closed under the global context	context	nonproof	nonproof_token		excluded_nonproof_token
monograph/thiele_machine_math_spec.tex	694	latex_code	Closed under the global context	global	nonproof	nonproof_token		excluded_nonproof_token
monograph/thiele_machine_math_spec.tex	694	latex_code	Closed under the global context	the	nonproof	nonproof_token		excluded_nonproof_token
monograph/thiele_machine_math_spec.tex	694	latex_code	Closed under the global context	under	nonproof	nonproof_token		excluded_nonproof_token
monograph/thiele_machine_math_spec.tex	694	latex_code	PNEW [] 0	PNEW	nonproof	nonproof_token		excluded_nonproof_token
monograph/thiele_machine_math_spec.tex	694	latex_code	Print Assumptions	Assumptions	nonproof	nonproof_token		excluded_nonproof_token
monograph/thiele_machine_math_spec.tex	694	latex_code	Print Assumptions	Print	nonproof	nonproof_token		excluded_nonproof_token
monograph/thiele_machine_math_spec.tex	694	latex_code	po1\_\allowbreak{}state\_\allowbreak{}A	po1_state_A	nonproof	Definition		Definition@coq/NecessityOfMuLedger.v:299;Definition@coq/ThieleMachineComplete.v:4401
monograph/thiele_machine_math_spec.tex	694	latex_code	po1\_\allowbreak{}state\_\allowbreak{}B	po1_state_B	nonproof	Definition		Definition@coq/NecessityOfMuLedger.v:306;Definition@coq/ThieleMachineComplete.v:4404
monograph/thiele_machine_math_spec.tex	694	latex_code	vm\_\allowbreak{}mu	vm_mu	nonproof	nonproof_token		excluded_nonproof_token
monograph/thiele_machine_math_spec.tex	694	latex_code	vm\_\allowbreak{}mu	vm_mu	nonproof	nonproof_token		excluded_nonproof_token
monograph/thiele_machine_math_spec.tex	698	latex_theorem_label	three_escapes	three_escapes	proof	Theorem	VerifierEscape_Hardness.commitment_contract_verifier	label_aggregate
monograph/thiele_machine_math_spec.tex	698	latex_theorem_label	three_escapes	three_escapes	proof	Theorem	VerifierEscape_Interaction.interactive_escape_succeeds	label_aggregate
monograph/thiele_machine_math_spec.tex	698	latex_theorem_label	three_escapes	three_escapes	proof	Theorem	VerifierEscape_Substrate.substrate_escape_succeeds	label_aggregate
monograph/thiele_machine_math_spec.tex	701	latex_code	list VMState	VMState	nonproof	Record		Record@coq/ThieleMachineComplete.v:1582;Record@coq/kernel/foundation/VMState.v:1931
monograph/thiele_machine_math_spec.tex	701	latex_code	list VMState	list	nonproof	nonproof_token		excluded_nonproof_token
monograph/thiele_machine_math_spec.tex	701	latex_code	substrate\_\allowbreak{}escape\_\allowbreak{}succeeds	substrate_escape_succeeds	proof	Theorem	VerifierEscape_Substrate.substrate_escape_succeeds	unique_suffix
monograph/thiele_machine_math_spec.tex	702	latex_code	BareTranscript	BareTranscript	nonproof	Definition		Definition@coq/VerifierModel.v:43
monograph/thiele_machine_math_spec.tex	702	latex_code	CommitmentBitContract	CommitmentBitContract	nonproof	Record		Record@coq/VerifierEscape_Hardness.v:70
monograph/thiele_machine_math_spec.tex	702	latex_code	bool	bool	nonproof	nonproof_token		excluded_nonproof_token
monograph/thiele_machine_math_spec.tex	702	latex_code	commitment\_\allowbreak{}contract\_\allowbreak{}verifier	commitment_contract_verifier	proof	Theorem	VerifierEscape_Hardness.commitment_contract_verifier	unique_suffix
monograph/thiele_machine_math_spec.tex	703	latex_code	BareTranscript	BareTranscript	nonproof	Definition		Definition@coq/VerifierModel.v:43
monograph/thiele_machine_math_spec.tex	703	latex_code	interactive\_\allowbreak{}escape\_\allowbreak{}succeeds	interactive_escape_succeeds	proof	Theorem	VerifierEscape_Interaction.interactive_escape_succeeds	unique_suffix
monograph/thiele_machine_math_spec.tex	705	latex_code	Admitted	Admitted	nonproof	nonproof_token		excluded_nonproof_token
monograph/thiele_machine_math_spec.tex	710	latex_code	BareTranscript	BareTranscript	nonproof	Definition		Definition@coq/VerifierModel.v:43
monograph/thiele_machine_math_spec.tex	710	latex_code	factors\_classical	factors_classical	nonproof	Definition		Definition@coq/VerifierExhaustiveness.v:52
monograph/thiele_machine_math_spec.tex	765	latex_code	Z.to\_\allowbreak{}nat (Z.of\_\allowbreak{}nat vm\_\allowbreak{}mu + delta)	Z.of_nat	nonproof	nonproof_token		excluded_nonproof_token
monograph/thiele_machine_math_spec.tex	765	latex_code	Z.to\_\allowbreak{}nat (Z.of\_\allowbreak{}nat vm\_\allowbreak{}mu + delta)	Z.to_nat	nonproof	nonproof_token		excluded_nonproof_token
monograph/thiele_machine_math_spec.tex	765	latex_code	Z.to\_\allowbreak{}nat (Z.of\_\allowbreak{}nat vm\_\allowbreak{}mu + delta)	delta	nonproof	Definition		Definition@coq/kernel/curvature/CurvedTensorPipeline.v:995
monograph/thiele_machine_math_spec.tex	765	latex_code	Z.to\_\allowbreak{}nat (Z.of\_\allowbreak{}nat vm\_\allowbreak{}mu + delta)	vm_mu	nonproof	nonproof_token		excluded_nonproof_token
monograph/thiele_machine_math_spec.tex	765	latex_code	z\_\allowbreak{}gauge\_\allowbreak{}shift	z_gauge_shift	nonproof	Definition		Definition@coq/kernel/curvature/KernelNoether.v:66
monograph/thiele_machine_math_spec.tex	766	latex_code	Z.to\_\allowbreak{}nat	Z.to_nat	nonproof	nonproof_token		excluded_nonproof_token
monograph/thiele_machine_math_spec.tex	777	latex_code	z\_\allowbreak{}action\_\allowbreak{}identity	z_action_identity	proof	Theorem	Kernel.KernelNoether.z_action_identity	unique_suffix
monograph/thiele_machine_math_spec.tex	780	latex_code	z\_\allowbreak{}action\_\allowbreak{}composition	z_action_composition	proof	Theorem	Kernel.KernelNoether.z_action_composition	unique_suffix
monograph/thiele_machine_math_spec.tex	782	latex_code	z\_\allowbreak{}action\_\allowbreak{}inverse	z_action_inverse	proof	Theorem	Kernel.KernelNoether.z_action_inverse	unique_suffix
monograph/thiele_machine_math_spec.tex	806	latex_code	coq/\allowbreak{}kernel/\allowbreak{}curvature/\allowbreak{}KernelNoether.v	KernelNoether.v	nonproof	nonproof_token		excluded_nonproof_token
monograph/thiele_machine_math_spec.tex	806	latex_code	coq/\allowbreak{}kernel/\allowbreak{}curvature/\allowbreak{}KernelNoether.v	coq	nonproof	nonproof_token		excluded_nonproof_token
monograph/thiele_machine_math_spec.tex	806	latex_code	coq/\allowbreak{}kernel/\allowbreak{}curvature/\allowbreak{}KernelNoether.v	curvature	nonproof	nonproof_token		excluded_nonproof_token
monograph/thiele_machine_math_spec.tex	806	latex_code	coq/\allowbreak{}kernel/\allowbreak{}curvature/\allowbreak{}KernelNoether.v	kernel	nonproof	nonproof_token		excluded_nonproof_token
monograph/thiele_machine_math_spec.tex	810	latex_code	Observable\_\allowbreak{}partition	Observable_partition	nonproof	Definition		Definition@coq/kernel/curvature/KernelNoether.v:116
monograph/thiele_machine_math_spec.tex	810	latex_code	Observable\_\allowbreak{}partition	Observable_partition	nonproof	Definition		Definition@coq/kernel/curvature/KernelNoether.v:116
monograph/thiele_machine_math_spec.tex	810	latex_code	vm\_\allowbreak{}graph	vm_graph	nonproof	nonproof_token		excluded_nonproof_token
monograph/thiele_machine_math_spec.tex	810	latex_code	vm\_\allowbreak{}mu	vm_mu	nonproof	nonproof_token		excluded_nonproof_token
monograph/thiele_machine_math_spec.tex	810	latex_code	z\_\allowbreak{}gauge\_\allowbreak{}invariance	z_gauge_invariance	nonproof	nonproof_token		excluded_nonproof_token
monograph/thiele_machine_math_spec.tex	810	latex_code	z\_\allowbreak{}gauge\_\allowbreak{}shift	z_gauge_shift	nonproof	Definition		Definition@coq/kernel/curvature/KernelNoether.v:66
monograph/thiele_machine_math_spec.tex	811	latex_code	vm\_\allowbreak{}step\_\allowbreak{}orbit\_\allowbreak{}equiv	vm_step_orbit_equiv	proof	Lemma	Kernel.KernelNoether.vm_step_orbit_equiv	unique_suffix
monograph/thiele_machine_math_spec.tex	822	latex_code	init\_\allowbreak{}state	init_state	nonproof	Definition		Definition@coq/ThieleMachineComplete.v:5464;Definition@coq/kernel/mu_calculus/MuInitiality.v:34
monograph/thiele_machine_math_spec.tex	824	latex_code	init\_\allowbreak{}state	init_state	nonproof	Definition		Definition@coq/ThieleMachineComplete.v:5464;Definition@coq/kernel/mu_calculus/MuInitiality.v:34
monograph/thiele_machine_math_spec.tex	825	latex_code	run\_\allowbreak{}vm\_\allowbreak{}mu\_\allowbreak{}conservation	run_vm_mu_conservation	proof	Corollary	Kernel.MuLedgerConservation.run_vm_mu_conservation	explicit_binding
monograph/thiele_machine_math_spec.tex	829	latex_code	init\_\allowbreak{}state	init_state	nonproof	Definition		Definition@coq/ThieleMachineComplete.v:5464;Definition@coq/kernel/mu_calculus/MuInitiality.v:34
monograph/thiele_machine_math_spec.tex	835	latex_code	vm\_\allowbreak{}step\_\allowbreak{}mu\_\allowbreak{}monotonic	vm_step_mu_monotonic	proof	Theorem	Kernel.KernelNoether.vm_step_mu_monotonic	unique_suffix
monograph/thiele_machine_math_spec.tex	850	latex_code	A\_\allowbreak{}QM	A_QM	nonproof	nonproof_token		excluded_nonproof_token
monograph/thiele_machine_math_spec.tex	850	latex_code	column\_\allowbreak{}contractive\_\allowbreak{}iff\_\allowbreak{}npa\_\allowbreak{}psd	column_contractive_iff_npa_psd	proof	Corollary	Kernel.QuantumPartitionPSD.column_contractive_iff_npa_psd	unique_suffix
monograph/thiele_machine_math_spec.tex	876	latex_code	receipt\_\allowbreak{}mu\_\allowbreak{}consistent	receipt_mu_consistent	nonproof	Definition		Definition@coq/kernel/nfi/ReceiptIntegrity.v:100
monograph/thiele_machine_math_spec.tex	876	latex_code	receipt\_\allowbreak{}mu\_\allowbreak{}consistent	receipt_mu_consistent	nonproof	Definition		Definition@coq/kernel/nfi/ReceiptIntegrity.v:100
monograph/thiele_machine_math_spec.tex	885	latex_code	purity\_\allowbreak{}nonincreasing	purity_nonincreasing	nonproof	Definition		Definition@coq/ThieleMachineComplete.v:6161;Definition@coq/kernel/quantum/Unitarity.v:70
monograph/thiele_machine_math_spec.tex	885	latex_code	radius\_\allowbreak{}preserving	radius_preserving	nonproof	Definition		Definition@coq/ThieleMachineComplete.v:6175;Definition@coq/kernel/quantum/Unitarity.v:87
monograph/thiele_machine_math_spec.tex	885	latex_code	respects\_\allowbreak{}info\_\allowbreak{}conservation	respects_info_conservation	nonproof	Definition		Definition@coq/ThieleMachineComplete.v:6168;Definition@coq/kernel/quantum/Unitarity.v:142
monograph/thiele_machine_math_spec.tex	890	latex_code	zero\_\allowbreak{}cost\_\allowbreak{}preserves\_\allowbreak{}purity	zero_cost_preserves_purity	proof	Theorem	Kernel.Unitarity.zero_cost_preserves_purity	explicit_binding
monograph/thiele_machine_math_spec.tex	891	latex_code	lra	lra	nonproof	nonproof_token		excluded_nonproof_token
monograph/thiele_machine_math_spec.tex	891	latex_code	nonunitary\_\allowbreak{}requires\_\allowbreak{}mu	nonunitary_requires_mu	proof	Theorem	Kernel.Unitarity.nonunitary_requires_mu	unique_suffix
monograph/thiele_machine_math_spec.tex	892	latex_code	radius\_\allowbreak{}preserving	radius_preserving	nonproof	Definition		Definition@coq/ThieleMachineComplete.v:6175;Definition@coq/kernel/quantum/Unitarity.v:87
monograph/thiele_machine_math_spec.tex	892	latex_code	zero\_\allowbreak{}cost\_\allowbreak{}preserves\_\allowbreak{}radius	zero_cost_preserves_radius	proof	Theorem	Kernel.Unitarity.zero_cost_preserves_radius	explicit_binding
monograph/thiele_machine_math_spec.tex	893	latex_code	Definition	Definition	nonproof	nonproof_token		excluded_nonproof_token
monograph/thiele_machine_math_spec.tex	893	latex_code	radius\_\allowbreak{}preserving\_\allowbreak{}zero\_\allowbreak{}cost	radius_preserving_zero_cost	nonproof	Definition		Definition@coq/kernel/quantum/Unitarity.v:95
monograph/thiele_machine_math_spec.tex	898	latex_code	lindblad\_\allowbreak{}requires\_\allowbreak{}mu	lindblad_requires_mu	proof	Theorem	Kernel.Unitarity.lindblad_requires_mu	unique_suffix
monograph/thiele_machine_math_spec.tex	898	latex_code	satisfies\_\allowbreak{}lindblad\_\allowbreak{}bound	satisfies_lindblad_bound	nonproof	Definition		Definition@coq/kernel/quantum/Unitarity.v:205
monograph/thiele_machine_math_spec.tex	902	latex_code	ball\_\allowbreak{}and\_\allowbreak{}trace\_\allowbreak{}preserving	ball_and_trace_preserving	nonproof	Definition		Definition@coq/kernel/quantum/Unitarity.v:174
monograph/thiele_machine_math_spec.tex	902	latex_code	ball\_\allowbreak{}trace\_\allowbreak{}contract\_\allowbreak{}from\_\allowbreak{}premises	ball_trace_contract_from_premises	proof	Theorem	Kernel.Unitarity.ball_trace_contract_from_premises	unique_suffix
monograph/thiele_machine_math_spec.tex	922	latex_code	respects\_\allowbreak{}conservation	respects_conservation	nonproof	Definition		Definition@coq/kernel/quantum/NoCloning.v:47
monograph/thiele_machine_math_spec.tex	924	latex_code	no\_\allowbreak{}cloning\_\allowbreak{}bloch	no_cloning_bloch	proof	Theorem	Kernel.NoCloning.no_cloning_bloch	explicit_binding
monograph/thiele_machine_math_spec.tex	924	latex_code	no\_\allowbreak{}cloning\_\allowbreak{}from\_\allowbreak{}conservation	no_cloning_from_conservation	proof	Theorem	Kernel.NoCloning.no_cloning_from_conservation	explicit_binding
monograph/thiele_machine_math_spec.tex	924	latex_code	unitary\_\allowbreak{}cannot\_\allowbreak{}clone	unitary_cannot_clone	proof	Theorem	Kernel.NoCloning.unitary_cannot_clone	unique_suffix
monograph/thiele_machine_math_spec.tex	932	latex_code	no\_\allowbreak{}deletion\_\allowbreak{}without\_\allowbreak{}cost	no_deletion_without_cost	nonproof	Definition		Definition@coq/kernel/quantum/NoCloning.v:271
monograph/thiele_machine_math_spec.tex	939	latex_code	AlgebraicCoherence.v	AlgebraicCoherence.v	nonproof	nonproof_token		excluded_nonproof_token
monograph/thiele_machine_math_spec.tex	939	latex_code	TsirelsonFromAlgebra.v	TsirelsonFromAlgebra.v	nonproof	nonproof_token		excluded_nonproof_token
monograph/thiele_machine_math_spec.tex	939	latex_code	TsirelsonGeneral.v	TsirelsonGeneral.v	nonproof	nonproof_token		excluded_nonproof_token
monograph/thiele_machine_math_spec.tex	939	latex_code	coq/\allowbreak{}kernel/\allowbreak{}quantum/\allowbreak{}TsirelsonGeneral.v	TsirelsonGeneral.v	nonproof	nonproof_token		excluded_nonproof_token
monograph/thiele_machine_math_spec.tex	939	latex_code	coq/\allowbreak{}kernel/\allowbreak{}quantum/\allowbreak{}TsirelsonGeneral.v	coq	nonproof	nonproof_token		excluded_nonproof_token
monograph/thiele_machine_math_spec.tex	939	latex_code	coq/\allowbreak{}kernel/\allowbreak{}quantum/\allowbreak{}TsirelsonGeneral.v	kernel	nonproof	nonproof_token		excluded_nonproof_token
monograph/thiele_machine_math_spec.tex	939	latex_code	coq/\allowbreak{}kernel/\allowbreak{}quantum/\allowbreak{}TsirelsonGeneral.v	quantum	nonproof	nonproof_token		excluded_nonproof_token
monograph/thiele_machine_math_spec.tex	939	latex_code	tsirelson\_\allowbreak{}from\_\allowbreak{}row\_\allowbreak{}bounds	tsirelson_from_row_bounds	proof	Theorem	Kernel.TsirelsonGeneral.tsirelson_from_row_bounds	explicit_binding
monograph/thiele_machine_math_spec.tex	939	latex_code	tsirelson\_\allowbreak{}rational\_\allowbreak{}lower\_\allowbreak{}witness	tsirelson_rational_lower_witness	proof	Theorem	Kernel.AlgebraicCoherence.tsirelson_rational_lower_witness	unique_suffix
monograph/thiele_machine_math_spec.tex	945	latex_code	TsirelsonFromAlgebra.v	TsirelsonFromAlgebra.v	nonproof	nonproof_token		excluded_nonproof_token
monograph/thiele_machine_math_spec.tex	951	latex_code	chsh\_\allowbreak{}trial\_\allowbreak{}is\_\allowbreak{}tier0	chsh_trial_is_tier0	proof	Theorem	Kernel.WitnessInsightGeneral.chsh_trial_is_tier0	unique_suffix
monograph/thiele_machine_math_spec.tex	953	latex_code	chsh\_\allowbreak{}trial\_\allowbreak{}preserves\_\allowbreak{}cert\_\allowbreak{}addr	chsh_trial_preserves_cert_addr	proof	Lemma	Kernel.WitnessInsightGeneral.chsh_trial_preserves_cert_addr	unique_suffix
monograph/thiele_machine_math_spec.tex	953	latex_code	csr\_\allowbreak{}cert\_\allowbreak{}addr	csr_cert_addr	nonproof	nonproof_token		excluded_nonproof_token
monograph/thiele_machine_math_spec.tex	954	latex_code	chsh\_\allowbreak{}trial\_\allowbreak{}preserves\_\allowbreak{}vm\_\allowbreak{}certified	chsh_trial_preserves_vm_certified	proof	Lemma	Kernel.WitnessInsightGeneral.chsh_trial_preserves_vm_certified	unique_suffix
monograph/thiele_machine_math_spec.tex	954	latex_code	vm\_\allowbreak{}certified	vm_certified	nonproof	nonproof_token		excluded_nonproof_token
monograph/thiele_machine_math_spec.tex	960	latex_theorem_label	taxonomy	taxonomy	proof	Theorem	Kernel.WitnessInsightGeneral.witness_insight_complete_taxonomy	label_proof
monograph/thiele_machine_math_spec.tex	961	latex_code	witness\_\allowbreak{}insight\_\allowbreak{}complete\_\allowbreak{}taxonomy	witness_insight_complete_taxonomy	proof	Theorem	Kernel.WitnessInsightGeneral.witness_insight_complete_taxonomy	unique_suffix
monograph/thiele_machine_math_spec.tex	965	latex_code	certified\_\allowbreak{}witness\_\allowbreak{}insight\_\allowbreak{}nonfree	certified_witness_insight_nonfree	proof	Theorem	Kernel.WitnessInsightGeneral.certified_witness_insight_nonfree	unique_suffix
monograph/thiele_machine_math_spec.tex	965	latex_code	csr\_\allowbreak{}cert\_\allowbreak{}addr	csr_cert_addr	nonproof	nonproof_token		excluded_nonproof_token
monograph/thiele_machine_math_spec.tex	965	latex_code	vm\_\allowbreak{}certified	vm_certified	nonproof	nonproof_token		excluded_nonproof_token
monograph/thiele_machine_math_spec.tex	966	latex_code	nonlocal\_\allowbreak{}witness\_\allowbreak{}insight\_\allowbreak{}nonfree	nonlocal_witness_insight_nonfree	proof	Theorem	Kernel.WitnessInsightGeneral.nonlocal_witness_insight_nonfree	unique_suffix
monograph/thiele_machine_math_spec.tex	969	latex_code	witness\_\allowbreak{}insight\_\allowbreak{}nonfree\_\allowbreak{}general	witness_insight_nonfree_general	proof	Theorem	Kernel.WitnessInsightGeneral.witness_insight_nonfree_general	unique_suffix
monograph/thiele_machine_math_spec.tex	976	latex_code	chsh\_\allowbreak{}setting\_\allowbreak{}outcome\_\allowbreak{}coupling	chsh_setting_outcome_coupling	nonproof	Definition		Definition@coq/kernel/quantum/CHSHCouplingBridge.v:49
monograph/thiele_machine_math_spec.tex	980	latex_code	locally\_\allowbreak{}consistent\_\allowbreak{}gives\_\allowbreak{}separable\_\allowbreak{}coupling	locally_consistent_gives_separable_coupling	proof	Theorem	Kernel.CHSHCouplingBridge.locally_consistent_gives_separable_coupling	unique_suffix
monograph/thiele_machine_math_spec.tex	984	latex_code	WCLocallyConsistent	WCLocallyConsistent	nonproof	Record		Record@coq/kernel/quantum/CHSHStatisticalBridge.v:126
monograph/thiele_machine_math_spec.tex	984	latex_code	locally\_\allowbreak{}consistent\_\allowbreak{}classical\_\allowbreak{}bound	locally_consistent_classical_bound	proof	Theorem	Kernel.CHSHCouplingBridge.locally_consistent_classical_bound	unique_suffix
monograph/thiele_machine_math_spec.tex	988	latex_code	chsh\_\allowbreak{}violation\_\allowbreak{}rules\_\allowbreak{}out\_\allowbreak{}locally\_\allowbreak{}factorizable\_\allowbreak{}coupling	chsh_violation_rules_out_locally_factorizable_coupling	proof	Theorem	Kernel.CHSHCouplingBridge.chsh_violation_rules_out_locally_factorizable_coupling	unique_suffix
monograph/thiele_machine_math_spec.tex	1008	latex_code	WitnessCounts	WitnessCounts	nonproof	Record		Record@coq/ThieleMachineComplete.v:1567;Record@coq/kernel/foundation/VMState.v:1912
monograph/thiele_machine_math_spec.tex	1023	latex_code	chsh\_\allowbreak{}S	chsh_S	nonproof	Definition		Definition@coq/kernel/quantum/ElliptopeCompletion.v:109;Definition@coq/kernel/quantum/TsirelsonFromMu.v:21
monograph/thiele_machine_math_spec.tex	1028	latex_code	CHSHStatisticalBridge.v	CHSHStatisticalBridge.v	nonproof	nonproof_token		excluded_nonproof_token
monograph/thiele_machine_math_spec.tex	1048	latex_code	column\_\allowbreak{}contractive\_\allowbreak{}iff\_\allowbreak{}npa\_\allowbreak{}psd	column_contractive_iff_npa_psd	proof	Corollary	Kernel.QuantumPartitionPSD.column_contractive_iff_npa_psd	unique_suffix
monograph/thiele_machine_math_spec.tex	1048	latex_code	coq/\allowbreak{}kernel/\allowbreak{}quantum/\allowbreak{}QuantumPartitionPSD.v	QuantumPartitionPSD.v	nonproof	nonproof_token		excluded_nonproof_token
monograph/thiele_machine_math_spec.tex	1048	latex_code	coq/\allowbreak{}kernel/\allowbreak{}quantum/\allowbreak{}QuantumPartitionPSD.v	coq	nonproof	nonproof_token		excluded_nonproof_token
monograph/thiele_machine_math_spec.tex	1048	latex_code	coq/\allowbreak{}kernel/\allowbreak{}quantum/\allowbreak{}QuantumPartitionPSD.v	kernel	nonproof	nonproof_token		excluded_nonproof_token
monograph/thiele_machine_math_spec.tex	1048	latex_code	coq/\allowbreak{}kernel/\allowbreak{}quantum/\allowbreak{}QuantumPartitionPSD.v	quantum	nonproof	nonproof_token		excluded_nonproof_token
monograph/thiele_machine_math_spec.tex	1049	latex_theorem_label	thiele_honest_iff_qr	thiele_honest_iff_qr	proof	Corollary	Kernel.QuantumPartitionPSD.column_contractive_iff_npa_psd	label_proof
monograph/thiele_machine_math_spec.tex	1050	latex_code	column\_\allowbreak{}contractive\_\allowbreak{}iff\_\allowbreak{}npa\_\allowbreak{}psd	column_contractive_iff_npa_psd	proof	Corollary	Kernel.QuantumPartitionPSD.column_contractive_iff_npa_psd	unique_suffix
monograph/thiele_machine_math_spec.tex	1056	latex_code	coq/\allowbreak{}kernel/\allowbreak{}nfi/\allowbreak{}MuLedgerQuantumBridge.v	MuLedgerQuantumBridge.v	nonproof	nonproof_token		excluded_nonproof_token
monograph/thiele_machine_math_spec.tex	1056	latex_code	coq/\allowbreak{}kernel/\allowbreak{}nfi/\allowbreak{}MuLedgerQuantumBridge.v	coq	nonproof	nonproof_token		excluded_nonproof_token
monograph/thiele_machine_math_spec.tex	1056	latex_code	coq/\allowbreak{}kernel/\allowbreak{}nfi/\allowbreak{}MuLedgerQuantumBridge.v	kernel	nonproof	nonproof_token		excluded_nonproof_token
monograph/thiele_machine_math_spec.tex	1056	latex_code	coq/\allowbreak{}kernel/\allowbreak{}nfi/\allowbreak{}MuLedgerQuantumBridge.v	nfi	nonproof	nonproof_token		excluded_nonproof_token
monograph/thiele_machine_math_spec.tex	1056	latex_code	zero\_\allowbreak{}marginal\_\allowbreak{}npa\_\allowbreak{}column\_\allowbreak{}contractive\_\allowbreak{}implies\_\allowbreak{}psd	zero_marginal_npa_column_contractive_implies_psd	proof	Lemma	Kernel.MuLedgerQuantumBridge.zero_marginal_npa_column_contractive_implies_psd	unique_suffix
monograph/thiele_machine_math_spec.tex	1058	latex_code	coq/\allowbreak{}kernel/\allowbreak{}quantum/\allowbreak{}QuantumPartitionPSD.v	QuantumPartitionPSD.v	nonproof	nonproof_token		excluded_nonproof_token
monograph/thiele_machine_math_spec.tex	1058	latex_code	coq/\allowbreak{}kernel/\allowbreak{}quantum/\allowbreak{}QuantumPartitionPSD.v	coq	nonproof	nonproof_token		excluded_nonproof_token
monograph/thiele_machine_math_spec.tex	1058	latex_code	coq/\allowbreak{}kernel/\allowbreak{}quantum/\allowbreak{}QuantumPartitionPSD.v	kernel	nonproof	nonproof_token		excluded_nonproof_token
monograph/thiele_machine_math_spec.tex	1058	latex_code	coq/\allowbreak{}kernel/\allowbreak{}quantum/\allowbreak{}QuantumPartitionPSD.v	quantum	nonproof	nonproof_token		excluded_nonproof_token
monograph/thiele_machine_math_spec.tex	1058	latex_code	npa\_\allowbreak{}psd\_\allowbreak{}implies\_\allowbreak{}column\_\allowbreak{}contractive	npa_psd_implies_column_contractive	proof	Theorem	Kernel.QuantumPartitionPSD.npa_psd_implies_column_contractive	unique_suffix
monograph/thiele_machine_math_spec.tex	1058	latex_code	quadratic\_\allowbreak{}nonneg\_\allowbreak{}discriminant	quadratic_nonneg_discriminant	proof	Lemma	Kernel.ConstructivePSD.quadratic_nonneg_discriminant	unique_suffix
monograph/thiele_machine_math_spec.tex	1065	latex_code	coq/\allowbreak{}kernel/\allowbreak{}nfi/\allowbreak{}MuLedgerQuantumBridge.v	MuLedgerQuantumBridge.v	nonproof	nonproof_token		excluded_nonproof_token
monograph/thiele_machine_math_spec.tex	1065	latex_code	coq/\allowbreak{}kernel/\allowbreak{}nfi/\allowbreak{}MuLedgerQuantumBridge.v	coq	nonproof	nonproof_token		excluded_nonproof_token
monograph/thiele_machine_math_spec.tex	1065	latex_code	coq/\allowbreak{}kernel/\allowbreak{}nfi/\allowbreak{}MuLedgerQuantumBridge.v	kernel	nonproof	nonproof_token		excluded_nonproof_token
monograph/thiele_machine_math_spec.tex	1065	latex_code	coq/\allowbreak{}kernel/\allowbreak{}nfi/\allowbreak{}MuLedgerQuantumBridge.v	nfi	nonproof	nonproof_token		excluded_nonproof_token
monograph/thiele_machine_math_spec.tex	1065	latex_code	coq/\allowbreak{}kernel/\allowbreak{}quantum/\allowbreak{}TsirelsonGeneral.v	TsirelsonGeneral.v	nonproof	nonproof_token		excluded_nonproof_token
monograph/thiele_machine_math_spec.tex	1065	latex_code	coq/\allowbreak{}kernel/\allowbreak{}quantum/\allowbreak{}TsirelsonGeneral.v	coq	nonproof	nonproof_token		excluded_nonproof_token
monograph/thiele_machine_math_spec.tex	1065	latex_code	coq/\allowbreak{}kernel/\allowbreak{}quantum/\allowbreak{}TsirelsonGeneral.v	kernel	nonproof	nonproof_token		excluded_nonproof_token
monograph/thiele_machine_math_spec.tex	1065	latex_code	coq/\allowbreak{}kernel/\allowbreak{}quantum/\allowbreak{}TsirelsonGeneral.v	quantum	nonproof	nonproof_token		excluded_nonproof_token
monograph/thiele_machine_math_spec.tex	1065	latex_code	npa\_\allowbreak{}psd\_\allowbreak{}implies\_\allowbreak{}tsirelson\_\allowbreak{}bound	npa_psd_implies_tsirelson_bound	proof	Theorem	Kernel.MuLedgerQuantumBridge.npa_psd_implies_tsirelson_bound	unique_suffix
monograph/thiele_machine_math_spec.tex	1065	latex_code	state\_\allowbreak{}column\_\allowbreak{}contractive\_\allowbreak{}implies\_\allowbreak{}npa\_\allowbreak{}gram	state_column_contractive_implies_npa_gram	proof	Theorem	Kernel.MuLedgerQuantumBridge.state_column_contractive_implies_npa_gram	unique_suffix
monograph/thiele_machine_math_spec.tex	1065	latex_code	state\_\allowbreak{}column\_\allowbreak{}contractive\_\allowbreak{}implies\_\allowbreak{}tsirelson	state_column_contractive_implies_tsirelson	proof	Theorem	Kernel.MuLedgerQuantumBridge.state_column_contractive_implies_tsirelson	unique_suffix
monograph/thiele_machine_math_spec.tex	1065	latex_code	tsirelson\_\allowbreak{}from\_\allowbreak{}row\_\allowbreak{}bounds	tsirelson_from_row_bounds	proof	Theorem	Kernel.TsirelsonGeneral.tsirelson_from_row_bounds	explicit_binding
monograph/thiele_machine_math_spec.tex	1066	latex_code	column\_\allowbreak{}contractive\_\allowbreak{}iff\_\allowbreak{}npa\_\allowbreak{}psd	column_contractive_iff_npa_psd	proof	Corollary	Kernel.QuantumPartitionPSD.column_contractive_iff_npa_psd	unique_suffix
monograph/thiele_machine_math_spec.tex	1073	latex_code	coq/\allowbreak{}kernel/\allowbreak{}quantum/\allowbreak{}ElliptopeCompletion.v	ElliptopeCompletion.v	nonproof	nonproof_token		excluded_nonproof_token
monograph/thiele_machine_math_spec.tex	1073	latex_code	coq/\allowbreak{}kernel/\allowbreak{}quantum/\allowbreak{}ElliptopeCompletion.v	coq	nonproof	nonproof_token		excluded_nonproof_token
monograph/thiele_machine_math_spec.tex	1073	latex_code	coq/\allowbreak{}kernel/\allowbreak{}quantum/\allowbreak{}ElliptopeCompletion.v	kernel	nonproof	nonproof_token		excluded_nonproof_token
monograph/thiele_machine_math_spec.tex	1073	latex_code	coq/\allowbreak{}kernel/\allowbreak{}quantum/\allowbreak{}ElliptopeCompletion.v	quantum	nonproof	nonproof_token		excluded_nonproof_token
monograph/thiele_machine_math_spec.tex	1073	latex_code	elliptope\_\allowbreak{}realizable	elliptope_realizable	nonproof	Definition		Definition@coq/kernel/quantum/ElliptopeCompletion.v:104
monograph/thiele_machine_math_spec.tex	1076	latex_code	Print Assumptions	Assumptions	nonproof	nonproof_token		excluded_nonproof_token
monograph/thiele_machine_math_spec.tex	1076	latex_code	Print Assumptions	Print	nonproof	nonproof_token		excluded_nonproof_token
monograph/thiele_machine_math_spec.tex	1078	latex_code	deterministic\_\allowbreak{}strategy\_\allowbreak{}elliptope	deterministic_strategy_elliptope	proof	Theorem	Kernel.ElliptopeCompletion.deterministic_strategy_elliptope	unique_suffix
monograph/thiele_machine_math_spec.tex	1079	latex_code	elliptope\_\allowbreak{}finite\_\allowbreak{}mixture	elliptope_finite_mixture	proof	Theorem	Kernel.ElliptopeCompletion.elliptope_finite_mixture	unique_suffix
monograph/thiele_machine_math_spec.tex	1079	latex_code	lhv\_\allowbreak{}mixture\_\allowbreak{}elliptope	lhv_mixture_elliptope	proof	Corollary	Kernel.ElliptopeCompletion.lhv_mixture_elliptope	unique_suffix
monograph/thiele_machine_math_spec.tex	1080	latex_code	elliptope\_\allowbreak{}tsirelson	elliptope_tsirelson	proof	Theorem	Kernel.ElliptopeCompletion.elliptope_tsirelson	unique_suffix
monograph/thiele_machine_math_spec.tex	1080	latex_code	psd\_\allowbreak{}cauchy\_\allowbreak{}schwarz	psd_cauchy_schwarz	proof	Lemma	Kernel.ElliptopeCompletion.psd_cauchy_schwarz	unique_suffix
monograph/thiele_machine_math_spec.tex	1081	latex_code	pr\_\allowbreak{}box\_\allowbreak{}not\_\allowbreak{}elliptope	pr_box_not_elliptope	proof	Theorem	Kernel.ElliptopeCompletion.pr_box_not_elliptope	unique_suffix
monograph/thiele_machine_math_spec.tex	1082	latex_code	beyond\_\allowbreak{}classical\_\allowbreak{}elliptope	beyond_classical_elliptope	proof	Theorem	Kernel.ElliptopeCompletion.beyond_classical_elliptope	unique_suffix
monograph/thiele_machine_math_spec.tex	1086	latex_code	coq/\allowbreak{}kernel/\allowbreak{}quantum/\allowbreak{}ElliptopeGate.v	ElliptopeGate.v	nonproof	nonproof_token		excluded_nonproof_token
monograph/thiele_machine_math_spec.tex	1086	latex_code	coq/\allowbreak{}kernel/\allowbreak{}quantum/\allowbreak{}ElliptopeGate.v	coq	nonproof	nonproof_token		excluded_nonproof_token
monograph/thiele_machine_math_spec.tex	1086	latex_code	coq/\allowbreak{}kernel/\allowbreak{}quantum/\allowbreak{}ElliptopeGate.v	kernel	nonproof	nonproof_token		excluded_nonproof_token
monograph/thiele_machine_math_spec.tex	1086	latex_code	coq/\allowbreak{}kernel/\allowbreak{}quantum/\allowbreak{}ElliptopeGate.v	quantum	nonproof	nonproof_token		excluded_nonproof_token
monograph/thiele_machine_math_spec.tex	1086	latex_code	elliptope\_\allowbreak{}check\_\allowbreak{}full\_\allowbreak{}sound	elliptope_check_full_sound	proof	Theorem	Kernel.ElliptopeGate.elliptope_check_full_sound	unique_suffix
monograph/thiele_machine_math_spec.tex	1086	latex_code	elliptope\_\allowbreak{}full\_\allowbreak{}gate\_\allowbreak{}never\_\allowbreak{}accepts\_\allowbreak{}pr\_\allowbreak{}box	elliptope_full_gate_never_accepts_pr_box	proof	Theorem	Kernel.ElliptopeGate.elliptope_full_gate_never_accepts_pr_box	unique_suffix
monograph/thiele_machine_math_spec.tex	1086	latex_code	elliptope\_\allowbreak{}realizable	elliptope_realizable	nonproof	Definition		Definition@coq/kernel/quantum/ElliptopeCompletion.v:104
monograph/thiele_machine_math_spec.tex	1086	latex_code	gate\_\allowbreak{}accepts\_\allowbreak{}pythagorean\_\allowbreak{}boundary	gate_accepts_pythagorean_boundary	proof	Example	Kernel.ElliptopeGate.gate_accepts_pythagorean_boundary	unique_suffix
monograph/thiele_machine_math_spec.tex	1090	latex_code	Ecosystem	Ecosystem	nonproof	Record		Record@coq/kernel/frontier/PointerObservable.v:76
monograph/thiele_machine_math_spec.tex	1090	latex_code	coq/\allowbreak{}kernel/\allowbreak{}frontier/\allowbreak{}PointerObservable.v	PointerObservable.v	nonproof	nonproof_token		excluded_nonproof_token
monograph/thiele_machine_math_spec.tex	1090	latex_code	coq/\allowbreak{}kernel/\allowbreak{}frontier/\allowbreak{}PointerObservable.v	coq	nonproof	nonproof_token		excluded_nonproof_token
monograph/thiele_machine_math_spec.tex	1090	latex_code	coq/\allowbreak{}kernel/\allowbreak{}frontier/\allowbreak{}PointerObservable.v	frontier	nonproof	nonproof_token		excluded_nonproof_token
monograph/thiele_machine_math_spec.tex	1090	latex_code	coq/\allowbreak{}kernel/\allowbreak{}frontier/\allowbreak{}PointerObservable.v	kernel	nonproof	nonproof_token		excluded_nonproof_token
monograph/thiele_machine_math_spec.tex	1090	latex_code	redundantly\_\allowbreak{}proliferating	redundantly_proliferating	nonproof	Definition		Definition@coq/kernel/frontier/PointerObservable.v:90
monograph/thiele_machine_math_spec.tex	1090	latex_code	toy\_\allowbreak{}cert\_\allowbreak{}unique\_\allowbreak{}pointer	toy_cert_unique_pointer	proof	Theorem	Kernel.PointerObservable.ReplicatedLedgerToy.toy_cert_unique_pointer	unique_suffix
monograph/thiele_machine_math_spec.tex	1090	latex_code	unique\_\allowbreak{}pointer\_\allowbreak{}among	unique_pointer_among	nonproof	Definition		Definition@coq/kernel/frontier/PointerObservable.v:100
monograph/thiele_machine_math_spec.tex	1092	latex_code	CT\_\allowbreak{}model\_\allowbreak{}unique\_\allowbreak{}pointer	CT_model_unique_pointer	proof	Theorem	Kernel.PointerObservableReductions.CT_model_unique_pointer	unique_suffix
monograph/thiele_machine_math_spec.tex	1092	latex_code	Gas\_\allowbreak{}model\_\allowbreak{}unique\_\allowbreak{}pointer	Gas_model_unique_pointer	proof	Theorem	Kernel.PointerObservableReductions.Gas_model_unique_pointer	unique_suffix
monograph/thiele_machine_math_spec.tex	1092	latex_code	PCC\_\allowbreak{}model\_\allowbreak{}unique\_\allowbreak{}pointer	PCC_model_unique_pointer	proof	Theorem	Kernel.PointerObservableReductions.PCC_model_unique_pointer	unique_suffix
monograph/thiele_machine_math_spec.tex	1092	latex_code	PoS\_\allowbreak{}model\_\allowbreak{}unique\_\allowbreak{}pointer	PoS_model_unique_pointer	proof	Theorem	Kernel.PointerObservableReductions.PoS_model_unique_pointer	unique_suffix
monograph/thiele_machine_math_spec.tex	1092	latex_code	PointerObservableReductions.v	PointerObservableReductions.v	nonproof	nonproof_token		excluded_nonproof_token
monograph/thiele_machine_math_spec.tex	1092	latex_code	TEE\_\allowbreak{}model\_\allowbreak{}unique\_\allowbreak{}pointer	TEE_model_unique_pointer	proof	Theorem	Kernel.PointerObservableReductions.TEE_model_unique_pointer	unique_suffix
monograph/thiele_machine_math_spec.tex	1092	latex_code	five\_\allowbreak{}labeled\_\allowbreak{}models\_\allowbreak{}have\_\allowbreak{}selected\_\allowbreak{}pointer	five_labeled_models_have_selected_pointer	proof	Theorem	Kernel.PointerObservableReductions.five_labeled_models_have_selected_pointer	unique_suffix
monograph/thiele_machine_math_spec.tex	1099	latex_code	coq/\allowbreak{}kernel/\allowbreak{}frontier/\allowbreak{}PointerObservableCounterexamples.v	PointerObservableCounterexamples.v	nonproof	nonproof_token		excluded_nonproof_token
monograph/thiele_machine_math_spec.tex	1099	latex_code	coq/\allowbreak{}kernel/\allowbreak{}frontier/\allowbreak{}PointerObservableCounterexamples.v	coq	nonproof	nonproof_token		excluded_nonproof_token
monograph/thiele_machine_math_spec.tex	1099	latex_code	coq/\allowbreak{}kernel/\allowbreak{}frontier/\allowbreak{}PointerObservableCounterexamples.v	frontier	nonproof	nonproof_token		excluded_nonproof_token
monograph/thiele_machine_math_spec.tex	1099	latex_code	coq/\allowbreak{}kernel/\allowbreak{}frontier/\allowbreak{}PointerObservableCounterexamples.v	kernel	nonproof	nonproof_token		excluded_nonproof_token
monograph/thiele_machine_math_spec.tex	1105	latex_code	redundantly\_\allowbreak{}proliferating	redundantly_proliferating	nonproof	Definition		Definition@coq/kernel/frontier/PointerObservable.v:90
monograph/thiele_machine_math_spec.tex	1111	latex_code	deniable\_\allowbreak{}authentication\_\allowbreak{}model\_\allowbreak{}not\_\allowbreak{}proliferating	deniable_authentication_model_not_proliferating	proof	Theorem	Kernel.PointerObservableCounterexamples.DeniableAuthentication.deniable_authentication_model_not_proliferating	unique_suffix
monograph/thiele_machine_math_spec.tex	1112	latex_code	mac\_\allowbreak{}model\_\allowbreak{}not\_\allowbreak{}proliferating	mac_model_not_proliferating	proof	Theorem	Kernel.PointerObservableCounterexamples.SymmetricMAC.mac_model_not_proliferating	unique_suffix
monograph/thiele_machine_math_spec.tex	1113	latex_code	capability\_\allowbreak{}model\_\allowbreak{}not\_\allowbreak{}proliferating	capability_model_not_proliferating	proof	Theorem	Kernel.PointerObservableCounterexamples.ObjectCapability.capability_model_not_proliferating	unique_suffix
monograph/thiele_machine_math_spec.tex	1115	latex_code	public\_\allowbreak{}log\_\allowbreak{}effort\_\allowbreak{}not\_\allowbreak{}proliferating	public_log_effort_not_proliferating	proof	Theorem	Kernel.PointerObservableCounterexamples.PublicLog.public_log_effort_not_proliferating	unique_suffix
monograph/thiele_machine_math_spec.tex	1115	latex_code	public\_\allowbreak{}log\_\allowbreak{}model\_\allowbreak{}proliferating	public_log_model_proliferating	proof	Theorem	Kernel.PointerObservableCounterexamples.PublicLog.public_log_model_proliferating	unique_suffix
monograph/thiele_machine_math_spec.tex	1132	latex_code	V\_\allowbreak{}does\_\allowbreak{}not\_\allowbreak{}factor\_\allowbreak{}through\_\allowbreak{}classical	V_does_not_factor_through_classical	proof	Theorem	VerifierExhaustiveness.V_does_not_factor_through_classical	unique_suffix
monograph/thiele_machine_math_spec.tex	1143	latex_code	mu\_\allowbreak{}distance	mu_distance	nonproof	Definition		Definition@coq/kernel/mu_calculus/MuGeometry.v:29
monograph/thiele_machine_math_spec.tex	1163	latex_code	exec\_\allowbreak{}trace\_\allowbreak{}no\_\allowbreak{}signaling\_\allowbreak{}outside\_\allowbreak{}cone	exec_trace_no_signaling_outside_cone	proof	Lemma	Kernel.SpacetimeEmergence.exec_trace_no_signaling_outside_cone	unique_suffix
monograph/thiele_machine_math_spec.tex	1167	latex_code	instr\_\allowbreak{}pmerge	instr_pmerge	nonproof	nonproof_token		excluded_nonproof_token
monograph/thiele_machine_math_spec.tex	1167	latex_code	instr\_\allowbreak{}psplit	instr_psplit	nonproof	nonproof_token		excluded_nonproof_token
monograph/thiele_machine_math_spec.tex	1175	latex_code	coq/\allowbreak{}kernel/\allowbreak{}curvature/\allowbreak{}DiscreteGaussBonnet.v	DiscreteGaussBonnet.v	nonproof	nonproof_token		excluded_nonproof_token
monograph/thiele_machine_math_spec.tex	1175	latex_code	coq/\allowbreak{}kernel/\allowbreak{}curvature/\allowbreak{}DiscreteGaussBonnet.v	coq	nonproof	nonproof_token		excluded_nonproof_token
monograph/thiele_machine_math_spec.tex	1175	latex_code	coq/\allowbreak{}kernel/\allowbreak{}curvature/\allowbreak{}DiscreteGaussBonnet.v	curvature	nonproof	nonproof_token		excluded_nonproof_token
monograph/thiele_machine_math_spec.tex	1175	latex_code	coq/\allowbreak{}kernel/\allowbreak{}curvature/\allowbreak{}DiscreteGaussBonnet.v	kernel	nonproof	nonproof_token		excluded_nonproof_token
monograph/thiele_machine_math_spec.tex	1178	latex_code	well\_\allowbreak{}formed\_\allowbreak{}triangulated	well_formed_triangulated	nonproof	Definition		Definition@coq/kernel/curvature/DiscreteTopology.v:285
monograph/thiele_machine_math_spec.tex	1195	latex_code	coq/\allowbreak{}kernel/\allowbreak{}frontier/\allowbreak{}F3\_\allowbreak{}MuLaplacianSum.v	F3_MuLaplacianSum.v	nonproof	nonproof_token		excluded_nonproof_token
monograph/thiele_machine_math_spec.tex	1195	latex_code	coq/\allowbreak{}kernel/\allowbreak{}frontier/\allowbreak{}F3\_\allowbreak{}MuLaplacianSum.v	coq	nonproof	nonproof_token		excluded_nonproof_token
monograph/thiele_machine_math_spec.tex	1195	latex_code	coq/\allowbreak{}kernel/\allowbreak{}frontier/\allowbreak{}F3\_\allowbreak{}MuLaplacianSum.v	frontier	nonproof	nonproof_token		excluded_nonproof_token
monograph/thiele_machine_math_spec.tex	1195	latex_code	coq/\allowbreak{}kernel/\allowbreak{}frontier/\allowbreak{}F3\_\allowbreak{}MuLaplacianSum.v	kernel	nonproof	nonproof_token		excluded_nonproof_token
monograph/thiele_machine_math_spec.tex	1196	latex_theorem_label	total_mu_laplacian_zero	total_mu_laplacian_zero	proof	Theorem	Kernel.F3_MuLaplacianSum.total_mu_laplacian_zero	unique_suffix
monograph/thiele_machine_math_spec.tex	1197	latex_code	VMState	VMState	nonproof	Record		Record@coq/ThieleMachineComplete.v:1582;Record@coq/kernel/foundation/VMState.v:1931
monograph/thiele_machine_math_spec.tex	1201	latex_code	edge\_\allowbreak{}weight	edge_weight	nonproof	Definition		Definition@coq/kernel/curvature/MuGravity.v:347
monograph/thiele_machine_math_spec.tex	1201	latex_code	modules\_\allowbreak{}adjacent\_\allowbreak{}by\_\allowbreak{}region	modules_adjacent_by_region	nonproof	Definition		Definition@coq/kernel/curvature/MuGravity.v:188
monograph/thiele_machine_math_spec.tex	1201	latex_code	mu\_\allowbreak{}gradient	mu_gradient	nonproof	Definition		Definition@coq/kernel/curvature/MuGravity.v:344
monograph/thiele_machine_math_spec.tex	1201	latex_code	nat\_\allowbreak{}list\_\allowbreak{}disjoint	nat_list_disjoint	nonproof	Definition		Definition@coq/ThieleMachineComplete.v:910;Definition@coq/kernel/foundation/VMState.v:71
monograph/thiele_machine_math_spec.tex	1204	latex_code	coq/\allowbreak{}kernel/\allowbreak{}frontier/\allowbreak{}F3\_\allowbreak{}PartitionTopologyCrossLink.v	F3_PartitionTopologyCrossLink.v	nonproof	nonproof_token		excluded_nonproof_token
monograph/thiele_machine_math_spec.tex	1204	latex_code	coq/\allowbreak{}kernel/\allowbreak{}frontier/\allowbreak{}F3\_\allowbreak{}PartitionTopologyCrossLink.v	coq	nonproof	nonproof_token		excluded_nonproof_token
monograph/thiele_machine_math_spec.tex	1204	latex_code	coq/\allowbreak{}kernel/\allowbreak{}frontier/\allowbreak{}F3\_\allowbreak{}PartitionTopologyCrossLink.v	frontier	nonproof	nonproof_token		excluded_nonproof_token
monograph/thiele_machine_math_spec.tex	1204	latex_code	coq/\allowbreak{}kernel/\allowbreak{}frontier/\allowbreak{}F3\_\allowbreak{}PartitionTopologyCrossLink.v	kernel	nonproof	nonproof_token		excluded_nonproof_token
monograph/thiele_machine_math_spec.tex	1205	latex_theorem_label	f3_narrow	f3_narrow	proof	Theorem	Kernel.F3_PartitionTopologyCrossLink.F3_partition_topology_mu_cross_link	label_proof
monograph/thiele_machine_math_spec.tex	1206	latex_code	VMState	VMState	nonproof	Record		Record@coq/ThieleMachineComplete.v:1582;Record@coq/kernel/foundation/VMState.v:1931
monograph/thiele_machine_math_spec.tex	1206	latex_code	calibration\_\allowbreak{}residual	calibration_residual	nonproof	Definition		Definition@coq/kernel/curvature/MuGravity.v:738
monograph/thiele_machine_math_spec.tex	1210	latex_code	calibration\_\allowbreak{}residual\_\allowbreak{}zero\_\allowbreak{}iff	calibration_residual_zero_iff	proof	Lemma	Kernel.MuGravity.calibration_residual_zero_iff	unique_suffix
monograph/thiele_machine_math_spec.tex	1210	latex_code	pi\_\allowbreak{}times\_\allowbreak{}unit\_\allowbreak{}is\_\allowbreak{}nonzero	pi_times_unit_is_nonzero	proof	Theorem	Kernel.F3_PartitionTopologyCrossLink.pi_times_unit_is_nonzero	unique_suffix
monograph/thiele_machine_math_spec.tex	1210	latex_code	total\_\allowbreak{}mu\_\allowbreak{}laplacian\_\allowbreak{}zero	total_mu_laplacian_zero	proof	Theorem	Kernel.F3_MuLaplacianSum.total_mu_laplacian_zero	unique_suffix
monograph/thiele_machine_math_spec.tex	1210	latex_code	unit\_\allowbreak{}residual\_\allowbreak{}is\_\allowbreak{}nonzero	unit_residual_is_nonzero	proof	Theorem	Kernel.F3_PartitionTopologyCrossLink.unit_residual_is_nonzero	unique_suffix
monograph/thiele_machine_math_spec.tex	1215	latex_code	DiscreteGaussBonnet.angle\_\allowbreak{}defect	DiscreteGaussBonnet.angle_defect	nonproof	nonproof_token		excluded_nonproof_token
monograph/thiele_machine_math_spec.tex	1215	latex_code	MuGravity.geometric\_\allowbreak{}angle\_\allowbreak{}defect	MuGravity.geometric_angle_defect	nonproof	nonproof_token		excluded_nonproof_token
monograph/thiele_machine_math_spec.tex	1215	latex_code	strong\_\allowbreak{}bridge\_\allowbreak{}counterexample	strong_bridge_counterexample	proof	Lemma	Kernel.F3_PartitionTopologyCrossLink.strong_bridge_counterexample	unique_suffix
monograph/thiele_machine_math_spec.tex	1217	latex_code	MuGravity.v	MuGravity.v	nonproof	nonproof_token		excluded_nonproof_token
monograph/thiele_machine_math_spec.tex	1217	latex_code	module\_\allowbreak{}triangles	module_triangles	nonproof	Definition		Definition@coq/kernel/curvature/MuGravity.v:219
monograph/thiele_machine_math_spec.tex	1377	latex_code	module\_\allowbreak{}structural\_\allowbreak{}mass	module_structural_mass	nonproof	Definition		Definition@coq/ThieleMachineComplete.v:10231;Definition@coq/kernel/curvature/MuGravity.v:61
monograph/thiele_machine_math_spec.tex	1479	latex_code	EinsteinEquations4D.v	EinsteinEquations4D.v	nonproof	nonproof_token		excluded_nonproof_token
monograph/thiele_machine_math_spec.tex	1499	latex_code	coq/\allowbreak{}kernel/\allowbreak{}curvature/\allowbreak{}EinsteinEquations4D.v	EinsteinEquations4D.v	nonproof	nonproof_token		excluded_nonproof_token
monograph/thiele_machine_math_spec.tex	1499	latex_code	coq/\allowbreak{}kernel/\allowbreak{}curvature/\allowbreak{}EinsteinEquations4D.v	coq	nonproof	nonproof_token		excluded_nonproof_token
monograph/thiele_machine_math_spec.tex	1499	latex_code	coq/\allowbreak{}kernel/\allowbreak{}curvature/\allowbreak{}EinsteinEquations4D.v	curvature	nonproof	nonproof_token		excluded_nonproof_token
monograph/thiele_machine_math_spec.tex	1499	latex_code	coq/\allowbreak{}kernel/\allowbreak{}curvature/\allowbreak{}EinsteinEquations4D.v	kernel	nonproof	nonproof_token		excluded_nonproof_token
monograph/thiele_machine_math_spec.tex	1500	latex_theorem_label	einstein_main	einstein_main	proof	Theorem	Kernel.EinsteinEquations4D.einstein_equation_vacuum	label_proof
monograph/thiele_machine_math_spec.tex	1533	latex_code	coq/\allowbreak{}kernel/\allowbreak{}curvature/\allowbreak{}EinsteinEquations4D.v	EinsteinEquations4D.v	nonproof	nonproof_token		excluded_nonproof_token
monograph/thiele_machine_math_spec.tex	1533	latex_code	coq/\allowbreak{}kernel/\allowbreak{}curvature/\allowbreak{}EinsteinEquations4D.v	coq	nonproof	nonproof_token		excluded_nonproof_token
monograph/thiele_machine_math_spec.tex	1533	latex_code	coq/\allowbreak{}kernel/\allowbreak{}curvature/\allowbreak{}EinsteinEquations4D.v	curvature	nonproof	nonproof_token		excluded_nonproof_token
monograph/thiele_machine_math_spec.tex	1533	latex_code	coq/\allowbreak{}kernel/\allowbreak{}curvature/\allowbreak{}EinsteinEquations4D.v	kernel	nonproof	nonproof_token		excluded_nonproof_token
monograph/thiele_machine_math_spec.tex	1590	latex_code	affine\_\allowbreak{}off\_\allowbreak{}diagonal\_\allowbreak{}ricci\_\allowbreak{}zero	affine_off_diagonal_ricci_zero	proof	Theorem	Kernel.AffineEFEClosure.affine_off_diagonal_ricci_zero	unique_suffix
monograph/thiele_machine_math_spec.tex	1594	latex_code	affine\_\allowbreak{}full\_\allowbreak{}tensor\_\allowbreak{}efe	affine_full_tensor_efe	proof	Theorem	Kernel.AffineEFEClosure.affine_full_tensor_efe	unique_suffix
monograph/thiele_machine_math_spec.tex	1594	latex_code	module\_\allowbreak{}structural\_\allowbreak{}mass s 1 = 1	module_structural_mass	nonproof	Definition		Definition@coq/ThieleMachineComplete.v:10231;Definition@coq/kernel/curvature/MuGravity.v:61
monograph/thiele_machine_math_spec.tex	1594	latex_code	module\_\allowbreak{}structural\_\allowbreak{}mass s 1 = 1	s	nonproof	nonproof_token		excluded_nonproof_token
monograph/thiele_machine_math_spec.tex	1602	latex_code	affine\_\allowbreak{}ricci\_\allowbreak{}offdiag\_\allowbreak{}outer	affine_ricci_offdiag_outer	proof	Theorem	Kernel.AffineEFEClosure.affine_ricci_offdiag_outer	unique_suffix
monograph/thiele_machine_math_spec.tex	1603	latex_code	affine\_\allowbreak{}ricci\_\allowbreak{}diag\_\allowbreak{}outer	affine_ricci_diag_outer	proof	Theorem	Kernel.AffineEFEClosure.affine_ricci_diag_outer	unique_suffix
monograph/thiele_machine_math_spec.tex	1604	latex_code	affine\_\allowbreak{}ricci\_\allowbreak{}scalar\_\allowbreak{}outer	affine_ricci_scalar_outer	proof	Theorem	Kernel.AffineEFEClosure.affine_ricci_scalar_outer	unique_suffix
monograph/thiele_machine_math_spec.tex	1605	latex_code	affine\_\allowbreak{}einstein\_\allowbreak{}outer	affine_einstein_outer	proof	Theorem	Kernel.AffineEFEClosure.affine_einstein_outer	unique_suffix
monograph/thiele_machine_math_spec.tex	1606	latex_code	affine\_\allowbreak{}efe\_\allowbreak{}fails\_\allowbreak{}outer\_\allowbreak{}offdiag	affine_efe_fails_outer_offdiag	proof	Theorem	Kernel.AffineEFEClosure.affine_efe_fails_outer_offdiag	unique_suffix
monograph/thiele_machine_math_spec.tex	1618	latex_code	ICScenario	ICScenario	nonproof	Record		Record@coq/kernel/quantum/InformationCausality.v:39
monograph/thiele_machine_math_spec.tex	1618	latex_code	MuScenario	MuScenario	nonproof	Record		Record@coq/kernel/quantum/InformationCausality.v:47
monograph/thiele_machine_math_spec.tex	1618	latex_code	Prop	Prop	nonproof	nonproof_token		excluded_nonproof_token
monograph/thiele_machine_math_spec.tex	1618	latex_code	ic\_\allowbreak{}mu\_\allowbreak{}equivalent	ic_mu_equivalent	nonproof	Definition		Definition@coq/kernel/quantum/InformationCausality.v:59
monograph/thiele_machine_math_spec.tex	1618	latex_code	tauto	tauto	nonproof	nonproof_token		excluded_nonproof_token
monograph/thiele_machine_math_spec.tex	1632	latex_code	erasure\_\allowbreak{}irreversible	erasure_irreversible	proof	Theorem	Thermodynamic.LandauerDerived.erasure_irreversible	unique_suffix
monograph/thiele_machine_math_spec.tex	1633	latex_code	erasure\_\allowbreak{}decreases\_\allowbreak{}entropy	erasure_decreases_entropy	proof	Lemma	Thermodynamic.LandauerDerived.erasure_decreases_entropy	unique_suffix
monograph/thiele_machine_math_spec.tex	1634	latex_code	PhysicalErasure	PhysicalErasure	nonproof	Record		Record@coq/thermodynamic/LandauerDerived.v:179
monograph/thiele_machine_math_spec.tex	1634	latex_code	landauer\_\allowbreak{}information\_\allowbreak{}bound	landauer_information_bound	proof	Theorem	Thermodynamic.LandauerDerived.landauer_information_bound	unique_suffix
monograph/thiele_machine_math_spec.tex	1635	latex_code	erasure\_\allowbreak{}additive	erasure_additive	proof	Lemma	Thermodynamic.LandauerDerived.erasure_additive	unique_suffix
monograph/thiele_machine_math_spec.tex	1638	latex_code	PhysicalErasure	PhysicalErasure	nonproof	Record		Record@coq/thermodynamic/LandauerDerived.v:179
monograph/thiele_machine_math_spec.tex	1638	latex_code	VMState.v	VMState.v	nonproof	nonproof_token		excluded_nonproof_token
monograph/thiele_machine_math_spec.tex	1638	latex_code	bits\_\allowbreak{}erased	bits_erased	nonproof	Definition		Definition@coq/thermodynamic/LandauerDerived.v:81
monograph/thiele_machine_math_spec.tex	1638	latex_code	landauer\_\allowbreak{}information\_\allowbreak{}bound	landauer_information_bound	proof	Theorem	Thermodynamic.LandauerDerived.landauer_information_bound	unique_suffix
monograph/thiele_machine_math_spec.tex	1638	latex_code	mu	mu	nonproof	Definition		Definition@coq/nofi/Instance_Kernel.v:57;Definition@coq/thermodynamic/LandauerDerived.v:227
monograph/thiele_machine_math_spec.tex	1638	latex_code	second\_\allowbreak{}law\_\allowbreak{}satisfied	second_law_satisfied	nonproof	nonproof_token		excluded_nonproof_token
monograph/thiele_machine_math_spec.tex	1638	latex_code	vm\_\allowbreak{}mu	vm_mu	nonproof	nonproof_token		excluded_nonproof_token
monograph/thiele_machine_math_spec.tex	1644	latex_code	coq/\allowbreak{}kernel/\allowbreak{}frontier/\allowbreak{}F1\_\allowbreak{}StrongForm.v	F1_StrongForm.v	nonproof	nonproof_token		excluded_nonproof_token
monograph/thiele_machine_math_spec.tex	1644	latex_code	coq/\allowbreak{}kernel/\allowbreak{}frontier/\allowbreak{}F1\_\allowbreak{}StrongForm.v	coq	nonproof	nonproof_token		excluded_nonproof_token
monograph/thiele_machine_math_spec.tex	1644	latex_code	coq/\allowbreak{}kernel/\allowbreak{}frontier/\allowbreak{}F1\_\allowbreak{}StrongForm.v	frontier	nonproof	nonproof_token		excluded_nonproof_token
monograph/thiele_machine_math_spec.tex	1644	latex_code	coq/\allowbreak{}kernel/\allowbreak{}frontier/\allowbreak{}F1\_\allowbreak{}StrongForm.v	kernel	nonproof	nonproof_token		excluded_nonproof_token
monograph/thiele_machine_math_spec.tex	1645	latex_theorem_label	f1_strong_form	f1_strong_form	proof	Theorem	Kernel.F1_StrongForm.F1_strong_form_universal	label_proof
monograph/thiele_machine_math_spec.tex	1649	latex_code	cost\_\allowbreak{}dissipation\_\allowbreak{}calibrated	cost_dissipation_calibrated	nonproof	Definition		Definition@coq/kernel/frontier/F1_StrongForm.v:57
monograph/thiele_machine_math_spec.tex	1651	latex_code	instruction\_\allowbreak{}cost	instruction_cost	nonproof	Definition		Definition@coq/ThieleMachineComplete.v:2319;Definition@coq/kernel/foundation/VMStep.v:231
monograph/thiele_machine_math_spec.tex	1655	latex_code	F1\_\allowbreak{}physical\_\allowbreak{}premises\_\allowbreak{}incompatible	F1_physical_premises_incompatible	proof	Theorem	Kernel.F1_StrongForm.F1_physical_premises_incompatible	unique_suffix
monograph/thiele_machine_math_spec.tex	1655	latex_code	JUMP	JUMP	nonproof	nonproof_token		excluded_nonproof_token
monograph/thiele_machine_math_spec.tex	1655	latex_code	step\_\allowbreak{}collapses\_\allowbreak{}bool\_\allowbreak{}classes	step_collapses_bool_classes	nonproof	Definition		Definition@coq/kernel/frontier/F1_LogicalErasure.v:49
monograph/thiele_machine_math_spec.tex	1670	latex_code	cost\_\allowbreak{}dissipation\_\allowbreak{}calibrated	cost_dissipation_calibrated	nonproof	Definition		Definition@coq/kernel/frontier/F1_StrongForm.v:57
monograph/thiele_machine_math_spec.tex	1689	latex_code	coq/\allowbreak{}kernel/\allowbreak{}nfi/\allowbreak{}PermanentCertification.v	PermanentCertification.v	nonproof	nonproof_token		excluded_nonproof_token
monograph/thiele_machine_math_spec.tex	1689	latex_code	coq/\allowbreak{}kernel/\allowbreak{}nfi/\allowbreak{}PermanentCertification.v	coq	nonproof	nonproof_token		excluded_nonproof_token
monograph/thiele_machine_math_spec.tex	1689	latex_code	coq/\allowbreak{}kernel/\allowbreak{}nfi/\allowbreak{}PermanentCertification.v	kernel	nonproof	nonproof_token		excluded_nonproof_token
monograph/thiele_machine_math_spec.tex	1689	latex_code	coq/\allowbreak{}kernel/\allowbreak{}nfi/\allowbreak{}PermanentCertification.v	nfi	nonproof	nonproof_token		excluded_nonproof_token
monograph/thiele_machine_math_spec.tex	1690	latex_code	permanent\_\allowbreak{}flip\_\allowbreak{}is\_\allowbreak{}not\_\allowbreak{}injective	permanent_flip_is_not_injective	proof	Theorem	Kernel.PermanentCertification.permanent_flip_is_not_injective	unique_suffix
monograph/thiele_machine_math_spec.tex	1690	latex_code	permanent\_\allowbreak{}flips\_\allowbreak{}collapse\_\allowbreak{}at\_\allowbreak{}least	permanent_flips_collapse_at_least	proof	Theorem	Kernel.PermanentCertification.permanent_flips_collapse_at_least	unique_suffix
monograph/thiele_machine_math_spec.tex	1693	latex_code	PermanentCertification.v	PermanentCertification.v	nonproof	nonproof_token		excluded_nonproof_token
monograph/thiele_machine_math_spec.tex	1694	latex_code	CertificationSystem	CertificationSystem	nonproof	Record		Record@coq/kernel/nfi/UniversalCertificationCost.v:30
monograph/thiele_machine_math_spec.tex	1694	latex_code	CommitmentVsErasure.v	CommitmentVsErasure.v	nonproof	nonproof_token		excluded_nonproof_token
monograph/thiele_machine_math_spec.tex	1694	latex_code	a2\_\allowbreak{}from\_\allowbreak{}merging\_\allowbreak{}price\_\allowbreak{}and\_\allowbreak{}permanence	a2_from_merging_price_and_permanence	proof	Theorem	Kernel.PermanentCertification.a2_from_merging_price_and_permanence	unique_suffix
monograph/thiele_machine_math_spec.tex	1694	latex_code	certification\_\allowbreak{}system\_\allowbreak{}from\_\allowbreak{}merging\_\allowbreak{}price	certification_system_from_merging_price	nonproof	Definition		Definition@coq/kernel/nfi/PermanentCertification.v:200
monograph/thiele_machine_math_spec.tex	1694	latex_code	commit\_\allowbreak{}without\_\allowbreak{}erasure\_\allowbreak{}system\_\allowbreak{}is\_\allowbreak{}not\_\allowbreak{}honest	commit_without_erasure_system_is_not_honest	proof	Theorem	Kernel.PermanentCertification.commit_without_erasure_system_is_not_honest	unique_suffix
monograph/thiele_machine_math_spec.tex	1694	latex_code	honest\_\allowbreak{}erasure\_\allowbreak{}accounting\_\allowbreak{}implies\_\allowbreak{}a2	honest_erasure_accounting_implies_a2	proof	Theorem	Kernel.PermanentCertification.honest_erasure_accounting_implies_a2	unique_suffix
monograph/thiele_machine_math_spec.tex	1694	latex_code	permanent\_\allowbreak{}certification\_\allowbreak{}trace\_\allowbreak{}floor	permanent_certification_trace_floor	proof	Theorem	Kernel.PermanentCertification.permanent_certification_trace_floor	unique_suffix
monograph/thiele_machine_math_spec.tex	1698	latex_code	FiniteCertMachine.v	FiniteCertMachine.v	nonproof	nonproof_token		excluded_nonproof_token
monograph/thiele_machine_math_spec.tex	1698	latex_code	JUMP	JUMP	nonproof	nonproof_token		excluded_nonproof_token
monograph/thiele_machine_math_spec.tex	1698	latex_code	free\_\allowbreak{}merge\_\allowbreak{}escapes	free_merge_escapes	proof	Theorem	Kernel.PermanentCertification.free_merge_escapes	unique_suffix
monograph/thiele_machine_math_spec.tex	1698	latex_code	priced\_\allowbreak{}reset\_\allowbreak{}satisfies\_\allowbreak{}premises	priced_reset_satisfies_premises	proof	Theorem	Kernel.PermanentCertification.priced_reset_satisfies_premises	unique_suffix
monograph/thiele_machine_math_spec.tex	1698	latex_code	revocable\_\allowbreak{}certificate\_\allowbreak{}escapes	revocable_certificate_escapes	proof	Theorem	Kernel.PermanentCertification.revocable_certificate_escapes	unique_suffix
monograph/thiele_machine_math_spec.tex	1698	latex_code	unbounded\_\allowbreak{}history\_\allowbreak{}escapes	unbounded_history_escapes	proof	Theorem	Kernel.PermanentCertification.unbounded_history_escapes	unique_suffix
monograph/thiele_machine_math_spec.tex	1698	latex_code	vm\_\allowbreak{}prices\_\allowbreak{}certifying\_\allowbreak{}merge\_\allowbreak{}leaves\_\allowbreak{}others\_\allowbreak{}free	vm_prices_certifying_merge_leaves_others_free	proof	Theorem	Kernel.FiniteCertMachine.vm_prices_certifying_merge_leaves_others_free	unique_suffix
monograph/thiele_machine_math_spec.tex	1702	latex_code	decoding\_\allowbreak{}requires\_\allowbreak{}fiber\_\allowbreak{}constancy	decoding_requires_fiber_constancy	proof	Theorem	Kernel.ObservationPolicy.decoding_requires_fiber_constancy	unique_suffix
monograph/thiele_machine_math_spec.tex	1705	latex_code	coq/\allowbreak{}kernel/\allowbreak{}nfi/\allowbreak{}PermanentRecordPricing.v	PermanentRecordPricing.v	nonproof	nonproof_token		excluded_nonproof_token
monograph/thiele_machine_math_spec.tex	1705	latex_code	coq/\allowbreak{}kernel/\allowbreak{}nfi/\allowbreak{}PermanentRecordPricing.v	coq	nonproof	nonproof_token		excluded_nonproof_token
monograph/thiele_machine_math_spec.tex	1705	latex_code	coq/\allowbreak{}kernel/\allowbreak{}nfi/\allowbreak{}PermanentRecordPricing.v	kernel	nonproof	nonproof_token		excluded_nonproof_token
monograph/thiele_machine_math_spec.tex	1705	latex_code	coq/\allowbreak{}kernel/\allowbreak{}nfi/\allowbreak{}PermanentRecordPricing.v	nfi	nonproof	nonproof_token		excluded_nonproof_token
monograph/thiele_machine_math_spec.tex	1706	latex_code	a2\_\allowbreak{}from\_\allowbreak{}compression\_\allowbreak{}price\_\allowbreak{}and\_\allowbreak{}permanence	a2_from_compression_price_and_permanence	proof	Theorem	Kernel.PermanentRecordPricing.a2_from_compression_price_and_permanence	unique_suffix
monograph/thiele_machine_math_spec.tex	1706	latex_code	compression\_\allowbreak{}priced	compression_priced	nonproof	Definition		Definition@coq/kernel/nfi/PermanentRecordPricing.v:84
monograph/thiele_machine_math_spec.tex	1706	latex_code	permanent\_\allowbreak{}flips\_\allowbreak{}compression\_\allowbreak{}bound	permanent_flips_compression_bound	proof	Theorem	Kernel.PermanentRecordPricing.permanent_flips_compression_bound	unique_suffix
monograph/thiele_machine_math_spec.tex	1706	latex_code	permanent\_\allowbreak{}flips\_\allowbreak{}log\_\allowbreak{}bound	permanent_flips_log_bound	proof	Theorem	Kernel.PermanentRecordPricing.permanent_flips_log_bound	unique_suffix
monograph/thiele_machine_math_spec.tex	1706	latex_code	quad\_\allowbreak{}stamp\_\allowbreak{}cost\_\allowbreak{}two\_\allowbreak{}is\_\allowbreak{}priced	quad_stamp_cost_two_is_priced	proof	Theorem	Kernel.PermanentRecordPricing.quad_stamp_cost_two_is_priced	unique_suffix
monograph/thiele_machine_math_spec.tex	1706	latex_code	quad\_\allowbreak{}stamp\_\allowbreak{}needs\_\allowbreak{}two	quad_stamp_needs_two	proof	Theorem	Kernel.PermanentRecordPricing.quad_stamp_needs_two	unique_suffix
monograph/thiele_machine_math_spec.tex	1709	latex_code	PermanentRecordPricing.v	PermanentRecordPricing.v	nonproof	nonproof_token		excluded_nonproof_token
monograph/thiele_machine_math_spec.tex	1710	latex_code	compression\_\allowbreak{}priced\_\allowbreak{}trace\_\allowbreak{}floor	compression_priced_trace_floor	proof	Theorem	Kernel.PermanentRecordPricing.compression_priced_trace_floor	unique_suffix
monograph/thiele_machine_math_spec.tex	1710	latex_code	flip\_\allowbreak{}merges\_\allowbreak{}or\_\allowbreak{}revokes	flip_merges_or_revokes	proof	Theorem	Kernel.PermanentRecordPricing.flip_merges_or_revokes	unique_suffix
monograph/thiele_machine_math_spec.tex	1710	latex_code	forced\_\allowbreak{}price\_\allowbreak{}without\_\allowbreak{}permanent\_\allowbreak{}record	forced_price_without_permanent_record	proof	Theorem	Kernel.PermanentRecordPricing.forced_price_without_permanent_record	unique_suffix
monograph/thiele_machine_math_spec.tex	1710	latex_code	forced\_\allowbreak{}priced\_\allowbreak{}iff\_\allowbreak{}merges	forced_priced_iff_merges	proof	Theorem	Kernel.PermanentRecordPricing.forced_priced_iff_merges	unique_suffix
monograph/thiele_machine_math_spec.tex	1710	latex_code	merging\_\allowbreak{}steps\_\allowbreak{}priced	merging_steps_priced	nonproof	Definition		Definition@coq/kernel/nfi/PermanentCertification.v:169
monograph/thiele_machine_math_spec.tex	1710	latex_code	permanent\_\allowbreak{}record\_\allowbreak{}write\_\allowbreak{}is\_\allowbreak{}forced\_\allowbreak{}priced	permanent_record_write_is_forced_priced	proof	Corollary	Kernel.PermanentRecordPricing.permanent_record_write_is_forced_priced	unique_suffix
monograph/thiele_machine_math_spec.tex	1710	latex_code	universal\_\allowbreak{}nfi\_\allowbreak{}any\_\allowbreak{}substrate	universal_nfi_any_substrate	proof	Theorem	Kernel.UniversalCertificationCost.universal_nfi_any_substrate	unique_suffix
monograph/thiele_machine_math_spec.tex	1713	latex_code	coq/\allowbreak{}kernel/\allowbreak{}nfi/\allowbreak{}PermanentCertificationEntropy.v	PermanentCertificationEntropy.v	nonproof	nonproof_token		excluded_nonproof_token
monograph/thiele_machine_math_spec.tex	1713	latex_code	coq/\allowbreak{}kernel/\allowbreak{}nfi/\allowbreak{}PermanentCertificationEntropy.v	coq	nonproof	nonproof_token		excluded_nonproof_token
monograph/thiele_machine_math_spec.tex	1713	latex_code	coq/\allowbreak{}kernel/\allowbreak{}nfi/\allowbreak{}PermanentCertificationEntropy.v	kernel	nonproof	nonproof_token		excluded_nonproof_token
monograph/thiele_machine_math_spec.tex	1713	latex_code	coq/\allowbreak{}kernel/\allowbreak{}nfi/\allowbreak{}PermanentCertificationEntropy.v	nfi	nonproof	nonproof_token		excluded_nonproof_token
monograph/thiele_machine_math_spec.tex	1714	latex_code	a2\_\allowbreak{}from\_\allowbreak{}entropy\_\allowbreak{}price\_\allowbreak{}and\_\allowbreak{}permanence	a2_from_entropy_price_and_permanence	proof	Theorem	Kernel.PermanentCertificationEntropy.a2_from_entropy_price_and_permanence	unique_suffix
monograph/thiele_machine_math_spec.tex	1714	latex_code	classic	classic	nonproof	nonproof_token		excluded_nonproof_token
monograph/thiele_machine_math_spec.tex	1714	latex_code	entropy\_\allowbreak{}drop\_\allowbreak{}as\_\allowbreak{}point\_\allowbreak{}sum	entropy_drop_as_point_sum	proof	Theorem	Kernel.PermanentCertificationEntropy.entropy_drop_as_point_sum	unique_suffix
monograph/thiele_machine_math_spec.tex	1714	latex_code	entropy\_\allowbreak{}drop\_\allowbreak{}nonneg	entropy_drop_nonneg	proof	Theorem	Kernel.PermanentCertificationEntropy.entropy_drop_nonneg	unique_suffix
monograph/thiele_machine_math_spec.tex	1714	latex_code	entropy\_\allowbreak{}drop\_\allowbreak{}pos\_\allowbreak{}of\_\allowbreak{}support\_\allowbreak{}merge	entropy_drop_pos_of_support_merge	proof	Theorem	Kernel.PermanentCertificationEntropy.entropy_drop_pos_of_support_merge	unique_suffix
monograph/thiele_machine_math_spec.tex	1714	latex_code	entropy\_\allowbreak{}le\_\allowbreak{}log\_\allowbreak{}support	entropy_le_log_support	proof	Theorem	Kernel.PermanentCertificationEntropy.entropy_le_log_support	unique_suffix
monograph/thiele_machine_math_spec.tex	1714	latex_code	entropy\_\allowbreak{}priced\_\allowbreak{}trace\_\allowbreak{}floor	entropy_priced_trace_floor	proof	Theorem	Kernel.PermanentCertificationEntropy.entropy_priced_trace_floor	unique_suffix
monograph/thiele_machine_math_spec.tex	1714	latex_code	functional\_\allowbreak{}extensionality\_\allowbreak{}dep	functional_extensionality_dep	nonproof	nonproof_token		excluded_nonproof_token
monograph/thiele_machine_math_spec.tex	1714	latex_code	known\_\allowbreak{}state\_\allowbreak{}flip\_\allowbreak{}forces\_\allowbreak{}no\_\allowbreak{}heat	known_state_flip_forces_no_heat	proof	Theorem	Kernel.PermanentCertificationEntropy.known_state_flip_forces_no_heat	unique_suffix
monograph/thiele_machine_math_spec.tex	1714	latex_code	known\_\allowbreak{}state\_\allowbreak{}step\_\allowbreak{}removes\_\allowbreak{}no\_\allowbreak{}entropy	known_state_step_removes_no_entropy	proof	Theorem	Kernel.PermanentCertificationEntropy.known_state_step_removes_no_entropy	unique_suffix
monograph/thiele_machine_math_spec.tex	1714	latex_code	landauer\_\allowbreak{}heat	landauer_heat	nonproof	Definition		Definition@coq/kernel/nfi/PermanentCertificationEntropy.v:816
monograph/thiele_machine_math_spec.tex	1714	latex_code	permanent\_\allowbreak{}flip\_\allowbreak{}full\_\allowbreak{}support\_\allowbreak{}entropy\_\allowbreak{}drop\_\allowbreak{}positive	permanent_flip_full_support_entropy_drop_positive	proof	Theorem	Kernel.PermanentCertificationEntropy.permanent_flip_full_support_entropy_drop_positive	unique_suffix
monograph/thiele_machine_math_spec.tex	1714	latex_code	permanent\_\allowbreak{}flip\_\allowbreak{}full\_\allowbreak{}support\_\allowbreak{}heat\_\allowbreak{}positive	permanent_flip_full_support_heat_positive	proof	Theorem	Kernel.PermanentCertificationEntropy.permanent_flip_full_support_heat_positive	unique_suffix
monograph/thiele_machine_math_spec.tex	1714	latex_code	permanent\_\allowbreak{}flip\_\allowbreak{}heat\_\allowbreak{}floor	permanent_flip_heat_floor	proof	Theorem	Kernel.PermanentCertificationEntropy.permanent_flip_heat_floor	unique_suffix
monograph/thiele_machine_math_spec.tex	1714	latex_code	permanent\_\allowbreak{}flip\_\allowbreak{}heat\_\allowbreak{}positive	permanent_flip_heat_positive	proof	Theorem	Kernel.PermanentCertificationEntropy.permanent_flip_heat_positive	unique_suffix
monograph/thiele_machine_math_spec.tex	1714	latex_code	permanent\_\allowbreak{}flip\_\allowbreak{}uniform\_\allowbreak{}entropy\_\allowbreak{}drop	permanent_flip_uniform_entropy_drop	proof	Theorem	Kernel.PermanentCertificationEntropy.permanent_flip_uniform_entropy_drop	unique_suffix
monograph/thiele_machine_math_spec.tex	1714	latex_code	permanent\_\allowbreak{}step\_\allowbreak{}entropy\_\allowbreak{}ceiling	permanent_step_entropy_ceiling	proof	Theorem	Kernel.PermanentCertificationEntropy.permanent_step_entropy_ceiling	unique_suffix
monograph/thiele_machine_math_spec.tex	1714	latex_code	sig\_\allowbreak{}forall\_\allowbreak{}dec	sig_forall_dec	nonproof	nonproof_token		excluded_nonproof_token
monograph/thiele_machine_math_spec.tex	1714	latex_code	sig\_\allowbreak{}not\_\allowbreak{}dec	sig_not_dec	nonproof	nonproof_token		excluded_nonproof_token
monograph/thiele_machine_math_spec.tex	1714	latex_code	step\_\allowbreak{}entropy\_\allowbreak{}invariant\_\allowbreak{}if\_\allowbreak{}injective	step_entropy_invariant_if_injective	proof	Theorem	Kernel.PermanentCertificationEntropy.step_entropy_invariant_if_injective	unique_suffix
monograph/thiele_machine_math_spec.tex	1714	latex_code	universal\_\allowbreak{}nfi\_\allowbreak{}any\_\allowbreak{}substrate	universal_nfi_any_substrate	proof	Theorem	Kernel.UniversalCertificationCost.universal_nfi_any_substrate	unique_suffix
monograph/thiele_machine_math_spec.tex	1717	latex_code	coq/\allowbreak{}kernel/\allowbreak{}nfi/\allowbreak{}FiniteCertMachine.v	FiniteCertMachine.v	nonproof	nonproof_token		excluded_nonproof_token
monograph/thiele_machine_math_spec.tex	1717	latex_code	coq/\allowbreak{}kernel/\allowbreak{}nfi/\allowbreak{}FiniteCertMachine.v	coq	nonproof	nonproof_token		excluded_nonproof_token
monograph/thiele_machine_math_spec.tex	1717	latex_code	coq/\allowbreak{}kernel/\allowbreak{}nfi/\allowbreak{}FiniteCertMachine.v	kernel	nonproof	nonproof_token		excluded_nonproof_token
monograph/thiele_machine_math_spec.tex	1717	latex_code	coq/\allowbreak{}kernel/\allowbreak{}nfi/\allowbreak{}FiniteCertMachine.v	nfi	nonproof	nonproof_token		excluded_nonproof_token
monograph/thiele_machine_math_spec.tex	1718	latex_code	CERTIFY 0	CERTIFY	nonproof	nonproof_token		excluded_nonproof_token
monograph/thiele_machine_math_spec.tex	1718	latex_code	CHECKPOINT "" 0	CHECKPOINT	nonproof	nonproof_token		excluded_nonproof_token
monograph/thiele_machine_math_spec.tex	1718	latex_code	FNext	FNext	nonproof	nonproof_token		excluded_nonproof_token
monograph/thiele_machine_math_spec.tex	1718	latex_code	JUMP	JUMP	nonproof	nonproof_token		excluded_nonproof_token
monograph/thiele_machine_math_spec.tex	1718	latex_code	JUMP	JUMP	nonproof	nonproof_token		excluded_nonproof_token
monograph/thiele_machine_math_spec.tex	1718	latex_code	compression\_\allowbreak{}priced	compression_priced	nonproof	Definition		Definition@coq/kernel/nfi/PermanentRecordPricing.v:84
monograph/thiele_machine_math_spec.tex	1718	latex_code	fiber\_\allowbreak{}bound\_\allowbreak{}compression	fiber_bound_compression	proof	Lemma	Kernel.FiniteCertMachine.fiber_bound_compression	unique_suffix
monograph/thiele_machine_math_spec.tex	1718	latex_code	fin\_\allowbreak{}a2\_\allowbreak{}from\_\allowbreak{}compression\_\allowbreak{}price	fin_a2_from_compression_price	proof	Theorem	Kernel.FiniteCertMachine.fin_a2_from_compression_price	unique_suffix
monograph/thiele_machine_math_spec.tex	1718	latex_code	fin\_\allowbreak{}a2\_\allowbreak{}from\_\allowbreak{}merging\_\allowbreak{}price	fin_a2_from_merging_price	proof	Theorem	Kernel.FiniteCertMachine.fin_a2_from_merging_price	unique_suffix
monograph/thiele_machine_math_spec.tex	1718	latex_code	fin\_\allowbreak{}compression\_\allowbreak{}priced	fin_compression_priced	proof	Theorem	Kernel.FiniteCertMachine.fin_compression_priced	unique_suffix
monograph/thiele_machine_math_spec.tex	1718	latex_code	fin\_\allowbreak{}finite	fin_finite	proof	Theorem	Kernel.FiniteCertMachine.fin_finite	unique_suffix
monograph/thiele_machine_math_spec.tex	1718	latex_code	fin\_\allowbreak{}merging\_\allowbreak{}priced	fin_merging_priced	proof	Theorem	Kernel.FiniteCertMachine.fin_merging_priced	unique_suffix
monograph/thiele_machine_math_spec.tex	1718	latex_code	fin\_\allowbreak{}permanent	fin_permanent	proof	Theorem	Kernel.FiniteCertMachine.fin_permanent	unique_suffix
monograph/thiele_machine_math_spec.tex	1718	latex_code	merging\_\allowbreak{}steps\_\allowbreak{}priced	merging_steps_priced	nonproof	Definition		Definition@coq/kernel/nfi/PermanentCertification.v:169
monograph/thiele_machine_math_spec.tex	1718	latex_code	mu\_delta	mu_delta	nonproof	nonproof_token		excluded_nonproof_token
monograph/thiele_machine_math_spec.tex	1718	latex_code	vm\_\allowbreak{}fragment\_\allowbreak{}certification\_\allowbreak{}paid	vm_fragment_certification_paid	proof	Theorem	Kernel.FiniteCertMachine.vm_fragment_certification_paid	unique_suffix
monograph/thiele_machine_math_spec.tex	1718	latex_code	vm\_\allowbreak{}pays\_\allowbreak{}finite\_\allowbreak{}price	vm_pays_finite_price	proof	Theorem	Kernel.FiniteCertMachine.vm_pays_finite_price	unique_suffix
monograph/thiele_machine_math_spec.tex	1718	latex_code	vm\_\allowbreak{}runs\_\allowbreak{}finite\_\allowbreak{}machine	vm_runs_finite_machine	proof	Theorem	Kernel.FiniteCertMachine.vm_runs_finite_machine	unique_suffix
monograph/thiele_machine_math_spec.tex	1718	latex_code	vm\_\allowbreak{}runs\_\allowbreak{}finite\_\allowbreak{}trace	vm_runs_finite_trace	proof	Theorem	Kernel.FiniteCertMachine.vm_runs_finite_trace	unique_suffix
monograph/thiele_machine_math_spec.tex	1718	latex_code	vm\_apply	vm_apply	nonproof	Definition		Definition@coq/ThieleMachineComplete.v:3534;Definition@coq/kernel/foundation/SimulationProof.v:262
monograph/thiele_machine_math_spec.tex	1718	latex_code	vm\_certified	vm_certified	nonproof	nonproof_token		excluded_nonproof_token
monograph/thiele_machine_math_spec.tex	1718	latex_code	vm\_pc	vm_pc	nonproof	nonproof_token		excluded_nonproof_token
monograph/thiele_machine_math_spec.tex	1721	latex_code	FiniteCertMachine.v	FiniteCertMachine.v	nonproof	nonproof_token		excluded_nonproof_token
monograph/thiele_machine_math_spec.tex	1722	latex_code	CERTIFY	CERTIFY	nonproof	nonproof_token		excluded_nonproof_token
monograph/thiele_machine_math_spec.tex	1722	latex_code	JUMP 0 0	JUMP	nonproof	nonproof_token		excluded_nonproof_token
monograph/thiele_machine_math_spec.tex	1722	latex_code	merging\_\allowbreak{}steps\_\allowbreak{}priced	merging_steps_priced	nonproof	Definition		Definition@coq/kernel/nfi/PermanentCertification.v:169
monograph/thiele_machine_math_spec.tex	1722	latex_code	no\_\allowbreak{}free\_\allowbreak{}certification\_\allowbreak{}certified	no_free_certification_certified	proof	Theorem	Kernel.AbstractNoFI.no_free_certification_certified	unique_suffix
monograph/thiele_machine_math_spec.tex	1722	latex_code	vm\_\allowbreak{}certify\_\allowbreak{}merges	vm_certify_merges	proof	Theorem	Kernel.FiniteCertMachine.vm_certify_merges	unique_suffix
monograph/thiele_machine_math_spec.tex	1722	latex_code	vm\_\allowbreak{}certifying\_\allowbreak{}step\_\allowbreak{}is\_\allowbreak{}priced\_\allowbreak{}merge	vm_certifying_step_is_priced_merge	proof	Theorem	Kernel.FiniteCertMachine.vm_certifying_step_is_priced_merge	unique_suffix
monograph/thiele_machine_math_spec.tex	1722	latex_code	vm\_\allowbreak{}jump\_\allowbreak{}is\_\allowbreak{}free\_\allowbreak{}merge	vm_jump_is_free_merge	proof	Theorem	Kernel.FiniteCertMachine.vm_jump_is_free_merge	unique_suffix
monograph/thiele_machine_math_spec.tex	1722	latex_code	vm\_\allowbreak{}prices\_\allowbreak{}certifying\_\allowbreak{}merge\_\allowbreak{}leaves\_\allowbreak{}others\_\allowbreak{}free	vm_prices_certifying_merge_leaves_others_free	proof	Theorem	Kernel.FiniteCertMachine.vm_prices_certifying_merge_leaves_others_free	unique_suffix
monograph/thiele_machine_math_spec.tex	1722	latex_code	vm\_certified	vm_certified	nonproof	nonproof_token		excluded_nonproof_token
monograph/thiele_machine_math_spec.tex	1722	latex_code	vm\_certified	vm_certified	nonproof	nonproof_token		excluded_nonproof_token
monograph/thiele_machine_math_spec.tex	1722	latex_code	vm\_certified	vm_certified	nonproof	nonproof_token		excluded_nonproof_token
monograph/thiele_machine_math_spec.tex	1728	latex_code	coq/\allowbreak{}kernel/\allowbreak{}nfi/\allowbreak{}ShadowPricing.v	ShadowPricing.v	nonproof	nonproof_token		excluded_nonproof_token
monograph/thiele_machine_math_spec.tex	1728	latex_code	coq/\allowbreak{}kernel/\allowbreak{}nfi/\allowbreak{}ShadowPricing.v	coq	nonproof	nonproof_token		excluded_nonproof_token
monograph/thiele_machine_math_spec.tex	1728	latex_code	coq/\allowbreak{}kernel/\allowbreak{}nfi/\allowbreak{}ShadowPricing.v	kernel	nonproof	nonproof_token		excluded_nonproof_token
monograph/thiele_machine_math_spec.tex	1728	latex_code	coq/\allowbreak{}kernel/\allowbreak{}nfi/\allowbreak{}ShadowPricing.v	nfi	nonproof	nonproof_token		excluded_nonproof_token
monograph/thiele_machine_math_spec.tex	1729	latex_code	CERTIFY 0	CERTIFY	nonproof	nonproof_token		excluded_nonproof_token
monograph/thiele_machine_math_spec.tex	1729	latex_code	CERTIFY 0	CERTIFY	nonproof	nonproof_token		excluded_nonproof_token
monograph/thiele_machine_math_spec.tex	1729	latex_code	JUMP 1 0	JUMP	nonproof	nonproof_token		excluded_nonproof_token
monograph/thiele_machine_math_spec.tex	1729	latex_code	JUMP 1 1	JUMP	nonproof	nonproof_token		excluded_nonproof_token
monograph/thiele_machine_math_spec.tex	1729	latex_code	abs\_zero	abs_zero	nonproof	Definition		Definition@coq/ThieleMachineComplete.v:4703;Definition@coq/kernel/nfi/NecessityAbstract.v:155
monograph/thiele_machine_math_spec.tex	1729	latex_code	abs\_zero	abs_zero	nonproof	Definition		Definition@coq/ThieleMachineComplete.v:4703;Definition@coq/kernel/nfi/NecessityAbstract.v:155
monograph/thiele_machine_math_spec.tex	1729	latex_code	abs\_zero	abs_zero	nonproof	Definition		Definition@coq/ThieleMachineComplete.v:4703;Definition@coq/kernel/nfi/NecessityAbstract.v:155
monograph/thiele_machine_math_spec.tex	1729	latex_code	abs\_zero	abs_zero	nonproof	Definition		Definition@coq/ThieleMachineComplete.v:4703;Definition@coq/kernel/nfi/NecessityAbstract.v:155
monograph/thiele_machine_math_spec.tex	1729	latex_code	bare\_\allowbreak{}observable	bare_observable	nonproof	Definition		Definition@coq/kernel/witness/ProjectionNonExistence.v:61
monograph/thiele_machine_math_spec.tex	1729	latex_code	forget	forget	nonproof	Definition		Definition@coq/kernel/witness/BlindnessRepresentation.v:51
monograph/thiele_machine_math_spec.tex	1729	latex_code	shadow\_\allowbreak{}cannot\_\allowbreak{}price\_\allowbreak{}exactly	shadow_cannot_price_exactly	proof	Theorem	Kernel.ShadowPricing.shadow_cannot_price_exactly	unique_suffix
monograph/thiele_machine_math_spec.tex	1729	latex_code	shadow\_\allowbreak{}floor\_\allowbreak{}overcharges	shadow_floor_overcharges	proof	Theorem	Kernel.ShadowPricing.shadow_floor_overcharges	unique_suffix
monograph/thiele_machine_math_spec.tex	1729	latex_code	step\_\allowbreak{}price\_\allowbreak{}is\_\allowbreak{}exact	step_price_is_exact	proof	Theorem	Kernel.ShadowPricing.step_price_is_exact	unique_suffix
monograph/thiele_machine_math_spec.tex	1729	latex_code	vm\_\allowbreak{}bare\_\allowbreak{}observable\_\allowbreak{}collision	vm_bare_observable_collision	proof	Theorem	Kernel.ShadowPricing.vm_bare_observable_collision	unique_suffix
monograph/thiele_machine_math_spec.tex	1729	latex_code	vm\_\allowbreak{}bare\_\allowbreak{}shadow\_\allowbreak{}cannot\_\allowbreak{}price\_\allowbreak{}exactly	vm_bare_shadow_cannot_price_exactly	proof	Theorem	Kernel.ShadowPricing.vm_bare_shadow_cannot_price_exactly	unique_suffix
monograph/thiele_machine_math_spec.tex	1729	latex_code	vm\_\allowbreak{}forget\_\allowbreak{}collision	vm_forget_collision	proof	Theorem	Kernel.ShadowPricing.vm_forget_collision	unique_suffix
monograph/thiele_machine_math_spec.tex	1729	latex_code	vm\_\allowbreak{}forget\_\allowbreak{}shadow\_\allowbreak{}cannot\_\allowbreak{}price\_\allowbreak{}exactly	vm_forget_shadow_cannot_price_exactly	proof	Theorem	Kernel.ShadowPricing.vm_forget_shadow_cannot_price_exactly	unique_suffix
monograph/thiele_machine_math_spec.tex	1729	latex_code	window\_\allowbreak{}showing\_\allowbreak{}reading\_\allowbreak{}has\_\allowbreak{}no\_\allowbreak{}collision	window_showing_reading_has_no_collision	proof	Theorem	Kernel.ShadowPricing.window_showing_reading_has_no_collision	unique_suffix
monograph/thiele_machine_math_spec.tex	1729	latex_code	window\_\allowbreak{}showing\_\allowbreak{}reading\_\allowbreak{}prices\_\allowbreak{}exactly	window_showing_reading_prices_exactly	proof	Theorem	Kernel.ShadowPricing.window_showing_reading_prices_exactly	unique_suffix
monograph/thiele_machine_math_spec.tex	1735	latex_code	coq/\allowbreak{}kernel/\allowbreak{}nfi/\allowbreak{}KnowledgeNarrowing.v	KnowledgeNarrowing.v	nonproof	nonproof_token		excluded_nonproof_token
monograph/thiele_machine_math_spec.tex	1735	latex_code	coq/\allowbreak{}kernel/\allowbreak{}nfi/\allowbreak{}KnowledgeNarrowing.v	coq	nonproof	nonproof_token		excluded_nonproof_token
monograph/thiele_machine_math_spec.tex	1735	latex_code	coq/\allowbreak{}kernel/\allowbreak{}nfi/\allowbreak{}KnowledgeNarrowing.v	kernel	nonproof	nonproof_token		excluded_nonproof_token
monograph/thiele_machine_math_spec.tex	1735	latex_code	coq/\allowbreak{}kernel/\allowbreak{}nfi/\allowbreak{}KnowledgeNarrowing.v	nfi	nonproof	nonproof_token		excluded_nonproof_token
monograph/thiele_machine_math_spec.tex	1736	latex_code	compression\_\allowbreak{}priced	compression_priced	nonproof	Definition		Definition@coq/kernel/nfi/PermanentRecordPricing.v:84
monograph/thiele_machine_math_spec.tex	1738	latex_code	run\_\allowbreak{}narrowing\_\allowbreak{}priced\_\allowbreak{}log	run_narrowing_priced_log	proof	Theorem	Kernel.KnowledgeNarrowing.run_narrowing_priced_log	unique_suffix
monograph/thiele_machine_math_spec.tex	1741	latex_code	KnowledgeNarrowing.v	KnowledgeNarrowing.v	nonproof	nonproof_token		excluded_nonproof_token
monograph/thiele_machine_math_spec.tex	1742	latex_code	XOR\_ADD 2 1 0	XOR_ADD	nonproof	nonproof_token		excluded_nonproof_token
monograph/thiele_machine_math_spec.tex	1742	latex_code	compression\_\allowbreak{}priced	compression_priced	nonproof	Definition		Definition@coq/kernel/nfi/PermanentRecordPricing.v:84
monograph/thiele_machine_math_spec.tex	1742	latex_code	compression\_priced	compression_priced	nonproof	Definition		Definition@coq/kernel/nfi/PermanentRecordPricing.v:84
monograph/thiele_machine_math_spec.tex	1742	latex_code	demon\_\allowbreak{}machine\_\allowbreak{}spread\_\allowbreak{}kept	demon_machine_spread_kept	proof	Theorem	Kernel.KnowledgeNarrowing.demon_machine_spread_kept	unique_suffix
monograph/thiele_machine_math_spec.tex	1742	latex_code	observer\_\allowbreak{}narrowing\_\allowbreak{}can\_\allowbreak{}be\_\allowbreak{}free	observer_narrowing_can_be_free	proof	Theorem	Kernel.KnowledgeNarrowing.observer_narrowing_can_be_free	unique_suffix
monograph/thiele_machine_math_spec.tex	1742	latex_code	vm\_\allowbreak{}observer\_\allowbreak{}narrowing\_\allowbreak{}at\_\allowbreak{}zero\_\allowbreak{}cost	vm_observer_narrowing_at_zero_cost	proof	Theorem	Kernel.KnowledgeNarrowing.vm_observer_narrowing_at_zero_cost	unique_suffix
monograph/thiele_machine_math_spec.tex	1742	latex_code	wipe\_\allowbreak{}costs\_\allowbreak{}at\_\allowbreak{}least\_\allowbreak{}one	wipe_costs_at_least_one	proof	Theorem	Kernel.KnowledgeNarrowing.wipe_costs_at_least_one	unique_suffix
monograph/thiele_machine_math_spec.tex	1748	latex_code	coq/\allowbreak{}kernel/\allowbreak{}foundation/\allowbreak{}LRecursion.v	LRecursion.v	nonproof	nonproof_token		excluded_nonproof_token
monograph/thiele_machine_math_spec.tex	1748	latex_code	coq/\allowbreak{}kernel/\allowbreak{}foundation/\allowbreak{}LRecursion.v	coq	nonproof	nonproof_token		excluded_nonproof_token
monograph/thiele_machine_math_spec.tex	1748	latex_code	coq/\allowbreak{}kernel/\allowbreak{}foundation/\allowbreak{}LRecursion.v	foundation	nonproof	nonproof_token		excluded_nonproof_token
monograph/thiele_machine_math_spec.tex	1748	latex_code	coq/\allowbreak{}kernel/\allowbreak{}foundation/\allowbreak{}LRecursion.v	kernel	nonproof	nonproof_token		excluded_nonproof_token
monograph/thiele_machine_math_spec.tex	1749	latex_code	L\_\allowbreak{}halting\_\allowbreak{}undecidable	L_halting_undecidable	proof	Theorem	Kernel.LRecursion.L_halting_undecidable	unique_suffix
monograph/thiele_machine_math_spec.tex	1749	latex_code	L\_\allowbreak{}recursion\_\allowbreak{}theorem	L_recursion_theorem	proof	Theorem	Kernel.LRecursion.L_recursion_theorem	unique_suffix
monograph/thiele_machine_math_spec.tex	1749	latex_code	L\_\allowbreak{}rice	L_rice	proof	Theorem	Kernel.LRecursion.L_rice	unique_suffix
monograph/thiele_machine_math_spec.tex	1749	latex_code	Q\_\allowbreak{}spec	Q_spec	proof	Lemma	Kernel.LRecursion.Q_spec	unique_suffix
monograph/thiele_machine_math_spec.tex	1749	latex_code	Substrate	Substrate	nonproof	Class		Class@coq/kernel/foundation/Substrate.v:54
monograph/thiele_machine_math_spec.tex	1749	latex_code	run	run	nonproof	Definition,Fixpoint		Definition@coq/nofi/Instance_Kernel.v:52;Fixpoint@coq/kernel/nfi/CostFrameworks.v:57;Fixpoint@coq/kernel/nfi/CostSemanticsComparison.v:84;Fixpoint@coq/kernel/nfi/KnowledgeNarrowing.v:68
monograph/thiele_machine_math_spec.tex	1749	latex_code	second\_\allowbreak{}recursion	second_recursion	proof	Theorem	Kernel.LRecursion.second_recursion	unique_suffix
monograph/thiele_machine_math_spec.tex	1755	latex_code	coq/\allowbreak{}kernel/\allowbreak{}thermodynamic/\allowbreak{}DimensionalGapTheorem.v	DimensionalGapTheorem.v	nonproof	nonproof_token		excluded_nonproof_token
monograph/thiele_machine_math_spec.tex	1755	latex_code	coq/\allowbreak{}kernel/\allowbreak{}thermodynamic/\allowbreak{}DimensionalGapTheorem.v	coq	nonproof	nonproof_token		excluded_nonproof_token
monograph/thiele_machine_math_spec.tex	1755	latex_code	coq/\allowbreak{}kernel/\allowbreak{}thermodynamic/\allowbreak{}DimensionalGapTheorem.v	kernel	nonproof	nonproof_token		excluded_nonproof_token
monograph/thiele_machine_math_spec.tex	1755	latex_code	coq/\allowbreak{}kernel/\allowbreak{}thermodynamic/\allowbreak{}DimensionalGapTheorem.v	thermodynamic	nonproof	nonproof_token		excluded_nonproof_token
monograph/thiele_machine_math_spec.tex	1756	latex_theorem_label	dimensional_gap	dimensional_gap	proof	Theorem	Kernel.DimensionalGapTheorem.dimensional_gap_forces_constant	label_proof
monograph/thiele_machine_math_spec.tex	1789	latex_code	SecondLawBoltzmannWall.v	SecondLawBoltzmannWall.v	nonproof	nonproof_token		excluded_nonproof_token
monograph/thiele_machine_math_spec.tex	1804	latex_code	System	System	nonproof	Record		Record@coq/self_reference/SelfReference.v:22
monograph/thiele_machine_math_spec.tex	1804	latex_code	VMState	VMState	nonproof	Record		Record@coq/ThieleMachineComplete.v:1582;Record@coq/kernel/foundation/VMState.v:1931
monograph/thiele_machine_math_spec.tex	1804	latex_code	dimension	dimension	nonproof	nonproof_token		excluded_nonproof_token
monograph/thiele_machine_math_spec.tex	1804	latex_code	dimension	dimension	nonproof	nonproof_token		excluded_nonproof_token
monograph/thiele_machine_math_spec.tex	1804	latex_code	mu\_\allowbreak{}cost	mu_cost	nonproof	Definition		Definition@coq/kernel/nfi/NoFreeInsight.v:75;Definition@coq/thiele_manifold/ThieleManifold.v:170
monograph/thiele_machine_math_spec.tex	1804	latex_code	vm\_\allowbreak{}mu	vm_mu	nonproof	nonproof_token		excluded_nonproof_token
monograph/thiele_machine_math_spec.tex	1810	latex_code	dimension	dimension	nonproof	nonproof_token		excluded_nonproof_token
monograph/thiele_machine_math_spec.tex	1810	latex_code	meta\_\allowbreak{}system	meta_system	nonproof	Definition		Definition@coq/self_reference/SelfReference.v:47
monograph/thiele_machine_math_spec.tex	1820	latex_code	canonical\_\allowbreak{}manifold	canonical_manifold	nonproof	Definition		Definition@coq/thiele_manifold/ThieleManifold.v:77
monograph/thiele_machine_math_spec.tex	1831	latex_code	mu\_\allowbreak{}cost	mu_cost	nonproof	Definition		Definition@coq/kernel/nfi/NoFreeInsight.v:75;Definition@coq/thiele_manifold/ThieleManifold.v:170
monograph/thiele_machine_math_spec.tex	1831	latex_code	mu\_\allowbreak{}cost\_\allowbreak{}positive\_\allowbreak{}for\_\allowbreak{}projection	mu_cost_positive_for_projection	proof	Lemma	ThieleManifold.ThieleManifold.mu_cost_positive_for_projection	unique_suffix
monograph/thiele_machine_math_spec.tex	1833	latex_code	pi4	pi4	nonproof	Definition		Definition@coq/thiele_manifold/ThieleManifold.v:164
monograph/thiele_machine_math_spec.tex	1833	latex_code	spacetime\_\allowbreak{}shadow	spacetime_shadow	nonproof	Definition		Definition@coq/thiele_manifold/ThieleManifold.v:200
monograph/thiele_machine_math_spec.tex	1871	latex_code	WFDrivenPrecondition	WFDrivenPrecondition	nonproof	Definition		Definition@coq/kami_hw/GraphReconstructionBridge.v:3828
monograph/thiele_machine_math_spec.tex	1871	latex_code	driven\_\allowbreak{}step\_\allowbreak{}wf	driven_step_wf	proof	Theorem	KamiHW.GraphReconstructionBridge.driven_step_wf	unique_suffix
monograph/thiele_machine_math_spec.tex	1871	latex_code	rtl\_\allowbreak{}gap\_\allowbreak{}registry\_\allowbreak{}empty	rtl_gap_registry_empty	proof	Theorem	KamiHW.RTLGapRegistry.rtl_gap_registry_empty	unique_suffix
monograph/thiele_machine_math_spec.tex	1871	latex_code	rtl\_\allowbreak{}inventory\_\allowbreak{}arithmetic	rtl_inventory_arithmetic	proof	Theorem	KamiHW.RTLGapRegistry.rtl_inventory_arithmetic	unique_suffix
monograph/thiele_machine_math_spec.tex	1875	latex_code	CHSH\_\allowbreak{}LASSERT	CHSH_LASSERT	nonproof	nonproof_token		excluded_nonproof_token
monograph/thiele_machine_math_spec.tex	1875	latex_code	coq/\allowbreak{}kami\_\allowbreak{}hw/\allowbreak{}EmbedStep.v	EmbedStep.v	nonproof	nonproof_token		excluded_nonproof_token
monograph/thiele_machine_math_spec.tex	1875	latex_code	coq/\allowbreak{}kami\_\allowbreak{}hw/\allowbreak{}EmbedStep.v	coq	nonproof	nonproof_token		excluded_nonproof_token
monograph/thiele_machine_math_spec.tex	1875	latex_code	coq/\allowbreak{}kami\_\allowbreak{}hw/\allowbreak{}EmbedStep.v	kami_hw	nonproof	nonproof_token		excluded_nonproof_token
monograph/thiele_machine_math_spec.tex	1875	latex_code	coq/\allowbreak{}kami\_\allowbreak{}hw/\allowbreak{}EmbedStep\_\allowbreak{}WF.v	EmbedStep_WF.v	nonproof	nonproof_token		excluded_nonproof_token
monograph/thiele_machine_math_spec.tex	1875	latex_code	coq/\allowbreak{}kami\_\allowbreak{}hw/\allowbreak{}EmbedStep\_\allowbreak{}WF.v	coq	nonproof	nonproof_token		excluded_nonproof_token
monograph/thiele_machine_math_spec.tex	1875	latex_code	coq/\allowbreak{}kami\_\allowbreak{}hw/\allowbreak{}EmbedStep\_\allowbreak{}WF.v	kami_hw	nonproof	nonproof_token		excluded_nonproof_token
monograph/thiele_machine_math_spec.tex	1875	latex_code	coq/\allowbreak{}kami\_\allowbreak{}hw/\allowbreak{}GraphReconstructionBridge.v	GraphReconstructionBridge.v	nonproof	nonproof_token		excluded_nonproof_token
monograph/thiele_machine_math_spec.tex	1875	latex_code	coq/\allowbreak{}kami\_\allowbreak{}hw/\allowbreak{}GraphReconstructionBridge.v	coq	nonproof	nonproof_token		excluded_nonproof_token
monograph/thiele_machine_math_spec.tex	1875	latex_code	coq/\allowbreak{}kami\_\allowbreak{}hw/\allowbreak{}GraphReconstructionBridge.v	kami_hw	nonproof	nonproof_token		excluded_nonproof_token
monograph/thiele_machine_math_spec.tex	1875	latex_code	coupling\_\allowbreak{}desc\_\allowbreak{}safe	coupling_desc_safe	nonproof	Definition		Definition@coq/kami_hw/GraphReconstructionBridge.v:776
monograph/thiele_machine_math_spec.tex	1875	latex_code	coupling\_\allowbreak{}desc\_\allowbreak{}safe	coupling_desc_safe	nonproof	Definition		Definition@coq/kami_hw/GraphReconstructionBridge.v:776
monograph/thiele_machine_math_spec.tex	1875	latex_code	coupling\_\allowbreak{}desc\_\allowbreak{}safe\_\allowbreak{}kami\_\allowbreak{}step\_\allowbreak{}preserved	coupling_desc_safe_kami_step_preserved	proof	Theorem	KamiHW.GraphReconstructionBridge.coupling_desc_safe_kami_step_preserved	unique_suffix
monograph/thiele_machine_math_spec.tex	1875	latex_code	coupling\_\allowbreak{}wf	coupling_wf	nonproof	Definition		Definition@coq/kami_hw/GraphReconstructionBridge.v:856
monograph/thiele_machine_math_spec.tex	1875	latex_code	coupling\_\allowbreak{}wf	coupling_wf	nonproof	Definition		Definition@coq/kami_hw/GraphReconstructionBridge.v:856
monograph/thiele_machine_math_spec.tex	1875	latex_code	coupling\_\allowbreak{}wf\_\allowbreak{}kami\_\allowbreak{}step\_\allowbreak{}preserved	coupling_wf_kami_step_preserved	proof	Theorem	KamiHW.GraphReconstructionBridge.coupling_wf_kami_step_preserved	unique_suffix
monograph/thiele_machine_math_spec.tex	1875	latex_code	embed\_\allowbreak{}step\_\allowbreak{}compute	embed_step_compute	proof	Theorem	KamiHW.EmbedStep.embed_step_compute	unique_suffix
monograph/thiele_machine_math_spec.tex	1875	latex_code	kami\_\allowbreak{}step	kami_step	nonproof	Definition		Definition@coq/ThieleMachineComplete.v:8779;Definition@coq/kami_hw/Abstraction.v:817
monograph/thiele_machine_math_spec.tex	1875	latex_code	morph\_\allowbreak{}table\_\allowbreak{}wf	morph_table_wf	nonproof	Definition		Definition@coq/kami_hw/GraphReconstructionBridge.v:823
monograph/thiele_machine_math_spec.tex	1875	latex_code	morph\_\allowbreak{}table\_\allowbreak{}wf\_\allowbreak{}kami\_\allowbreak{}step\_\allowbreak{}preserved	morph_table_wf_kami_step_preserved	proof	Theorem	KamiHW.GraphReconstructionBridge.morph_table_wf_kami_step_preserved	unique_suffix
monograph/thiele_machine_math_spec.tex	1875	latex_code	pt\_\allowbreak{}well\_\allowbreak{}formed	pt_well_formed	nonproof	Definition		Definition@coq/kami_hw/GraphReconstructionBridge.v:41
monograph/thiele_machine_math_spec.tex	1883	latex_code	Definition bsc\_\allowbreak{}kami\_\allowbreak{}compilation\_\allowbreak{}trusted	Definition	nonproof	nonproof_token		excluded_nonproof_token
monograph/thiele_machine_math_spec.tex	1883	latex_code	Definition bsc\_\allowbreak{}kami\_\allowbreak{}compilation\_\allowbreak{}trusted	bsc_kami_compilation_trusted	nonproof	Definition		Definition@coq/kernel/hardware_bridge/VerilogRTLCorrespondence.v:68
monograph/thiele_machine_math_spec.tex	1883	latex_code	bsc\_\allowbreak{}kami\_\allowbreak{}compilation\_\allowbreak{}trusted	bsc_kami_compilation_trusted	nonproof	Definition		Definition@coq/kernel/hardware_bridge/VerilogRTLCorrespondence.v:68
monograph/thiele_machine_math_spec.tex	1883	latex_code	coq/\allowbreak{}kernel/\allowbreak{}hardware\_\allowbreak{}bridge/\allowbreak{}VerilogRTLCorrespondence.v	VerilogRTLCorrespondence.v	nonproof	nonproof_token		excluded_nonproof_token
monograph/thiele_machine_math_spec.tex	1883	latex_code	coq/\allowbreak{}kernel/\allowbreak{}hardware\_\allowbreak{}bridge/\allowbreak{}VerilogRTLCorrespondence.v	coq	nonproof	nonproof_token		excluded_nonproof_token
monograph/thiele_machine_math_spec.tex	1883	latex_code	coq/\allowbreak{}kernel/\allowbreak{}hardware\_\allowbreak{}bridge/\allowbreak{}VerilogRTLCorrespondence.v	hardware_bridge	nonproof	nonproof_token		excluded_nonproof_token
monograph/thiele_machine_math_spec.tex	1883	latex_code	coq/\allowbreak{}kernel/\allowbreak{}hardware\_\allowbreak{}bridge/\allowbreak{}VerilogRTLCorrespondence.v	kernel	nonproof	nonproof_token		excluded_nonproof_token
monograph/thiele_machine_math_spec.tex	1883	latex_code	rtl\_\allowbreak{}step\_\allowbreak{}correct	rtl_step_correct	nonproof	nonproof_token		excluded_nonproof_token
monograph/thiele_machine_math_spec.tex	1883	latex_code	test\_\allowbreak{}all\_\allowbreak{}47\_\allowbreak{}opcodes\_\allowbreak{}in\_\allowbreak{}cosim	test_all_47_opcodes_in_cosim	nonproof	nonproof_token		excluded_nonproof_token
monograph/thiele_machine_math_spec.tex	1883	latex_code	tests/\allowbreak{}test\_\allowbreak{}cross\_\allowbreak{}layer\_\allowbreak{}adversarial\_\allowbreak{}fuzz.py	test_cross_layer_adversarial_fuzz.py	nonproof	nonproof_token		excluded_nonproof_token
monograph/thiele_machine_math_spec.tex	1883	latex_code	tests/\allowbreak{}test\_\allowbreak{}cross\_\allowbreak{}layer\_\allowbreak{}adversarial\_\allowbreak{}fuzz.py	tests	nonproof	nonproof_token		excluded_nonproof_token
monograph/thiele_machine_math_spec.tex	1883	latex_code	tests/\allowbreak{}test\_\allowbreak{}fuzz\_\allowbreak{}random\_\allowbreak{}programs.py	test_fuzz_random_programs.py	nonproof	nonproof_token		excluded_nonproof_token
monograph/thiele_machine_math_spec.tex	1883	latex_code	tests/\allowbreak{}test\_\allowbreak{}fuzz\_\allowbreak{}random\_\allowbreak{}programs.py	tests	nonproof	nonproof_token		excluded_nonproof_token
monograph/thiele_machine_math_spec.tex	1883	latex_code	tests/\allowbreak{}test\_\allowbreak{}verilog\_\allowbreak{}cosim.py	test_verilog_cosim.py	nonproof	nonproof_token		excluded_nonproof_token
monograph/thiele_machine_math_spec.tex	1883	latex_code	tests/\allowbreak{}test\_\allowbreak{}verilog\_\allowbreak{}cosim.py	tests	nonproof	nonproof_token		excluded_nonproof_token
monograph/thiele_machine_math_spec.tex	1885	latex_code	A\_\allowbreak{}QM	A_QM	nonproof	nonproof_token		excluded_nonproof_token
monograph/thiele_machine_math_spec.tex	1885	latex_code	A\_\allowbreak{}QM	A_QM	nonproof	nonproof_token		excluded_nonproof_token
monograph/thiele_machine_math_spec.tex	1885	latex_code	Context	Context	nonproof	nonproof_token		excluded_nonproof_token
monograph/thiele_machine_math_spec.tex	1885	latex_code	column\_\allowbreak{}contractive\_\allowbreak{}iff\_\allowbreak{}npa\_\allowbreak{}psd	column_contractive_iff_npa_psd	proof	Corollary	Kernel.QuantumPartitionPSD.column_contractive_iff_npa_psd	unique_suffix
monograph/thiele_machine_math_spec.tex	1885	latex_code	coq/\allowbreak{}PhysicsConditionalClosure.v	PhysicsConditionalClosure.v	nonproof	nonproof_token		excluded_nonproof_token
monograph/thiele_machine_math_spec.tex	1885	latex_code	coq/\allowbreak{}PhysicsConditionalClosure.v	coq	nonproof	nonproof_token		excluded_nonproof_token
monograph/thiele_machine_math_spec.tex	1885	latex_code	master\_\allowbreak{}tsirelson\_\allowbreak{}conditional	master_tsirelson_conditional	proof	Theorem	PhysicsConditionalClosure.master_tsirelson_conditional	explicit_binding
monograph/thiele_machine_math_spec.tex	1898	latex_code	pg\_\allowbreak{}modules	pg_modules	nonproof	nonproof_token		excluded_nonproof_token
monograph/thiele_machine_math_spec.tex	1899	latex_code	pg\_\allowbreak{}morphisms	pg_morphisms	nonproof	nonproof_token		excluded_nonproof_token
monograph/thiele_machine_math_spec.tex	1907	latex_code	MORPH	MORPH	nonproof	nonproof_token		excluded_nonproof_token
monograph/thiele_machine_math_spec.tex	1907	latex_code	regs	regs	nonproof	nonproof_token		excluded_nonproof_token
monograph/thiele_machine_math_spec.tex	1908	latex_code	COMPOSE	COMPOSE	nonproof	nonproof_token		excluded_nonproof_token
monograph/thiele_machine_math_spec.tex	1908	latex_code	regs	regs	nonproof	nonproof_token		excluded_nonproof_token
monograph/thiele_machine_math_spec.tex	1909	latex_code	MORPH\_\allowbreak{}ID	MORPH_ID	nonproof	nonproof_token		excluded_nonproof_token
monograph/thiele_machine_math_spec.tex	1910	latex_code	MORPH\_\allowbreak{}DELETE	MORPH_DELETE	nonproof	nonproof_token		excluded_nonproof_token
monograph/thiele_machine_math_spec.tex	1910	latex_code	graph\_\allowbreak{}cascade\_\allowbreak{}delete\_\allowbreak{}morphisms	graph_cascade_delete_morphisms	nonproof	Definition		Definition@coq/ThieleMachineComplete.v:1478;Definition@coq/kernel/foundation/VMState.v:465
monograph/thiele_machine_math_spec.tex	1911	latex_code	MORPH\_\allowbreak{}ASSERT	MORPH_ASSERT	nonproof	nonproof_token		excluded_nonproof_token
monograph/thiele_machine_math_spec.tex	1912	latex_code	MORPH\_\allowbreak{}TENSOR	MORPH_TENSOR	nonproof	nonproof_token		excluded_nonproof_token
monograph/thiele_machine_math_spec.tex	1913	latex_code	MORPH\_\allowbreak{}GET	MORPH_GET	nonproof	nonproof_token		excluded_nonproof_token
monograph/thiele_machine_math_spec.tex	1919	latex_theorem_label	compose_assoc	compose_assoc	proof	Theorem	Kernel.CategoryLaws.relational_compose_assoc	label_proof
monograph/thiele_machine_math_spec.tex	1926	latex_theorem_label	graph_compose_assoc	graph_compose_assoc	proof	Theorem	Kernel.CategoryBridge.categorical_extension_nofi_consistent	label_aggregate
monograph/thiele_machine_math_spec.tex	1926	latex_theorem_label	graph_compose_assoc	graph_compose_assoc	proof	Theorem	Kernel.CategoryBridge.morph_graph_compose_assoc	label_aggregate
monograph/thiele_machine_math_spec.tex	1926	latex_theorem_label	graph_compose_assoc	graph_compose_assoc	proof	Theorem	Kernel.CategoryBridge.morph_id_left_coupling	label_aggregate
monograph/thiele_machine_math_spec.tex	1926	latex_theorem_label	graph_compose_assoc	graph_compose_assoc	proof	Theorem	Kernel.CategoryBridge.morph_id_right_coupling	label_aggregate
monograph/thiele_machine_math_spec.tex	1927	latex_code	graph\_\allowbreak{}compose\_\allowbreak{}morphisms	graph_compose_morphisms	nonproof	Definition		Definition@coq/ThieleMachineComplete.v:1487;Definition@coq/kernel/foundation/VMState.v:543
monograph/thiele_machine_math_spec.tex	1928	latex_code	categorical\_\allowbreak{}extension\_\allowbreak{}nofi\_\allowbreak{}consistent	categorical_extension_nofi_consistent	proof	Theorem	Kernel.CategoryBridge.categorical_extension_nofi_consistent	unique_suffix
monograph/thiele_machine_math_spec.tex	1929	latex_code	MORPH\_\allowbreak{}ASSERT	MORPH_ASSERT	nonproof	nonproof_token		excluded_nonproof_token
monograph/thiele_machine_math_spec.tex	1933	latex_theorem_label	tensor_bifunctor	tensor_bifunctor	proof	Theorem	Kernel.CategoryMonoidal.tensor_bifunctor	explicit_binding
monograph/thiele_machine_math_spec.tex	1934	latex_code	graph\_\allowbreak{}tensor\_\allowbreak{}morphisms	graph_tensor_morphisms	nonproof	Definition		Definition@coq/ThieleMachineComplete.v:1516;Definition@coq/kernel/foundation/VMState.v:573
monograph/thiele_machine_math_spec.tex	1942	latex_theorem_label	categorical_separation	categorical_separation	proof	Theorem	Kernel.PartitionSeparation.PartitionSeparation.categorical_separation	explicit_binding
monograph/thiele_machine_math_spec.tex	1945	latex_code	vm\_\allowbreak{}regs	vm_regs	nonproof	nonproof_token		excluded_nonproof_token
monograph/thiele_machine_math_spec.tex	1945	latex_code	vm\_\allowbreak{}regs	vm_regs	nonproof	nonproof_token		excluded_nonproof_token
monograph/thiele_machine_math_spec.tex	1946	latex_code	vm\_\allowbreak{}mem	vm_mem	nonproof	nonproof_token		excluded_nonproof_token
monograph/thiele_machine_math_spec.tex	1946	latex_code	vm\_\allowbreak{}mem	vm_mem	nonproof	nonproof_token		excluded_nonproof_token
monograph/thiele_machine_math_spec.tex	1947	latex_code	vm\_\allowbreak{}mu	vm_mu	nonproof	nonproof_token		excluded_nonproof_token
monograph/thiele_machine_math_spec.tex	1947	latex_code	vm\_\allowbreak{}mu	vm_mu	nonproof	nonproof_token		excluded_nonproof_token
monograph/thiele_machine_math_spec.tex	1948	latex_code	vm\_\allowbreak{}err	vm_err	nonproof	nonproof_token		excluded_nonproof_token
monograph/thiele_machine_math_spec.tex	1948	latex_code	vm\_\allowbreak{}err	vm_err	nonproof	nonproof_token		excluded_nonproof_token
monograph/thiele_machine_math_spec.tex	1950	latex_code	pg\_\allowbreak{}morphisms	pg_morphisms	nonproof	nonproof_token		excluded_nonproof_token
monograph/thiele_machine_math_spec.tex	1950	latex_code	pg\_\allowbreak{}morphisms	pg_morphisms	nonproof	nonproof_token		excluded_nonproof_token
monograph/thiele_machine_math_spec.tex	1950	latex_code	vm\_\allowbreak{}graph	vm_graph	nonproof	nonproof_token		excluded_nonproof_token
monograph/thiele_machine_math_spec.tex	1950	latex_code	vm\_\allowbreak{}graph	vm_graph	nonproof	nonproof_token		excluded_nonproof_token
monograph/thiele_machine_math_spec.tex	1954	latex_code	discriminate	discriminate	nonproof	nonproof_token		excluded_nonproof_token
monograph/thiele_machine_math_spec.tex	1954	latex_code	pg\_\allowbreak{}morphisms	pg_morphisms	nonproof	nonproof_token		excluded_nonproof_token
monograph/thiele_machine_math_spec.tex	1954	latex_code	pg\_\allowbreak{}morphisms	pg_morphisms	nonproof	nonproof_token		excluded_nonproof_token
monograph/thiele_machine_math_spec.tex	1954	latex_code	vm\_\allowbreak{}err	vm_err	nonproof	nonproof_token		excluded_nonproof_token
monograph/thiele_machine_math_spec.tex	1954	latex_code	vm\_\allowbreak{}mem	vm_mem	nonproof	nonproof_token		excluded_nonproof_token
monograph/thiele_machine_math_spec.tex	1954	latex_code	vm\_\allowbreak{}mu	vm_mu	nonproof	nonproof_token		excluded_nonproof_token
monograph/thiele_machine_math_spec.tex	1954	latex_code	vm\_\allowbreak{}regs	vm_regs	nonproof	nonproof_token		excluded_nonproof_token
monograph/thiele_machine_math_spec.tex	1958	latex_code	MORPH\_\allowbreak{}DELETE	MORPH_DELETE	nonproof	nonproof_token		excluded_nonproof_token
monograph/thiele_machine_math_spec.tex	1968	latex_code	certification\_\allowbreak{}requires\_\allowbreak{}positive\_\allowbreak{}mu	certification_requires_positive_mu	proof	Theorem	Kernel.AbstractNoFI.certification_requires_positive_mu	unique_suffix
monograph/thiele_machine_math_spec.tex	1968	latex_code	vm\_\allowbreak{}certified = false	false	nonproof	nonproof_token		excluded_nonproof_token
monograph/thiele_machine_math_spec.tex	1968	latex_code	vm\_\allowbreak{}certified = false	vm_certified	nonproof	nonproof_token		excluded_nonproof_token
monograph/thiele_machine_math_spec.tex	1968	latex_code	vm\_\allowbreak{}certified = true	true	nonproof	nonproof_token		excluded_nonproof_token
monograph/thiele_machine_math_spec.tex	1968	latex_code	vm\_\allowbreak{}certified = true	vm_certified	nonproof	nonproof_token		excluded_nonproof_token
monograph/thiele_machine_math_spec.tex	1972	latex_code	chsh\_\allowbreak{}stat\_\allowbreak{}violation\_\allowbreak{}not\_\allowbreak{}local	chsh_stat_violation_not_local	proof	Theorem	Kernel.CHSHStatisticalBridge.chsh_stat_violation_not_local	unique_suffix
monograph/thiele_machine_math_spec.tex	1976	latex_code	column\_\allowbreak{}contractive\_\allowbreak{}iff\_\allowbreak{}npa\_\allowbreak{}psd	column_contractive_iff_npa_psd	proof	Corollary	Kernel.QuantumPartitionPSD.column_contractive_iff_npa_psd	unique_suffix
monograph/thiele_machine_math_spec.tex	1980	latex_code	mu\_\allowbreak{}hierarchy\_\allowbreak{}theorem	mu_hierarchy_theorem	proof	Theorem	Kernel.MuHierarchyTheorem.mu_hierarchy_theorem	unique_suffix
monograph/thiele_machine_math_spec.tex	1980	latex_code	vm\_\allowbreak{}certified = true	true	nonproof	nonproof_token		excluded_nonproof_token
monograph/thiele_machine_math_spec.tex	1980	latex_code	vm\_\allowbreak{}certified = true	vm_certified	nonproof	nonproof_token		excluded_nonproof_token
monograph/thiele_machine_math_spec.tex	1980	latex_code	vm\_\allowbreak{}mu	vm_mu	nonproof	nonproof_token		excluded_nonproof_token
monograph/thiele_machine_math_spec.tex	1985	latex_code	mu\_\allowbreak{}landauer\_\allowbreak{}unruh\_\allowbreak{}calibrated	mu_landauer_unruh_calibrated	nonproof	Definition		Definition@coq/kernel/curvature/NoFIToEinstein.v:50
monograph/thiele_machine_math_spec.tex	1989	latex_code	PI · d\_\allowbreak{}bc /\allowbreak{} (1 + d\_\allowbreak{}ab + d\_\allowbreak{}ac + d\_\allowbreak{}bc)	PI	nonproof	nonproof_token		excluded_nonproof_token
monograph/thiele_machine_math_spec.tex	1989	latex_code	PI · d\_\allowbreak{}bc /\allowbreak{} (1 + d\_\allowbreak{}ab + d\_\allowbreak{}ac + d\_\allowbreak{}bc)	d_ab	nonproof	nonproof_token		excluded_nonproof_token
monograph/thiele_machine_math_spec.tex	1989	latex_code	PI · d\_\allowbreak{}bc /\allowbreak{} (1 + d\_\allowbreak{}ab + d\_\allowbreak{}ac + d\_\allowbreak{}bc)	d_ac	nonproof	nonproof_token		excluded_nonproof_token
monograph/thiele_machine_math_spec.tex	1989	latex_code	PI · d\_\allowbreak{}bc /\allowbreak{} (1 + d\_\allowbreak{}ab + d\_\allowbreak{}ac + d\_\allowbreak{}bc)	d_bc	nonproof	nonproof_token		excluded_nonproof_token
monograph/thiele_machine_math_spec.tex	1989	latex_code	PI · d\_\allowbreak{}bc /\allowbreak{} (1 + d\_\allowbreak{}ab + d\_\allowbreak{}ac + d\_\allowbreak{}bc)	d_bc	nonproof	nonproof_token		excluded_nonproof_token
monograph/thiele_machine_math_spec.tex	1989	latex_code	coq/\allowbreak{}kernel/\allowbreak{}curvature/\allowbreak{}MuGravity.v	MuGravity.v	nonproof	nonproof_token		excluded_nonproof_token
monograph/thiele_machine_math_spec.tex	1989	latex_code	coq/\allowbreak{}kernel/\allowbreak{}curvature/\allowbreak{}MuGravity.v	coq	nonproof	nonproof_token		excluded_nonproof_token
monograph/thiele_machine_math_spec.tex	1989	latex_code	coq/\allowbreak{}kernel/\allowbreak{}curvature/\allowbreak{}MuGravity.v	curvature	nonproof	nonproof_token		excluded_nonproof_token
monograph/thiele_machine_math_spec.tex	1989	latex_code	coq/\allowbreak{}kernel/\allowbreak{}curvature/\allowbreak{}MuGravity.v	kernel	nonproof	nonproof_token		excluded_nonproof_token
monograph/thiele_machine_math_spec.tex	1989	latex_code	coq/\allowbreak{}kernel/\allowbreak{}foundation/\allowbreak{}VMStep.v	VMStep.v	nonproof	nonproof_token		excluded_nonproof_token
monograph/thiele_machine_math_spec.tex	1989	latex_code	coq/\allowbreak{}kernel/\allowbreak{}foundation/\allowbreak{}VMStep.v	coq	nonproof	nonproof_token		excluded_nonproof_token
monograph/thiele_machine_math_spec.tex	1989	latex_code	coq/\allowbreak{}kernel/\allowbreak{}foundation/\allowbreak{}VMStep.v	foundation	nonproof	nonproof_token		excluded_nonproof_token
monograph/thiele_machine_math_spec.tex	1989	latex_code	coq/\allowbreak{}kernel/\allowbreak{}foundation/\allowbreak{}VMStep.v	kernel	nonproof	nonproof_token		excluded_nonproof_token
monograph/thiele_machine_math_spec.tex	1989	latex_code	coq/\allowbreak{}kernel/\allowbreak{}frontier/\allowbreak{}F3\_\allowbreak{}PlusOneStructural.v	F3_PlusOneStructural.v	nonproof	nonproof_token		excluded_nonproof_token
monograph/thiele_machine_math_spec.tex	1989	latex_code	coq/\allowbreak{}kernel/\allowbreak{}frontier/\allowbreak{}F3\_\allowbreak{}PlusOneStructural.v	coq	nonproof	nonproof_token		excluded_nonproof_token
monograph/thiele_machine_math_spec.tex	1989	latex_code	coq/\allowbreak{}kernel/\allowbreak{}frontier/\allowbreak{}F3\_\allowbreak{}PlusOneStructural.v	frontier	nonproof	nonproof_token		excluded_nonproof_token
monograph/thiele_machine_math_spec.tex	1989	latex_code	coq/\allowbreak{}kernel/\allowbreak{}frontier/\allowbreak{}F3\_\allowbreak{}PlusOneStructural.v	kernel	nonproof	nonproof_token		excluded_nonproof_token
monograph/thiele_machine_math_spec.tex	1989	latex_code	tools/\allowbreak{}triangle\_\allowbreak{}angle\_\allowbreak{}plus\_\allowbreak{}one\_\allowbreak{}analysis.py	tools	nonproof	nonproof_token		excluded_nonproof_token
monograph/thiele_machine_math_spec.tex	1989	latex_code	tools/\allowbreak{}triangle\_\allowbreak{}angle\_\allowbreak{}plus\_\allowbreak{}one\_\allowbreak{}analysis.py	triangle_angle_plus_one_analysis.py	nonproof	nonproof_token		excluded_nonproof_token
monograph/thiele_machine_math_spec.tex	1989	latex_code	triangle\_\allowbreak{}angle	triangle_angle	nonproof	Definition		Definition@coq/kernel/curvature/MuGravity.v:153
monograph/thiele_machine_math_spec.tex	1990	latex_code	VMState	VMState	nonproof	Record		Record@coq/ThieleMachineComplete.v:1582;Record@coq/kernel/foundation/VMState.v:1931
monograph/thiele_machine_math_spec.tex	1990	latex_code	calibration\_\allowbreak{}residual	calibration_residual	nonproof	Definition		Definition@coq/kernel/curvature/MuGravity.v:738
monograph/thiele_machine_math_spec.tex	1990	latex_code	well\_\allowbreak{}formed\_\allowbreak{}triangulated	well_formed_triangulated	nonproof	Definition		Definition@coq/kernel/curvature/DiscreteTopology.v:285
monograph/thiele_machine_math_spec.tex	2000	latex_code	coq/\allowbreak{}kernel/\allowbreak{}frontier/\allowbreak{}ObservationPolicy.v	ObservationPolicy.v	nonproof	nonproof_token		excluded_nonproof_token
monograph/thiele_machine_math_spec.tex	2000	latex_code	coq/\allowbreak{}kernel/\allowbreak{}frontier/\allowbreak{}ObservationPolicy.v	coq	nonproof	nonproof_token		excluded_nonproof_token
monograph/thiele_machine_math_spec.tex	2000	latex_code	coq/\allowbreak{}kernel/\allowbreak{}frontier/\allowbreak{}ObservationPolicy.v	frontier	nonproof	nonproof_token		excluded_nonproof_token
monograph/thiele_machine_math_spec.tex	2000	latex_code	coq/\allowbreak{}kernel/\allowbreak{}frontier/\allowbreak{}ObservationPolicy.v	kernel	nonproof	nonproof_token		excluded_nonproof_token
monograph/thiele_machine_math_spec.tex	2000	latex_code	coq/\allowbreak{}kernel/\allowbreak{}frontier/\allowbreak{}TraceStateDescent.v	TraceStateDescent.v	nonproof	nonproof_token		excluded_nonproof_token
monograph/thiele_machine_math_spec.tex	2000	latex_code	coq/\allowbreak{}kernel/\allowbreak{}frontier/\allowbreak{}TraceStateDescent.v	coq	nonproof	nonproof_token		excluded_nonproof_token
monograph/thiele_machine_math_spec.tex	2000	latex_code	coq/\allowbreak{}kernel/\allowbreak{}frontier/\allowbreak{}TraceStateDescent.v	frontier	nonproof	nonproof_token		excluded_nonproof_token
monograph/thiele_machine_math_spec.tex	2000	latex_code	coq/\allowbreak{}kernel/\allowbreak{}frontier/\allowbreak{}TraceStateDescent.v	kernel	nonproof	nonproof_token		excluded_nonproof_token
monograph/thiele_machine_math_spec.tex	2009	latex_code	coq/\allowbreak{}nofi/\allowbreak{}NoFreeInsight\_\allowbreak{}Theorem.v	NoFreeInsight_Theorem.v	nonproof	nonproof_token		excluded_nonproof_token
monograph/thiele_machine_math_spec.tex	2009	latex_code	coq/\allowbreak{}nofi/\allowbreak{}NoFreeInsight\_\allowbreak{}Theorem.v	coq	nonproof	nonproof_token		excluded_nonproof_token
monograph/thiele_machine_math_spec.tex	2009	latex_code	coq/\allowbreak{}nofi/\allowbreak{}NoFreeInsight\_\allowbreak{}Theorem.v	nofi	nonproof	nonproof_token		excluded_nonproof_token
monograph/thiele_machine_math_spec.tex	2010	latex_code	coq/\allowbreak{}nofi/\allowbreak{}MuChaitinTheory\_\allowbreak{}Theorem.v	MuChaitinTheory_Theorem.v	nonproof	nonproof_token		excluded_nonproof_token
monograph/thiele_machine_math_spec.tex	2010	latex_code	coq/\allowbreak{}nofi/\allowbreak{}MuChaitinTheory\_\allowbreak{}Theorem.v	coq	nonproof	nonproof_token		excluded_nonproof_token
monograph/thiele_machine_math_spec.tex	2010	latex_code	coq/\allowbreak{}nofi/\allowbreak{}MuChaitinTheory\_\allowbreak{}Theorem.v	nofi	nonproof	nonproof_token		excluded_nonproof_token
monograph/thiele_machine_math_spec.tex	2011	latex_code	coq/\allowbreak{}kernel/\allowbreak{}foundation/\allowbreak{}MuLedgerConservation.v	MuLedgerConservation.v	nonproof	nonproof_token		excluded_nonproof_token
monograph/thiele_machine_math_spec.tex	2011	latex_code	coq/\allowbreak{}kernel/\allowbreak{}foundation/\allowbreak{}MuLedgerConservation.v	coq	nonproof	nonproof_token		excluded_nonproof_token
monograph/thiele_machine_math_spec.tex	2011	latex_code	coq/\allowbreak{}kernel/\allowbreak{}foundation/\allowbreak{}MuLedgerConservation.v	foundation	nonproof	nonproof_token		excluded_nonproof_token
monograph/thiele_machine_math_spec.tex	2011	latex_code	coq/\allowbreak{}kernel/\allowbreak{}foundation/\allowbreak{}MuLedgerConservation.v	kernel	nonproof	nonproof_token		excluded_nonproof_token
monograph/thiele_machine_math_spec.tex	2012	latex_code	coq/\allowbreak{}kernel/\allowbreak{}nfi/\allowbreak{}ReceiptIntegrity.v	ReceiptIntegrity.v	nonproof	nonproof_token		excluded_nonproof_token
monograph/thiele_machine_math_spec.tex	2012	latex_code	coq/\allowbreak{}kernel/\allowbreak{}nfi/\allowbreak{}ReceiptIntegrity.v	coq	nonproof	nonproof_token		excluded_nonproof_token
monograph/thiele_machine_math_spec.tex	2012	latex_code	coq/\allowbreak{}kernel/\allowbreak{}nfi/\allowbreak{}ReceiptIntegrity.v	kernel	nonproof	nonproof_token		excluded_nonproof_token
monograph/thiele_machine_math_spec.tex	2012	latex_code	coq/\allowbreak{}kernel/\allowbreak{}nfi/\allowbreak{}ReceiptIntegrity.v	nfi	nonproof	nonproof_token		excluded_nonproof_token
monograph/thiele_machine_math_spec.tex	2013	latex_code	coq/\allowbreak{}kernel/\allowbreak{}curvature/\allowbreak{}KernelNoether.v	KernelNoether.v	nonproof	nonproof_token		excluded_nonproof_token
monograph/thiele_machine_math_spec.tex	2013	latex_code	coq/\allowbreak{}kernel/\allowbreak{}curvature/\allowbreak{}KernelNoether.v	coq	nonproof	nonproof_token		excluded_nonproof_token
monograph/thiele_machine_math_spec.tex	2013	latex_code	coq/\allowbreak{}kernel/\allowbreak{}curvature/\allowbreak{}KernelNoether.v	curvature	nonproof	nonproof_token		excluded_nonproof_token
monograph/thiele_machine_math_spec.tex	2013	latex_code	coq/\allowbreak{}kernel/\allowbreak{}curvature/\allowbreak{}KernelNoether.v	kernel	nonproof	nonproof_token		excluded_nonproof_token
monograph/thiele_machine_math_spec.tex	2014	latex_code	coq/\allowbreak{}kernel/\allowbreak{}foundation/\allowbreak{}Subsumption.v	Subsumption.v	nonproof	nonproof_token		excluded_nonproof_token
monograph/thiele_machine_math_spec.tex	2014	latex_code	coq/\allowbreak{}kernel/\allowbreak{}foundation/\allowbreak{}Subsumption.v	coq	nonproof	nonproof_token		excluded_nonproof_token
monograph/thiele_machine_math_spec.tex	2014	latex_code	coq/\allowbreak{}kernel/\allowbreak{}foundation/\allowbreak{}Subsumption.v	foundation	nonproof	nonproof_token		excluded_nonproof_token
monograph/thiele_machine_math_spec.tex	2014	latex_code	coq/\allowbreak{}kernel/\allowbreak{}foundation/\allowbreak{}Subsumption.v	kernel	nonproof	nonproof_token		excluded_nonproof_token
monograph/thiele_machine_math_spec.tex	2015	latex_code	coq/\allowbreak{}kernel/\allowbreak{}nfi/\allowbreak{}UniversalCertificationCost.v	UniversalCertificationCost.v	nonproof	nonproof_token		excluded_nonproof_token
monograph/thiele_machine_math_spec.tex	2015	latex_code	coq/\allowbreak{}kernel/\allowbreak{}nfi/\allowbreak{}UniversalCertificationCost.v	coq	nonproof	nonproof_token		excluded_nonproof_token
monograph/thiele_machine_math_spec.tex	2015	latex_code	coq/\allowbreak{}kernel/\allowbreak{}nfi/\allowbreak{}UniversalCertificationCost.v	kernel	nonproof	nonproof_token		excluded_nonproof_token
monograph/thiele_machine_math_spec.tex	2015	latex_code	coq/\allowbreak{}kernel/\allowbreak{}nfi/\allowbreak{}UniversalCertificationCost.v	nfi	nonproof	nonproof_token		excluded_nonproof_token
monograph/thiele_machine_math_spec.tex	2015	latex_code	universal\_\allowbreak{}nfi\_\allowbreak{}any\_\allowbreak{}substrate	universal_nfi_any_substrate	proof	Theorem	Kernel.UniversalCertificationCost.universal_nfi_any_substrate	unique_suffix
monograph/thiele_machine_math_spec.tex	2016	latex_code	coq/\allowbreak{}kernel/\allowbreak{}mu\_\allowbreak{}calculus/\allowbreak{}QuantitativeNoFI.v	QuantitativeNoFI.v	nonproof	nonproof_token		excluded_nonproof_token
monograph/thiele_machine_math_spec.tex	2016	latex_code	coq/\allowbreak{}kernel/\allowbreak{}mu\_\allowbreak{}calculus/\allowbreak{}QuantitativeNoFI.v	coq	nonproof	nonproof_token		excluded_nonproof_token
monograph/thiele_machine_math_spec.tex	2016	latex_code	coq/\allowbreak{}kernel/\allowbreak{}mu\_\allowbreak{}calculus/\allowbreak{}QuantitativeNoFI.v	kernel	nonproof	nonproof_token		excluded_nonproof_token
monograph/thiele_machine_math_spec.tex	2016	latex_code	coq/\allowbreak{}kernel/\allowbreak{}mu\_\allowbreak{}calculus/\allowbreak{}QuantitativeNoFI.v	mu_calculus	nonproof	nonproof_token		excluded_nonproof_token
monograph/thiele_machine_math_spec.tex	2017	latex_code	coq/\allowbreak{}kernel/\allowbreak{}mu\_\allowbreak{}calculus/\allowbreak{}MuHierarchyTheorem.v	MuHierarchyTheorem.v	nonproof	nonproof_token		excluded_nonproof_token
monograph/thiele_machine_math_spec.tex	2017	latex_code	coq/\allowbreak{}kernel/\allowbreak{}mu\_\allowbreak{}calculus/\allowbreak{}MuHierarchyTheorem.v	coq	nonproof	nonproof_token		excluded_nonproof_token
monograph/thiele_machine_math_spec.tex	2017	latex_code	coq/\allowbreak{}kernel/\allowbreak{}mu\_\allowbreak{}calculus/\allowbreak{}MuHierarchyTheorem.v	kernel	nonproof	nonproof_token		excluded_nonproof_token
monograph/thiele_machine_math_spec.tex	2017	latex_code	coq/\allowbreak{}kernel/\allowbreak{}mu\_\allowbreak{}calculus/\allowbreak{}MuHierarchyTheorem.v	mu_calculus	nonproof	nonproof_token		excluded_nonproof_token
monograph/thiele_machine_math_spec.tex	2017	latex_code	mu\_\allowbreak{}hierarchy\_\allowbreak{}theorem	mu_hierarchy_theorem	proof	Theorem	Kernel.MuHierarchyTheorem.mu_hierarchy_theorem	unique_suffix
monograph/thiele_machine_math_spec.tex	2018	latex_code	coq/\allowbreak{}kernel/\allowbreak{}nfi/\allowbreak{}PartitionRefinementNoFI.v	PartitionRefinementNoFI.v	nonproof	nonproof_token		excluded_nonproof_token
monograph/thiele_machine_math_spec.tex	2018	latex_code	coq/\allowbreak{}kernel/\allowbreak{}nfi/\allowbreak{}PartitionRefinementNoFI.v	coq	nonproof	nonproof_token		excluded_nonproof_token
monograph/thiele_machine_math_spec.tex	2018	latex_code	coq/\allowbreak{}kernel/\allowbreak{}nfi/\allowbreak{}PartitionRefinementNoFI.v	kernel	nonproof	nonproof_token		excluded_nonproof_token
monograph/thiele_machine_math_spec.tex	2018	latex_code	coq/\allowbreak{}kernel/\allowbreak{}nfi/\allowbreak{}PartitionRefinementNoFI.v	nfi	nonproof	nonproof_token		excluded_nonproof_token
monograph/thiele_machine_math_spec.tex	2019	latex_code	coq/\allowbreak{}NecessityOfMuLedger.v	NecessityOfMuLedger.v	nonproof	nonproof_token		excluded_nonproof_token
monograph/thiele_machine_math_spec.tex	2019	latex_code	coq/\allowbreak{}NecessityOfMuLedger.v	coq	nonproof	nonproof_token		excluded_nonproof_token
monograph/thiele_machine_math_spec.tex	2019	latex_code	coq/\allowbreak{}kernel/\allowbreak{}nfi/\allowbreak{}NecessityAbstract.v	NecessityAbstract.v	nonproof	nonproof_token		excluded_nonproof_token
monograph/thiele_machine_math_spec.tex	2019	latex_code	coq/\allowbreak{}kernel/\allowbreak{}nfi/\allowbreak{}NecessityAbstract.v	coq	nonproof	nonproof_token		excluded_nonproof_token
monograph/thiele_machine_math_spec.tex	2019	latex_code	coq/\allowbreak{}kernel/\allowbreak{}nfi/\allowbreak{}NecessityAbstract.v	kernel	nonproof	nonproof_token		excluded_nonproof_token
monograph/thiele_machine_math_spec.tex	2019	latex_code	coq/\allowbreak{}kernel/\allowbreak{}nfi/\allowbreak{}NecessityAbstract.v	nfi	nonproof	nonproof_token		excluded_nonproof_token
monograph/thiele_machine_math_spec.tex	2020	latex_code	coq/\allowbreak{}NecessityOfMuLedger.v	NecessityOfMuLedger.v	nonproof	nonproof_token		excluded_nonproof_token
monograph/thiele_machine_math_spec.tex	2020	latex_code	coq/\allowbreak{}NecessityOfMuLedger.v	coq	nonproof	nonproof_token		excluded_nonproof_token
monograph/thiele_machine_math_spec.tex	2020	latex_code	shadow\_\allowbreak{}mu\_\allowbreak{}is\_\allowbreak{}computation\_\allowbreak{}intrinsic	shadow_mu_is_computation_intrinsic	proof	Theorem	NecessityOfMuLedger.shadow_mu_is_computation_intrinsic	unique_suffix
monograph/thiele_machine_math_spec.tex	2021	latex_code	coq/\allowbreak{}NecessityOfMuLedger.v	NecessityOfMuLedger.v	nonproof	nonproof_token		excluded_nonproof_token
monograph/thiele_machine_math_spec.tex	2021	latex_code	coq/\allowbreak{}NecessityOfMuLedger.v	coq	nonproof	nonproof_token		excluded_nonproof_token
monograph/thiele_machine_math_spec.tex	2021	latex_code	shadow\_\allowbreak{}mu\_\allowbreak{}delta\_\allowbreak{}universal	shadow_mu_delta_universal	proof	Theorem	NecessityOfMuLedger.shadow_mu_delta_universal	unique_suffix
monograph/thiele_machine_math_spec.tex	2022	latex_code	coq/\allowbreak{}NecessityOfMuLedger.v	NecessityOfMuLedger.v	nonproof	nonproof_token		excluded_nonproof_token
monograph/thiele_machine_math_spec.tex	2022	latex_code	coq/\allowbreak{}NecessityOfMuLedger.v	coq	nonproof	nonproof_token		excluded_nonproof_token
monograph/thiele_machine_math_spec.tex	2022	latex_code	shadow\_\allowbreak{}mu\_\allowbreak{}unique\_\allowbreak{}accounting	shadow_mu_unique_accounting	proof	Theorem	NecessityOfMuLedger.shadow_mu_unique_accounting	unique_suffix
monograph/thiele_machine_math_spec.tex	2023	latex_code	coq/\allowbreak{}NecessityOfMuLedger.v	NecessityOfMuLedger.v	nonproof	nonproof_token		excluded_nonproof_token
monograph/thiele_machine_math_spec.tex	2023	latex_code	coq/\allowbreak{}NecessityOfMuLedger.v	coq	nonproof	nonproof_token		excluded_nonproof_token
monograph/thiele_machine_math_spec.tex	2023	latex_code	shadow\_\allowbreak{}mu\_\allowbreak{}inevitable	shadow_mu_inevitable	proof	Theorem	NecessityOfMuLedger.shadow_mu_inevitable	unique_suffix
monograph/thiele_machine_math_spec.tex	2024	latex_code	coq/\allowbreak{}kernel/\allowbreak{}mu\_\allowbreak{}calculus/\allowbreak{}MuComplexity.v	MuComplexity.v	nonproof	nonproof_token		excluded_nonproof_token
monograph/thiele_machine_math_spec.tex	2024	latex_code	coq/\allowbreak{}kernel/\allowbreak{}mu\_\allowbreak{}calculus/\allowbreak{}MuComplexity.v	coq	nonproof	nonproof_token		excluded_nonproof_token
monograph/thiele_machine_math_spec.tex	2024	latex_code	coq/\allowbreak{}kernel/\allowbreak{}mu\_\allowbreak{}calculus/\allowbreak{}MuComplexity.v	kernel	nonproof	nonproof_token		excluded_nonproof_token
monograph/thiele_machine_math_spec.tex	2024	latex_code	coq/\allowbreak{}kernel/\allowbreak{}mu\_\allowbreak{}calculus/\allowbreak{}MuComplexity.v	mu_calculus	nonproof	nonproof_token		excluded_nonproof_token
monograph/thiele_machine_math_spec.tex	2028	latex_code	coq/\allowbreak{}kernel/\allowbreak{}category/\allowbreak{}CategoryBridge.v	CategoryBridge.v	nonproof	nonproof_token		excluded_nonproof_token
monograph/thiele_machine_math_spec.tex	2028	latex_code	coq/\allowbreak{}kernel/\allowbreak{}category/\allowbreak{}CategoryBridge.v	category	nonproof	nonproof_token		excluded_nonproof_token
monograph/thiele_machine_math_spec.tex	2028	latex_code	coq/\allowbreak{}kernel/\allowbreak{}category/\allowbreak{}CategoryBridge.v	coq	nonproof	nonproof_token		excluded_nonproof_token
monograph/thiele_machine_math_spec.tex	2028	latex_code	coq/\allowbreak{}kernel/\allowbreak{}category/\allowbreak{}CategoryBridge.v	kernel	nonproof	nonproof_token		excluded_nonproof_token
monograph/thiele_machine_math_spec.tex	2028	latex_code	coq/\allowbreak{}kernel/\allowbreak{}category/\allowbreak{}CategoryLaws.v	CategoryLaws.v	nonproof	nonproof_token		excluded_nonproof_token
monograph/thiele_machine_math_spec.tex	2028	latex_code	coq/\allowbreak{}kernel/\allowbreak{}category/\allowbreak{}CategoryLaws.v	category	nonproof	nonproof_token		excluded_nonproof_token
monograph/thiele_machine_math_spec.tex	2028	latex_code	coq/\allowbreak{}kernel/\allowbreak{}category/\allowbreak{}CategoryLaws.v	coq	nonproof	nonproof_token		excluded_nonproof_token
monograph/thiele_machine_math_spec.tex	2028	latex_code	coq/\allowbreak{}kernel/\allowbreak{}category/\allowbreak{}CategoryLaws.v	kernel	nonproof	nonproof_token		excluded_nonproof_token
monograph/thiele_machine_math_spec.tex	2029	latex_code	coq/\allowbreak{}kernel/\allowbreak{}witness/\allowbreak{}ShadowProjection.v	ShadowProjection.v	nonproof	nonproof_token		excluded_nonproof_token
monograph/thiele_machine_math_spec.tex	2029	latex_code	coq/\allowbreak{}kernel/\allowbreak{}witness/\allowbreak{}ShadowProjection.v	coq	nonproof	nonproof_token		excluded_nonproof_token
monograph/thiele_machine_math_spec.tex	2029	latex_code	coq/\allowbreak{}kernel/\allowbreak{}witness/\allowbreak{}ShadowProjection.v	kernel	nonproof	nonproof_token		excluded_nonproof_token
monograph/thiele_machine_math_spec.tex	2029	latex_code	coq/\allowbreak{}kernel/\allowbreak{}witness/\allowbreak{}ShadowProjection.v	witness	nonproof	nonproof_token		excluded_nonproof_token
monograph/thiele_machine_math_spec.tex	2029	latex_code	shadow\_\allowbreak{}strictly\_\allowbreak{}lossy	shadow_strictly_lossy	proof	Theorem	Kernel.ShadowProjection.shadow_strictly_lossy	unique_suffix
monograph/thiele_machine_math_spec.tex	2030	latex_code	coq/\allowbreak{}kernel/\allowbreak{}foundation/\allowbreak{}TuringStrictness.v	TuringStrictness.v	nonproof	nonproof_token		excluded_nonproof_token
monograph/thiele_machine_math_spec.tex	2030	latex_code	coq/\allowbreak{}kernel/\allowbreak{}foundation/\allowbreak{}TuringStrictness.v	coq	nonproof	nonproof_token		excluded_nonproof_token
monograph/thiele_machine_math_spec.tex	2030	latex_code	coq/\allowbreak{}kernel/\allowbreak{}foundation/\allowbreak{}TuringStrictness.v	foundation	nonproof	nonproof_token		excluded_nonproof_token
monograph/thiele_machine_math_spec.tex	2030	latex_code	coq/\allowbreak{}kernel/\allowbreak{}foundation/\allowbreak{}TuringStrictness.v	kernel	nonproof	nonproof_token		excluded_nonproof_token
monograph/thiele_machine_math_spec.tex	2031	latex_code	coq/\allowbreak{}kernel/\allowbreak{}quantum/\allowbreak{}CHSHCouplingBridge.v	CHSHCouplingBridge.v	nonproof	nonproof_token		excluded_nonproof_token
monograph/thiele_machine_math_spec.tex	2031	latex_code	coq/\allowbreak{}kernel/\allowbreak{}quantum/\allowbreak{}CHSHCouplingBridge.v	coq	nonproof	nonproof_token		excluded_nonproof_token
monograph/thiele_machine_math_spec.tex	2031	latex_code	coq/\allowbreak{}kernel/\allowbreak{}quantum/\allowbreak{}CHSHCouplingBridge.v	kernel	nonproof	nonproof_token		excluded_nonproof_token
monograph/thiele_machine_math_spec.tex	2031	latex_code	coq/\allowbreak{}kernel/\allowbreak{}quantum/\allowbreak{}CHSHCouplingBridge.v	quantum	nonproof	nonproof_token		excluded_nonproof_token
monograph/thiele_machine_math_spec.tex	2032	latex_code	coq/\allowbreak{}kernel/\allowbreak{}witness/\allowbreak{}WitnessInsightGeneral.v	WitnessInsightGeneral.v	nonproof	nonproof_token		excluded_nonproof_token
monograph/thiele_machine_math_spec.tex	2032	latex_code	coq/\allowbreak{}kernel/\allowbreak{}witness/\allowbreak{}WitnessInsightGeneral.v	coq	nonproof	nonproof_token		excluded_nonproof_token
monograph/thiele_machine_math_spec.tex	2032	latex_code	coq/\allowbreak{}kernel/\allowbreak{}witness/\allowbreak{}WitnessInsightGeneral.v	kernel	nonproof	nonproof_token		excluded_nonproof_token
monograph/thiele_machine_math_spec.tex	2032	latex_code	coq/\allowbreak{}kernel/\allowbreak{}witness/\allowbreak{}WitnessInsightGeneral.v	witness	nonproof	nonproof_token		excluded_nonproof_token
monograph/thiele_machine_math_spec.tex	2036	latex_code	column\_\allowbreak{}contractive\_\allowbreak{}iff\_\allowbreak{}npa\_\allowbreak{}psd	column_contractive_iff_npa_psd	proof	Corollary	Kernel.QuantumPartitionPSD.column_contractive_iff_npa_psd	unique_suffix
monograph/thiele_machine_math_spec.tex	2036	latex_code	coq/\allowbreak{}kernel/\allowbreak{}quantum/\allowbreak{}QuantumPartitionPSD.v	QuantumPartitionPSD.v	nonproof	nonproof_token		excluded_nonproof_token
monograph/thiele_machine_math_spec.tex	2036	latex_code	coq/\allowbreak{}kernel/\allowbreak{}quantum/\allowbreak{}QuantumPartitionPSD.v	coq	nonproof	nonproof_token		excluded_nonproof_token
monograph/thiele_machine_math_spec.tex	2036	latex_code	coq/\allowbreak{}kernel/\allowbreak{}quantum/\allowbreak{}QuantumPartitionPSD.v	kernel	nonproof	nonproof_token		excluded_nonproof_token
monograph/thiele_machine_math_spec.tex	2036	latex_code	coq/\allowbreak{}kernel/\allowbreak{}quantum/\allowbreak{}QuantumPartitionPSD.v	quantum	nonproof	nonproof_token		excluded_nonproof_token
monograph/thiele_machine_math_spec.tex	2037	latex_code	coq/\allowbreak{}kernel/\allowbreak{}nfi/\allowbreak{}MuLedgerQuantumBridge.v	MuLedgerQuantumBridge.v	nonproof	nonproof_token		excluded_nonproof_token
monograph/thiele_machine_math_spec.tex	2037	latex_code	coq/\allowbreak{}kernel/\allowbreak{}nfi/\allowbreak{}MuLedgerQuantumBridge.v	coq	nonproof	nonproof_token		excluded_nonproof_token
monograph/thiele_machine_math_spec.tex	2037	latex_code	coq/\allowbreak{}kernel/\allowbreak{}nfi/\allowbreak{}MuLedgerQuantumBridge.v	kernel	nonproof	nonproof_token		excluded_nonproof_token
monograph/thiele_machine_math_spec.tex	2037	latex_code	coq/\allowbreak{}kernel/\allowbreak{}nfi/\allowbreak{}MuLedgerQuantumBridge.v	nfi	nonproof	nonproof_token		excluded_nonproof_token
monograph/thiele_machine_math_spec.tex	2037	latex_code	zero\_\allowbreak{}marginal\_\allowbreak{}npa\_\allowbreak{}column\_\allowbreak{}contractive\_\allowbreak{}implies\_\allowbreak{}psd	zero_marginal_npa_column_contractive_implies_psd	proof	Lemma	Kernel.MuLedgerQuantumBridge.zero_marginal_npa_column_contractive_implies_psd	unique_suffix
monograph/thiele_machine_math_spec.tex	2038	latex_code	coq/\allowbreak{}kernel/\allowbreak{}quantum/\allowbreak{}QuantumPartitionPSD.v	QuantumPartitionPSD.v	nonproof	nonproof_token		excluded_nonproof_token
monograph/thiele_machine_math_spec.tex	2038	latex_code	coq/\allowbreak{}kernel/\allowbreak{}quantum/\allowbreak{}QuantumPartitionPSD.v	coq	nonproof	nonproof_token		excluded_nonproof_token
monograph/thiele_machine_math_spec.tex	2038	latex_code	coq/\allowbreak{}kernel/\allowbreak{}quantum/\allowbreak{}QuantumPartitionPSD.v	kernel	nonproof	nonproof_token		excluded_nonproof_token
monograph/thiele_machine_math_spec.tex	2038	latex_code	coq/\allowbreak{}kernel/\allowbreak{}quantum/\allowbreak{}QuantumPartitionPSD.v	quantum	nonproof	nonproof_token		excluded_nonproof_token
monograph/thiele_machine_math_spec.tex	2038	latex_code	npa\_\allowbreak{}psd\_\allowbreak{}implies\_\allowbreak{}column\_\allowbreak{}contractive	npa_psd_implies_column_contractive	proof	Theorem	Kernel.QuantumPartitionPSD.npa_psd_implies_column_contractive	unique_suffix
monograph/thiele_machine_math_spec.tex	2039	latex_code	coq/\allowbreak{}kernel/\allowbreak{}quantum/\allowbreak{}ConstructivePSD.v	ConstructivePSD.v	nonproof	nonproof_token		excluded_nonproof_token
monograph/thiele_machine_math_spec.tex	2039	latex_code	coq/\allowbreak{}kernel/\allowbreak{}quantum/\allowbreak{}ConstructivePSD.v	coq	nonproof	nonproof_token		excluded_nonproof_token
monograph/thiele_machine_math_spec.tex	2039	latex_code	coq/\allowbreak{}kernel/\allowbreak{}quantum/\allowbreak{}ConstructivePSD.v	kernel	nonproof	nonproof_token		excluded_nonproof_token
monograph/thiele_machine_math_spec.tex	2039	latex_code	coq/\allowbreak{}kernel/\allowbreak{}quantum/\allowbreak{}ConstructivePSD.v	quantum	nonproof	nonproof_token		excluded_nonproof_token
monograph/thiele_machine_math_spec.tex	2039	latex_code	quadratic\_\allowbreak{}nonneg\_\allowbreak{}discriminant	quadratic_nonneg_discriminant	proof	Lemma	Kernel.ConstructivePSD.quadratic_nonneg_discriminant	unique_suffix
monograph/thiele_machine_math_spec.tex	2040	latex_code	TsirelsonGeneral.v	TsirelsonGeneral.v	nonproof	nonproof_token		excluded_nonproof_token
monograph/thiele_machine_math_spec.tex	2040	latex_code	coq/\allowbreak{}kernel/\allowbreak{}nfi/\allowbreak{}MuLedgerQuantumBridge.v	MuLedgerQuantumBridge.v	nonproof	nonproof_token		excluded_nonproof_token
monograph/thiele_machine_math_spec.tex	2040	latex_code	coq/\allowbreak{}kernel/\allowbreak{}nfi/\allowbreak{}MuLedgerQuantumBridge.v	coq	nonproof	nonproof_token		excluded_nonproof_token
monograph/thiele_machine_math_spec.tex	2040	latex_code	coq/\allowbreak{}kernel/\allowbreak{}nfi/\allowbreak{}MuLedgerQuantumBridge.v	kernel	nonproof	nonproof_token		excluded_nonproof_token
monograph/thiele_machine_math_spec.tex	2040	latex_code	coq/\allowbreak{}kernel/\allowbreak{}nfi/\allowbreak{}MuLedgerQuantumBridge.v	nfi	nonproof	nonproof_token		excluded_nonproof_token
monograph/thiele_machine_math_spec.tex	2040	latex_code	state\_\allowbreak{}column\_\allowbreak{}contractive\_\allowbreak{}implies\_\allowbreak{}tsirelson	state_column_contractive_implies_tsirelson	proof	Theorem	Kernel.MuLedgerQuantumBridge.state_column_contractive_implies_tsirelson	unique_suffix
monograph/thiele_machine_math_spec.tex	2040	latex_code	tsirelson\_\allowbreak{}from\_\allowbreak{}row\_\allowbreak{}bounds	tsirelson_from_row_bounds	proof	Theorem	Kernel.TsirelsonGeneral.tsirelson_from_row_bounds	explicit_binding
monograph/thiele_machine_math_spec.tex	2041	latex_code	coq/\allowbreak{}kernel/\allowbreak{}category/\allowbreak{}AlgebraicCoherence.v	AlgebraicCoherence.v	nonproof	nonproof_token		excluded_nonproof_token
monograph/thiele_machine_math_spec.tex	2041	latex_code	coq/\allowbreak{}kernel/\allowbreak{}category/\allowbreak{}AlgebraicCoherence.v	category	nonproof	nonproof_token		excluded_nonproof_token
monograph/thiele_machine_math_spec.tex	2041	latex_code	coq/\allowbreak{}kernel/\allowbreak{}category/\allowbreak{}AlgebraicCoherence.v	coq	nonproof	nonproof_token		excluded_nonproof_token
monograph/thiele_machine_math_spec.tex	2041	latex_code	coq/\allowbreak{}kernel/\allowbreak{}category/\allowbreak{}AlgebraicCoherence.v	kernel	nonproof	nonproof_token		excluded_nonproof_token
monograph/thiele_machine_math_spec.tex	2041	latex_code	tsirelson\_\allowbreak{}rational\_\allowbreak{}lower\_\allowbreak{}witness	tsirelson_rational_lower_witness	proof	Theorem	Kernel.AlgebraicCoherence.tsirelson_rational_lower_witness	unique_suffix
monograph/thiele_machine_math_spec.tex	2042	latex_code	coq/\allowbreak{}kernel/\allowbreak{}quantum/\allowbreak{}TsirelsonFromAlgebra.v	TsirelsonFromAlgebra.v	nonproof	nonproof_token		excluded_nonproof_token
monograph/thiele_machine_math_spec.tex	2042	latex_code	coq/\allowbreak{}kernel/\allowbreak{}quantum/\allowbreak{}TsirelsonFromAlgebra.v	coq	nonproof	nonproof_token		excluded_nonproof_token
monograph/thiele_machine_math_spec.tex	2042	latex_code	coq/\allowbreak{}kernel/\allowbreak{}quantum/\allowbreak{}TsirelsonFromAlgebra.v	kernel	nonproof	nonproof_token		excluded_nonproof_token
monograph/thiele_machine_math_spec.tex	2042	latex_code	coq/\allowbreak{}kernel/\allowbreak{}quantum/\allowbreak{}TsirelsonFromAlgebra.v	quantum	nonproof	nonproof_token		excluded_nonproof_token
monograph/thiele_machine_math_spec.tex	2043	latex_code	algebraically\_\allowbreak{}coherent\_\allowbreak{}tsirelson\_\allowbreak{}general	algebraically_coherent_tsirelson_general	proof	Theorem	Kernel.AlgebraicCoherence.algebraically_coherent_tsirelson_general	unique_suffix
monograph/thiele_machine_math_spec.tex	2043	latex_code	coq/\allowbreak{}kernel/\allowbreak{}category/\allowbreak{}AlgebraicCoherence.v	AlgebraicCoherence.v	nonproof	nonproof_token		excluded_nonproof_token
monograph/thiele_machine_math_spec.tex	2043	latex_code	coq/\allowbreak{}kernel/\allowbreak{}category/\allowbreak{}AlgebraicCoherence.v	category	nonproof	nonproof_token		excluded_nonproof_token
monograph/thiele_machine_math_spec.tex	2043	latex_code	coq/\allowbreak{}kernel/\allowbreak{}category/\allowbreak{}AlgebraicCoherence.v	coq	nonproof	nonproof_token		excluded_nonproof_token
monograph/thiele_machine_math_spec.tex	2043	latex_code	coq/\allowbreak{}kernel/\allowbreak{}category/\allowbreak{}AlgebraicCoherence.v	kernel	nonproof	nonproof_token		excluded_nonproof_token
monograph/thiele_machine_math_spec.tex	2044	latex_code	coq/\allowbreak{}kernel/\allowbreak{}quantum/\allowbreak{}ElliptopeCompletion.v	ElliptopeCompletion.v	nonproof	nonproof_token		excluded_nonproof_token
monograph/thiele_machine_math_spec.tex	2044	latex_code	coq/\allowbreak{}kernel/\allowbreak{}quantum/\allowbreak{}ElliptopeCompletion.v	coq	nonproof	nonproof_token		excluded_nonproof_token
monograph/thiele_machine_math_spec.tex	2044	latex_code	coq/\allowbreak{}kernel/\allowbreak{}quantum/\allowbreak{}ElliptopeCompletion.v	kernel	nonproof	nonproof_token		excluded_nonproof_token
monograph/thiele_machine_math_spec.tex	2044	latex_code	coq/\allowbreak{}kernel/\allowbreak{}quantum/\allowbreak{}ElliptopeCompletion.v	quantum	nonproof	nonproof_token		excluded_nonproof_token
monograph/thiele_machine_math_spec.tex	2044	latex_code	deterministic\_\allowbreak{}strategy\_\allowbreak{}elliptope	deterministic_strategy_elliptope	proof	Theorem	Kernel.ElliptopeCompletion.deterministic_strategy_elliptope	unique_suffix
monograph/thiele_machine_math_spec.tex	2044	latex_code	elliptope\_\allowbreak{}realizable	elliptope_realizable	nonproof	Definition		Definition@coq/kernel/quantum/ElliptopeCompletion.v:104
monograph/thiele_machine_math_spec.tex	2044	latex_code	lhv\_\allowbreak{}mixture\_\allowbreak{}elliptope	lhv_mixture_elliptope	proof	Corollary	Kernel.ElliptopeCompletion.lhv_mixture_elliptope	unique_suffix
monograph/thiele_machine_math_spec.tex	2045	latex_code	coq/\allowbreak{}kernel/\allowbreak{}quantum/\allowbreak{}ElliptopeCompletion.v	ElliptopeCompletion.v	nonproof	nonproof_token		excluded_nonproof_token
monograph/thiele_machine_math_spec.tex	2045	latex_code	coq/\allowbreak{}kernel/\allowbreak{}quantum/\allowbreak{}ElliptopeCompletion.v	coq	nonproof	nonproof_token		excluded_nonproof_token
monograph/thiele_machine_math_spec.tex	2045	latex_code	coq/\allowbreak{}kernel/\allowbreak{}quantum/\allowbreak{}ElliptopeCompletion.v	kernel	nonproof	nonproof_token		excluded_nonproof_token
monograph/thiele_machine_math_spec.tex	2045	latex_code	coq/\allowbreak{}kernel/\allowbreak{}quantum/\allowbreak{}ElliptopeCompletion.v	quantum	nonproof	nonproof_token		excluded_nonproof_token
monograph/thiele_machine_math_spec.tex	2045	latex_code	elliptope\_\allowbreak{}tsirelson	elliptope_tsirelson	proof	Theorem	Kernel.ElliptopeCompletion.elliptope_tsirelson	unique_suffix
monograph/thiele_machine_math_spec.tex	2045	latex_code	psd\_\allowbreak{}cauchy\_\allowbreak{}schwarz	psd_cauchy_schwarz	proof	Lemma	Kernel.ElliptopeCompletion.psd_cauchy_schwarz	unique_suffix
monograph/thiele_machine_math_spec.tex	2046	latex_code	beyond\_\allowbreak{}classical\_\allowbreak{}elliptope	beyond_classical_elliptope	proof	Theorem	Kernel.ElliptopeCompletion.beyond_classical_elliptope	unique_suffix
monograph/thiele_machine_math_spec.tex	2046	latex_code	coq/\allowbreak{}kernel/\allowbreak{}quantum/\allowbreak{}ElliptopeCompletion.v	ElliptopeCompletion.v	nonproof	nonproof_token		excluded_nonproof_token
monograph/thiele_machine_math_spec.tex	2046	latex_code	coq/\allowbreak{}kernel/\allowbreak{}quantum/\allowbreak{}ElliptopeCompletion.v	coq	nonproof	nonproof_token		excluded_nonproof_token
monograph/thiele_machine_math_spec.tex	2046	latex_code	coq/\allowbreak{}kernel/\allowbreak{}quantum/\allowbreak{}ElliptopeCompletion.v	kernel	nonproof	nonproof_token		excluded_nonproof_token
monograph/thiele_machine_math_spec.tex	2046	latex_code	coq/\allowbreak{}kernel/\allowbreak{}quantum/\allowbreak{}ElliptopeCompletion.v	quantum	nonproof	nonproof_token		excluded_nonproof_token
monograph/thiele_machine_math_spec.tex	2046	latex_code	pr\_\allowbreak{}box\_\allowbreak{}not\_\allowbreak{}elliptope	pr_box_not_elliptope	proof	Theorem	Kernel.ElliptopeCompletion.pr_box_not_elliptope	unique_suffix
monograph/thiele_machine_math_spec.tex	2047	latex_code	coq/\allowbreak{}kernel/\allowbreak{}quantum/\allowbreak{}ElliptopeGate.v	ElliptopeGate.v	nonproof	nonproof_token		excluded_nonproof_token
monograph/thiele_machine_math_spec.tex	2047	latex_code	coq/\allowbreak{}kernel/\allowbreak{}quantum/\allowbreak{}ElliptopeGate.v	coq	nonproof	nonproof_token		excluded_nonproof_token
monograph/thiele_machine_math_spec.tex	2047	latex_code	coq/\allowbreak{}kernel/\allowbreak{}quantum/\allowbreak{}ElliptopeGate.v	kernel	nonproof	nonproof_token		excluded_nonproof_token
monograph/thiele_machine_math_spec.tex	2047	latex_code	coq/\allowbreak{}kernel/\allowbreak{}quantum/\allowbreak{}ElliptopeGate.v	quantum	nonproof	nonproof_token		excluded_nonproof_token
monograph/thiele_machine_math_spec.tex	2047	latex_code	elliptope\_\allowbreak{}check\_\allowbreak{}full\_\allowbreak{}sound	elliptope_check_full_sound	proof	Theorem	Kernel.ElliptopeGate.elliptope_check_full_sound	unique_suffix
monograph/thiele_machine_math_spec.tex	2047	latex_code	elliptope\_\allowbreak{}full\_\allowbreak{}gate\_\allowbreak{}never\_\allowbreak{}accepts\_\allowbreak{}pr\_\allowbreak{}box	elliptope_full_gate_never_accepts_pr_box	proof	Theorem	Kernel.ElliptopeGate.elliptope_full_gate_never_accepts_pr_box	unique_suffix
monograph/thiele_machine_math_spec.tex	2047	latex_code	gate\_\allowbreak{}accepts\_\allowbreak{}pythagorean\_\allowbreak{}boundary	gate_accepts_pythagorean_boundary	proof	Example	Kernel.ElliptopeGate.gate_accepts_pythagorean_boundary	unique_suffix
monograph/thiele_machine_math_spec.tex	2051	latex_code	coq/\allowbreak{}kernel/\allowbreak{}frontier/\allowbreak{}PointerObservable.v	PointerObservable.v	nonproof	nonproof_token		excluded_nonproof_token
monograph/thiele_machine_math_spec.tex	2051	latex_code	coq/\allowbreak{}kernel/\allowbreak{}frontier/\allowbreak{}PointerObservable.v	coq	nonproof	nonproof_token		excluded_nonproof_token
monograph/thiele_machine_math_spec.tex	2051	latex_code	coq/\allowbreak{}kernel/\allowbreak{}frontier/\allowbreak{}PointerObservable.v	frontier	nonproof	nonproof_token		excluded_nonproof_token
monograph/thiele_machine_math_spec.tex	2051	latex_code	coq/\allowbreak{}kernel/\allowbreak{}frontier/\allowbreak{}PointerObservable.v	kernel	nonproof	nonproof_token		excluded_nonproof_token
monograph/thiele_machine_math_spec.tex	2051	latex_code	redundantly\_\allowbreak{}proliferating	redundantly_proliferating	nonproof	Definition		Definition@coq/kernel/frontier/PointerObservable.v:90
monograph/thiele_machine_math_spec.tex	2051	latex_code	toy\_\allowbreak{}cert\_\allowbreak{}unique\_\allowbreak{}pointer	toy_cert_unique_pointer	proof	Theorem	Kernel.PointerObservable.ReplicatedLedgerToy.toy_cert_unique_pointer	unique_suffix
monograph/thiele_machine_math_spec.tex	2051	latex_code	unique\_\allowbreak{}pointer\_\allowbreak{}among	unique_pointer_among	nonproof	Definition		Definition@coq/kernel/frontier/PointerObservable.v:100
monograph/thiele_machine_math_spec.tex	2052	latex_code	CT\_\allowbreak{}model\_\allowbreak{}unique\_\allowbreak{}pointer	CT_model_unique_pointer	proof	Theorem	Kernel.PointerObservableReductions.CT_model_unique_pointer	unique_suffix
monograph/thiele_machine_math_spec.tex	2052	latex_code	Gas\_\allowbreak{}model\_\allowbreak{}unique\_\allowbreak{}pointer	Gas_model_unique_pointer	proof	Theorem	Kernel.PointerObservableReductions.Gas_model_unique_pointer	unique_suffix
monograph/thiele_machine_math_spec.tex	2052	latex_code	PCC\_\allowbreak{}model\_\allowbreak{}unique\_\allowbreak{}pointer	PCC_model_unique_pointer	proof	Theorem	Kernel.PointerObservableReductions.PCC_model_unique_pointer	unique_suffix
monograph/thiele_machine_math_spec.tex	2052	latex_code	PoS\_\allowbreak{}model\_\allowbreak{}unique\_\allowbreak{}pointer	PoS_model_unique_pointer	proof	Theorem	Kernel.PointerObservableReductions.PoS_model_unique_pointer	unique_suffix
monograph/thiele_machine_math_spec.tex	2052	latex_code	TEE\_\allowbreak{}model\_\allowbreak{}unique\_\allowbreak{}pointer	TEE_model_unique_pointer	proof	Theorem	Kernel.PointerObservableReductions.TEE_model_unique_pointer	unique_suffix
monograph/thiele_machine_math_spec.tex	2052	latex_code	coq/\allowbreak{}kernel/\allowbreak{}frontier/\allowbreak{}PointerObservableReductions.v	PointerObservableReductions.v	nonproof	nonproof_token		excluded_nonproof_token
monograph/thiele_machine_math_spec.tex	2052	latex_code	coq/\allowbreak{}kernel/\allowbreak{}frontier/\allowbreak{}PointerObservableReductions.v	coq	nonproof	nonproof_token		excluded_nonproof_token
monograph/thiele_machine_math_spec.tex	2052	latex_code	coq/\allowbreak{}kernel/\allowbreak{}frontier/\allowbreak{}PointerObservableReductions.v	frontier	nonproof	nonproof_token		excluded_nonproof_token
monograph/thiele_machine_math_spec.tex	2052	latex_code	coq/\allowbreak{}kernel/\allowbreak{}frontier/\allowbreak{}PointerObservableReductions.v	kernel	nonproof	nonproof_token		excluded_nonproof_token
monograph/thiele_machine_math_spec.tex	2052	latex_code	five\_\allowbreak{}labeled\_\allowbreak{}models\_\allowbreak{}have\_\allowbreak{}selected\_\allowbreak{}pointer	five_labeled_models_have_selected_pointer	proof	Theorem	Kernel.PointerObservableReductions.five_labeled_models_have_selected_pointer	unique_suffix
monograph/thiele_machine_math_spec.tex	2053	latex_code	capability\_\allowbreak{}model\_\allowbreak{}not\_\allowbreak{}proliferating	capability_model_not_proliferating	proof	Theorem	Kernel.PointerObservableCounterexamples.ObjectCapability.capability_model_not_proliferating	unique_suffix
monograph/thiele_machine_math_spec.tex	2053	latex_code	coq/\allowbreak{}kernel/\allowbreak{}frontier/\allowbreak{}PointerObservableCounterexamples.v	PointerObservableCounterexamples.v	nonproof	nonproof_token		excluded_nonproof_token
monograph/thiele_machine_math_spec.tex	2053	latex_code	coq/\allowbreak{}kernel/\allowbreak{}frontier/\allowbreak{}PointerObservableCounterexamples.v	coq	nonproof	nonproof_token		excluded_nonproof_token
monograph/thiele_machine_math_spec.tex	2053	latex_code	coq/\allowbreak{}kernel/\allowbreak{}frontier/\allowbreak{}PointerObservableCounterexamples.v	frontier	nonproof	nonproof_token		excluded_nonproof_token
monograph/thiele_machine_math_spec.tex	2053	latex_code	coq/\allowbreak{}kernel/\allowbreak{}frontier/\allowbreak{}PointerObservableCounterexamples.v	kernel	nonproof	nonproof_token		excluded_nonproof_token
monograph/thiele_machine_math_spec.tex	2053	latex_code	deniable\_\allowbreak{}authentication\_\allowbreak{}model\_\allowbreak{}not\_\allowbreak{}proliferating	deniable_authentication_model_not_proliferating	proof	Theorem	Kernel.PointerObservableCounterexamples.DeniableAuthentication.deniable_authentication_model_not_proliferating	unique_suffix
monograph/thiele_machine_math_spec.tex	2053	latex_code	mac\_\allowbreak{}model\_\allowbreak{}not\_\allowbreak{}proliferating	mac_model_not_proliferating	proof	Theorem	Kernel.PointerObservableCounterexamples.SymmetricMAC.mac_model_not_proliferating	unique_suffix
monograph/thiele_machine_math_spec.tex	2053	latex_code	public\_\allowbreak{}log\_\allowbreak{}model\_\allowbreak{}proliferating	public_log_model_proliferating	proof	Theorem	Kernel.PointerObservableCounterexamples.PublicLog.public_log_model_proliferating	unique_suffix
monograph/thiele_machine_math_spec.tex	2057	latex_code	coq/\allowbreak{}kernel/\allowbreak{}quantum/\allowbreak{}BornRule.v	BornRule.v	nonproof	nonproof_token		excluded_nonproof_token
monograph/thiele_machine_math_spec.tex	2057	latex_code	coq/\allowbreak{}kernel/\allowbreak{}quantum/\allowbreak{}BornRule.v	coq	nonproof	nonproof_token		excluded_nonproof_token
monograph/thiele_machine_math_spec.tex	2057	latex_code	coq/\allowbreak{}kernel/\allowbreak{}quantum/\allowbreak{}BornRule.v	kernel	nonproof	nonproof_token		excluded_nonproof_token
monograph/thiele_machine_math_spec.tex	2057	latex_code	coq/\allowbreak{}kernel/\allowbreak{}quantum/\allowbreak{}BornRule.v	quantum	nonproof	nonproof_token		excluded_nonproof_token
monograph/thiele_machine_math_spec.tex	2058	latex_code	coq/\allowbreak{}kernel/\allowbreak{}quantum/\allowbreak{}Unitarity.v	Unitarity.v	nonproof	nonproof_token		excluded_nonproof_token
monograph/thiele_machine_math_spec.tex	2058	latex_code	coq/\allowbreak{}kernel/\allowbreak{}quantum/\allowbreak{}Unitarity.v	coq	nonproof	nonproof_token		excluded_nonproof_token
monograph/thiele_machine_math_spec.tex	2058	latex_code	coq/\allowbreak{}kernel/\allowbreak{}quantum/\allowbreak{}Unitarity.v	kernel	nonproof	nonproof_token		excluded_nonproof_token
monograph/thiele_machine_math_spec.tex	2058	latex_code	coq/\allowbreak{}kernel/\allowbreak{}quantum/\allowbreak{}Unitarity.v	quantum	nonproof	nonproof_token		excluded_nonproof_token
monograph/thiele_machine_math_spec.tex	2059	latex_code	coq/\allowbreak{}kernel/\allowbreak{}quantum/\allowbreak{}Purification.v	Purification.v	nonproof	nonproof_token		excluded_nonproof_token
monograph/thiele_machine_math_spec.tex	2059	latex_code	coq/\allowbreak{}kernel/\allowbreak{}quantum/\allowbreak{}Purification.v	coq	nonproof	nonproof_token		excluded_nonproof_token
monograph/thiele_machine_math_spec.tex	2059	latex_code	coq/\allowbreak{}kernel/\allowbreak{}quantum/\allowbreak{}Purification.v	kernel	nonproof	nonproof_token		excluded_nonproof_token
monograph/thiele_machine_math_spec.tex	2059	latex_code	coq/\allowbreak{}kernel/\allowbreak{}quantum/\allowbreak{}Purification.v	quantum	nonproof	nonproof_token		excluded_nonproof_token
monograph/thiele_machine_math_spec.tex	2060	latex_code	coq/\allowbreak{}kernel/\allowbreak{}quantum/\allowbreak{}NoCloning.v	NoCloning.v	nonproof	nonproof_token		excluded_nonproof_token
monograph/thiele_machine_math_spec.tex	2060	latex_code	coq/\allowbreak{}kernel/\allowbreak{}quantum/\allowbreak{}NoCloning.v	coq	nonproof	nonproof_token		excluded_nonproof_token
monograph/thiele_machine_math_spec.tex	2060	latex_code	coq/\allowbreak{}kernel/\allowbreak{}quantum/\allowbreak{}NoCloning.v	kernel	nonproof	nonproof_token		excluded_nonproof_token
monograph/thiele_machine_math_spec.tex	2060	latex_code	coq/\allowbreak{}kernel/\allowbreak{}quantum/\allowbreak{}NoCloning.v	quantum	nonproof	nonproof_token		excluded_nonproof_token
monograph/thiele_machine_math_spec.tex	2061	latex_code	coq/\allowbreak{}kernel/\allowbreak{}quantum/\allowbreak{}InformationCausality.v	InformationCausality.v	nonproof	nonproof_token		excluded_nonproof_token
monograph/thiele_machine_math_spec.tex	2061	latex_code	coq/\allowbreak{}kernel/\allowbreak{}quantum/\allowbreak{}InformationCausality.v	coq	nonproof	nonproof_token		excluded_nonproof_token
monograph/thiele_machine_math_spec.tex	2061	latex_code	coq/\allowbreak{}kernel/\allowbreak{}quantum/\allowbreak{}InformationCausality.v	kernel	nonproof	nonproof_token		excluded_nonproof_token
monograph/thiele_machine_math_spec.tex	2061	latex_code	coq/\allowbreak{}kernel/\allowbreak{}quantum/\allowbreak{}InformationCausality.v	quantum	nonproof	nonproof_token		excluded_nonproof_token
monograph/thiele_machine_math_spec.tex	2062	latex_code	coq/\allowbreak{}thermodynamic/\allowbreak{}LandauerDerived.v	LandauerDerived.v	nonproof	nonproof_token		excluded_nonproof_token
monograph/thiele_machine_math_spec.tex	2062	latex_code	coq/\allowbreak{}thermodynamic/\allowbreak{}LandauerDerived.v	coq	nonproof	nonproof_token		excluded_nonproof_token
monograph/thiele_machine_math_spec.tex	2062	latex_code	coq/\allowbreak{}thermodynamic/\allowbreak{}LandauerDerived.v	thermodynamic	nonproof	nonproof_token		excluded_nonproof_token
monograph/thiele_machine_math_spec.tex	2063	latex_code	coq/\allowbreak{}kernel/\allowbreak{}curvature/\allowbreak{}AffineEFEClosure.v	AffineEFEClosure.v	nonproof	nonproof_token		excluded_nonproof_token
monograph/thiele_machine_math_spec.tex	2063	latex_code	coq/\allowbreak{}kernel/\allowbreak{}curvature/\allowbreak{}AffineEFEClosure.v	coq	nonproof	nonproof_token		excluded_nonproof_token
monograph/thiele_machine_math_spec.tex	2063	latex_code	coq/\allowbreak{}kernel/\allowbreak{}curvature/\allowbreak{}AffineEFEClosure.v	curvature	nonproof	nonproof_token		excluded_nonproof_token
monograph/thiele_machine_math_spec.tex	2063	latex_code	coq/\allowbreak{}kernel/\allowbreak{}curvature/\allowbreak{}AffineEFEClosure.v	kernel	nonproof	nonproof_token		excluded_nonproof_token
monograph/thiele_machine_math_spec.tex	2064	latex_code	coq/\allowbreak{}kernel/\allowbreak{}curvature/\allowbreak{}AffineEFEClosure.v	AffineEFEClosure.v	nonproof	nonproof_token		excluded_nonproof_token
monograph/thiele_machine_math_spec.tex	2064	latex_code	coq/\allowbreak{}kernel/\allowbreak{}curvature/\allowbreak{}AffineEFEClosure.v	coq	nonproof	nonproof_token		excluded_nonproof_token
monograph/thiele_machine_math_spec.tex	2064	latex_code	coq/\allowbreak{}kernel/\allowbreak{}curvature/\allowbreak{}AffineEFEClosure.v	curvature	nonproof	nonproof_token		excluded_nonproof_token
monograph/thiele_machine_math_spec.tex	2064	latex_code	coq/\allowbreak{}kernel/\allowbreak{}curvature/\allowbreak{}AffineEFEClosure.v	kernel	nonproof	nonproof_token		excluded_nonproof_token
monograph/thiele_machine_math_spec.tex	2065	latex_code	coq/\allowbreak{}kernel/\allowbreak{}curvature/\allowbreak{}AffineEFEClosure.v	AffineEFEClosure.v	nonproof	nonproof_token		excluded_nonproof_token
monograph/thiele_machine_math_spec.tex	2065	latex_code	coq/\allowbreak{}kernel/\allowbreak{}curvature/\allowbreak{}AffineEFEClosure.v	coq	nonproof	nonproof_token		excluded_nonproof_token
monograph/thiele_machine_math_spec.tex	2065	latex_code	coq/\allowbreak{}kernel/\allowbreak{}curvature/\allowbreak{}AffineEFEClosure.v	curvature	nonproof	nonproof_token		excluded_nonproof_token
monograph/thiele_machine_math_spec.tex	2065	latex_code	coq/\allowbreak{}kernel/\allowbreak{}curvature/\allowbreak{}AffineEFEClosure.v	kernel	nonproof	nonproof_token		excluded_nonproof_token
monograph/thiele_machine_math_spec.tex	2066	latex_code	coq/\allowbreak{}kernel/\allowbreak{}curvature/\allowbreak{}SpacetimeEmergence.v	SpacetimeEmergence.v	nonproof	nonproof_token		excluded_nonproof_token
monograph/thiele_machine_math_spec.tex	2066	latex_code	coq/\allowbreak{}kernel/\allowbreak{}curvature/\allowbreak{}SpacetimeEmergence.v	coq	nonproof	nonproof_token		excluded_nonproof_token
monograph/thiele_machine_math_spec.tex	2066	latex_code	coq/\allowbreak{}kernel/\allowbreak{}curvature/\allowbreak{}SpacetimeEmergence.v	curvature	nonproof	nonproof_token		excluded_nonproof_token
monograph/thiele_machine_math_spec.tex	2066	latex_code	coq/\allowbreak{}kernel/\allowbreak{}curvature/\allowbreak{}SpacetimeEmergence.v	kernel	nonproof	nonproof_token		excluded_nonproof_token
monograph/thiele_machine_math_spec.tex	2067	latex_code	coq/\allowbreak{}kernel/\allowbreak{}mu\_\allowbreak{}calculus/\allowbreak{}MuGeometry.v	MuGeometry.v	nonproof	nonproof_token		excluded_nonproof_token
monograph/thiele_machine_math_spec.tex	2067	latex_code	coq/\allowbreak{}kernel/\allowbreak{}mu\_\allowbreak{}calculus/\allowbreak{}MuGeometry.v	coq	nonproof	nonproof_token		excluded_nonproof_token
monograph/thiele_machine_math_spec.tex	2067	latex_code	coq/\allowbreak{}kernel/\allowbreak{}mu\_\allowbreak{}calculus/\allowbreak{}MuGeometry.v	kernel	nonproof	nonproof_token		excluded_nonproof_token
monograph/thiele_machine_math_spec.tex	2067	latex_code	coq/\allowbreak{}kernel/\allowbreak{}mu\_\allowbreak{}calculus/\allowbreak{}MuGeometry.v	mu_calculus	nonproof	nonproof_token		excluded_nonproof_token
monograph/thiele_machine_math_spec.tex	2068	latex_code	coq/\allowbreak{}kernel/\allowbreak{}curvature/\allowbreak{}FourDSimplicialComplex.v	FourDSimplicialComplex.v	nonproof	nonproof_token		excluded_nonproof_token
monograph/thiele_machine_math_spec.tex	2068	latex_code	coq/\allowbreak{}kernel/\allowbreak{}curvature/\allowbreak{}FourDSimplicialComplex.v	coq	nonproof	nonproof_token		excluded_nonproof_token
monograph/thiele_machine_math_spec.tex	2068	latex_code	coq/\allowbreak{}kernel/\allowbreak{}curvature/\allowbreak{}FourDSimplicialComplex.v	curvature	nonproof	nonproof_token		excluded_nonproof_token
monograph/thiele_machine_math_spec.tex	2068	latex_code	coq/\allowbreak{}kernel/\allowbreak{}curvature/\allowbreak{}FourDSimplicialComplex.v	kernel	nonproof	nonproof_token		excluded_nonproof_token
monograph/thiele_machine_math_spec.tex	2069	latex_code	coq/\allowbreak{}kernel/\allowbreak{}curvature/\allowbreak{}MetricFromMuCosts.v	MetricFromMuCosts.v	nonproof	nonproof_token		excluded_nonproof_token
monograph/thiele_machine_math_spec.tex	2069	latex_code	coq/\allowbreak{}kernel/\allowbreak{}curvature/\allowbreak{}MetricFromMuCosts.v	coq	nonproof	nonproof_token		excluded_nonproof_token
monograph/thiele_machine_math_spec.tex	2069	latex_code	coq/\allowbreak{}kernel/\allowbreak{}curvature/\allowbreak{}MetricFromMuCosts.v	curvature	nonproof	nonproof_token		excluded_nonproof_token
monograph/thiele_machine_math_spec.tex	2069	latex_code	coq/\allowbreak{}kernel/\allowbreak{}curvature/\allowbreak{}MetricFromMuCosts.v	kernel	nonproof	nonproof_token		excluded_nonproof_token
monograph/thiele_machine_math_spec.tex	2070	latex_code	coq/\allowbreak{}kernel/\allowbreak{}curvature/\allowbreak{}RiemannTensor4D.v	RiemannTensor4D.v	nonproof	nonproof_token		excluded_nonproof_token
monograph/thiele_machine_math_spec.tex	2070	latex_code	coq/\allowbreak{}kernel/\allowbreak{}curvature/\allowbreak{}RiemannTensor4D.v	coq	nonproof	nonproof_token		excluded_nonproof_token
monograph/thiele_machine_math_spec.tex	2070	latex_code	coq/\allowbreak{}kernel/\allowbreak{}curvature/\allowbreak{}RiemannTensor4D.v	curvature	nonproof	nonproof_token		excluded_nonproof_token
monograph/thiele_machine_math_spec.tex	2070	latex_code	coq/\allowbreak{}kernel/\allowbreak{}curvature/\allowbreak{}RiemannTensor4D.v	kernel	nonproof	nonproof_token		excluded_nonproof_token
monograph/thiele_machine_math_spec.tex	2071	latex_code	coq/\allowbreak{}kernel/\allowbreak{}curvature/\allowbreak{}EinsteinEquations4D.v	EinsteinEquations4D.v	nonproof	nonproof_token		excluded_nonproof_token
monograph/thiele_machine_math_spec.tex	2071	latex_code	coq/\allowbreak{}kernel/\allowbreak{}curvature/\allowbreak{}EinsteinEquations4D.v	coq	nonproof	nonproof_token		excluded_nonproof_token
monograph/thiele_machine_math_spec.tex	2071	latex_code	coq/\allowbreak{}kernel/\allowbreak{}curvature/\allowbreak{}EinsteinEquations4D.v	curvature	nonproof	nonproof_token		excluded_nonproof_token
monograph/thiele_machine_math_spec.tex	2071	latex_code	coq/\allowbreak{}kernel/\allowbreak{}curvature/\allowbreak{}EinsteinEquations4D.v	kernel	nonproof	nonproof_token		excluded_nonproof_token
monograph/thiele_machine_math_spec.tex	2072	latex_code	coq/\allowbreak{}kernel/\allowbreak{}curvature/\allowbreak{}EinsteinEquationsFull.v	EinsteinEquationsFull.v	nonproof	nonproof_token		excluded_nonproof_token
monograph/thiele_machine_math_spec.tex	2072	latex_code	coq/\allowbreak{}kernel/\allowbreak{}curvature/\allowbreak{}EinsteinEquationsFull.v	coq	nonproof	nonproof_token		excluded_nonproof_token
monograph/thiele_machine_math_spec.tex	2072	latex_code	coq/\allowbreak{}kernel/\allowbreak{}curvature/\allowbreak{}EinsteinEquationsFull.v	curvature	nonproof	nonproof_token		excluded_nonproof_token
monograph/thiele_machine_math_spec.tex	2072	latex_code	coq/\allowbreak{}kernel/\allowbreak{}curvature/\allowbreak{}EinsteinEquationsFull.v	kernel	nonproof	nonproof_token		excluded_nonproof_token
monograph/thiele_machine_math_spec.tex	2073	latex_code	A\_\allowbreak{}QM	A_QM	nonproof	nonproof_token		excluded_nonproof_token
monograph/thiele_machine_math_spec.tex	2073	latex_code	coq/\allowbreak{}PhysicsConditionalClosure.v	PhysicsConditionalClosure.v	nonproof	nonproof_token		excluded_nonproof_token
monograph/thiele_machine_math_spec.tex	2073	latex_code	coq/\allowbreak{}PhysicsConditionalClosure.v	coq	nonproof	nonproof_token		excluded_nonproof_token
monograph/thiele_machine_math_spec.tex	2077	latex_code	coq/\allowbreak{}self\_\allowbreak{}reference/\allowbreak{}SelfReference.v	SelfReference.v	nonproof	nonproof_token		excluded_nonproof_token
monograph/thiele_machine_math_spec.tex	2077	latex_code	coq/\allowbreak{}self\_\allowbreak{}reference/\allowbreak{}SelfReference.v	coq	nonproof	nonproof_token		excluded_nonproof_token
monograph/thiele_machine_math_spec.tex	2077	latex_code	coq/\allowbreak{}self\_\allowbreak{}reference/\allowbreak{}SelfReference.v	self_reference	nonproof	nonproof_token		excluded_nonproof_token
monograph/thiele_machine_math_spec.tex	2078	latex_code	coq/\allowbreak{}thiele\_\allowbreak{}manifold/\allowbreak{}ThieleManifold.v	ThieleManifold.v	nonproof	nonproof_token		excluded_nonproof_token
monograph/thiele_machine_math_spec.tex	2078	latex_code	coq/\allowbreak{}thiele\_\allowbreak{}manifold/\allowbreak{}ThieleManifold.v	coq	nonproof	nonproof_token		excluded_nonproof_token
monograph/thiele_machine_math_spec.tex	2078	latex_code	coq/\allowbreak{}thiele\_\allowbreak{}manifold/\allowbreak{}ThieleManifold.v	thiele_manifold	nonproof	nonproof_token		excluded_nonproof_token
monograph/thiele_machine_math_spec.tex	2079	latex_code	coq/\allowbreak{}thiele\_\allowbreak{}manifold/\allowbreak{}PhysicalConstants.v	PhysicalConstants.v	nonproof	nonproof_token		excluded_nonproof_token
monograph/thiele_machine_math_spec.tex	2079	latex_code	coq/\allowbreak{}thiele\_\allowbreak{}manifold/\allowbreak{}PhysicalConstants.v	coq	nonproof	nonproof_token		excluded_nonproof_token
monograph/thiele_machine_math_spec.tex	2079	latex_code	coq/\allowbreak{}thiele\_\allowbreak{}manifold/\allowbreak{}PhysicalConstants.v	thiele_manifold	nonproof	nonproof_token		excluded_nonproof_token
monograph/thiele_machine_math_spec.tex	2080	latex_code	coq/\allowbreak{}kernel/\allowbreak{}aggregators/\allowbreak{}FalsifiablePrediction.v	FalsifiablePrediction.v	nonproof	nonproof_token		excluded_nonproof_token
monograph/thiele_machine_math_spec.tex	2080	latex_code	coq/\allowbreak{}kernel/\allowbreak{}aggregators/\allowbreak{}FalsifiablePrediction.v	aggregators	nonproof	nonproof_token		excluded_nonproof_token
monograph/thiele_machine_math_spec.tex	2080	latex_code	coq/\allowbreak{}kernel/\allowbreak{}aggregators/\allowbreak{}FalsifiablePrediction.v	coq	nonproof	nonproof_token		excluded_nonproof_token
monograph/thiele_machine_math_spec.tex	2080	latex_code	coq/\allowbreak{}kernel/\allowbreak{}aggregators/\allowbreak{}FalsifiablePrediction.v	kernel	nonproof	nonproof_token		excluded_nonproof_token
monograph/thiele_machine_math_spec.tex	2081	latex_code	coq/\allowbreak{}kernel/\allowbreak{}hardware\_\allowbreak{}bridge/\allowbreak{}ThreeLayerIsomorphism.v	ThreeLayerIsomorphism.v	nonproof	nonproof_token		excluded_nonproof_token
monograph/thiele_machine_math_spec.tex	2081	latex_code	coq/\allowbreak{}kernel/\allowbreak{}hardware\_\allowbreak{}bridge/\allowbreak{}ThreeLayerIsomorphism.v	coq	nonproof	nonproof_token		excluded_nonproof_token
monograph/thiele_machine_math_spec.tex	2081	latex_code	coq/\allowbreak{}kernel/\allowbreak{}hardware\_\allowbreak{}bridge/\allowbreak{}ThreeLayerIsomorphism.v	hardware_bridge	nonproof	nonproof_token		excluded_nonproof_token
monograph/thiele_machine_math_spec.tex	2081	latex_code	coq/\allowbreak{}kernel/\allowbreak{}hardware\_\allowbreak{}bridge/\allowbreak{}ThreeLayerIsomorphism.v	kernel	nonproof	nonproof_token		excluded_nonproof_token
monograph/thiele_machine_math_spec.tex	2085	latex_code	coq/\allowbreak{}kami\_\allowbreak{}hw/\allowbreak{}RTLGapRegistry.v	RTLGapRegistry.v	nonproof	nonproof_token		excluded_nonproof_token
monograph/thiele_machine_math_spec.tex	2085	latex_code	coq/\allowbreak{}kami\_\allowbreak{}hw/\allowbreak{}RTLGapRegistry.v	coq	nonproof	nonproof_token		excluded_nonproof_token
monograph/thiele_machine_math_spec.tex	2085	latex_code	coq/\allowbreak{}kami\_\allowbreak{}hw/\allowbreak{}RTLGapRegistry.v	kami_hw	nonproof	nonproof_token		excluded_nonproof_token
monograph/thiele_machine_math_spec.tex	2085	latex_code	rtl\_\allowbreak{}gap\_\allowbreak{}registry\_\allowbreak{}empty	rtl_gap_registry_empty	proof	Theorem	KamiHW.RTLGapRegistry.rtl_gap_registry_empty	unique_suffix
monograph/thiele_machine_math_spec.tex	2086	latex_code	coq/\allowbreak{}kami\_\allowbreak{}hw/\allowbreak{}RTLGapRegistry.v	RTLGapRegistry.v	nonproof	nonproof_token		excluded_nonproof_token
monograph/thiele_machine_math_spec.tex	2086	latex_code	coq/\allowbreak{}kami\_\allowbreak{}hw/\allowbreak{}RTLGapRegistry.v	coq	nonproof	nonproof_token		excluded_nonproof_token
monograph/thiele_machine_math_spec.tex	2086	latex_code	coq/\allowbreak{}kami\_\allowbreak{}hw/\allowbreak{}RTLGapRegistry.v	kami_hw	nonproof	nonproof_token		excluded_nonproof_token
monograph/thiele_machine_math_spec.tex	2086	latex_code	rtl\_\allowbreak{}inventory\_\allowbreak{}arithmetic	rtl_inventory_arithmetic	proof	Theorem	KamiHW.RTLGapRegistry.rtl_inventory_arithmetic	unique_suffix
monograph/thiele_machine_math_spec.tex	2087	latex_code	coq/\allowbreak{}kernel/\allowbreak{}hardware\_\allowbreak{}bridge/\allowbreak{}VerilogRTLCorrespondence.v	VerilogRTLCorrespondence.v	nonproof	nonproof_token		excluded_nonproof_token
monograph/thiele_machine_math_spec.tex	2087	latex_code	coq/\allowbreak{}kernel/\allowbreak{}hardware\_\allowbreak{}bridge/\allowbreak{}VerilogRTLCorrespondence.v	coq	nonproof	nonproof_token		excluded_nonproof_token
monograph/thiele_machine_math_spec.tex	2087	latex_code	coq/\allowbreak{}kernel/\allowbreak{}hardware\_\allowbreak{}bridge/\allowbreak{}VerilogRTLCorrespondence.v	hardware_bridge	nonproof	nonproof_token		excluded_nonproof_token
monograph/thiele_machine_math_spec.tex	2087	latex_code	coq/\allowbreak{}kernel/\allowbreak{}hardware\_\allowbreak{}bridge/\allowbreak{}VerilogRTLCorrespondence.v	kernel	nonproof	nonproof_token		excluded_nonproof_token
monograph/thiele_machine_math_spec.tex	2087	latex_code	rtl\_\allowbreak{}step\_\allowbreak{}correct	rtl_step_correct	nonproof	nonproof_token		excluded_nonproof_token
monograph/thiele_machine_math_spec.tex	2088	latex_code	bsc\_\allowbreak{}kami\_\allowbreak{}compilation\_\allowbreak{}trusted	bsc_kami_compilation_trusted	nonproof	Definition		Definition@coq/kernel/hardware_bridge/VerilogRTLCorrespondence.v:68
monograph/thiele_machine_math_spec.tex	2088	latex_code	coq/\allowbreak{}kernel/\allowbreak{}hardware\_\allowbreak{}bridge/\allowbreak{}VerilogRTLCorrespondence.v	VerilogRTLCorrespondence.v	nonproof	nonproof_token		excluded_nonproof_token
monograph/thiele_machine_math_spec.tex	2088	latex_code	coq/\allowbreak{}kernel/\allowbreak{}hardware\_\allowbreak{}bridge/\allowbreak{}VerilogRTLCorrespondence.v	coq	nonproof	nonproof_token		excluded_nonproof_token
monograph/thiele_machine_math_spec.tex	2088	latex_code	coq/\allowbreak{}kernel/\allowbreak{}hardware\_\allowbreak{}bridge/\allowbreak{}VerilogRTLCorrespondence.v	hardware_bridge	nonproof	nonproof_token		excluded_nonproof_token
monograph/thiele_machine_math_spec.tex	2088	latex_code	coq/\allowbreak{}kernel/\allowbreak{}hardware\_\allowbreak{}bridge/\allowbreak{}VerilogRTLCorrespondence.v	kernel	nonproof	nonproof_token		excluded_nonproof_token
monograph/thiele_machine_math_spec.tex	2089	latex_code	coq/\allowbreak{}kami\_\allowbreak{}hw/\allowbreak{}VerilogSemantics.v	VerilogSemantics.v	nonproof	nonproof_token		excluded_nonproof_token
monograph/thiele_machine_math_spec.tex	2089	latex_code	coq/\allowbreak{}kami\_\allowbreak{}hw/\allowbreak{}VerilogSemantics.v	coq	nonproof	nonproof_token		excluded_nonproof_token
monograph/thiele_machine_math_spec.tex	2089	latex_code	coq/\allowbreak{}kami\_\allowbreak{}hw/\allowbreak{}VerilogSemantics.v	kami_hw	nonproof	nonproof_token		excluded_nonproof_token
monograph/thiele_machine_math_spec.tex	2089	latex_code	rtl\_\allowbreak{}step\_\allowbreak{}correct	rtl_step_correct	nonproof	nonproof_token		excluded_nonproof_token
monograph/thiele_machine_math_spec.tex	2090	latex_code	coq/\allowbreak{}kami\_\allowbreak{}hw/\allowbreak{}EmbedStep.v	EmbedStep.v	nonproof	nonproof_token		excluded_nonproof_token
monograph/thiele_machine_math_spec.tex	2090	latex_code	coq/\allowbreak{}kami\_\allowbreak{}hw/\allowbreak{}EmbedStep.v	coq	nonproof	nonproof_token		excluded_nonproof_token
monograph/thiele_machine_math_spec.tex	2090	latex_code	coq/\allowbreak{}kami\_\allowbreak{}hw/\allowbreak{}EmbedStep.v	kami_hw	nonproof	nonproof_token		excluded_nonproof_token
monograph/thiele_machine_math_spec.tex	2090	latex_code	coq/\allowbreak{}kami\_\allowbreak{}hw/\allowbreak{}EmbedStep\_\allowbreak{}WF.v	EmbedStep_WF.v	nonproof	nonproof_token		excluded_nonproof_token
monograph/thiele_machine_math_spec.tex	2090	latex_code	coq/\allowbreak{}kami\_\allowbreak{}hw/\allowbreak{}EmbedStep\_\allowbreak{}WF.v	coq	nonproof	nonproof_token		excluded_nonproof_token
monograph/thiele_machine_math_spec.tex	2090	latex_code	coq/\allowbreak{}kami\_\allowbreak{}hw/\allowbreak{}EmbedStep\_\allowbreak{}WF.v	kami_hw	nonproof	nonproof_token		excluded_nonproof_token
monograph/thiele_machine_math_spec.tex	2091	latex_code	coq/\allowbreak{}kami\_\allowbreak{}hw/\allowbreak{}GraphReconstructionBridge.v	GraphReconstructionBridge.v	nonproof	nonproof_token		excluded_nonproof_token
monograph/thiele_machine_math_spec.tex	2091	latex_code	coq/\allowbreak{}kami\_\allowbreak{}hw/\allowbreak{}GraphReconstructionBridge.v	coq	nonproof	nonproof_token		excluded_nonproof_token
monograph/thiele_machine_math_spec.tex	2091	latex_code	coq/\allowbreak{}kami\_\allowbreak{}hw/\allowbreak{}GraphReconstructionBridge.v	kami_hw	nonproof	nonproof_token		excluded_nonproof_token
monograph/thiele_machine_math_spec.tex	2092	latex_code	coq/\allowbreak{}kami\_\allowbreak{}hw/\allowbreak{}ThieleCPUCore.v	ThieleCPUCore.v	nonproof	nonproof_token		excluded_nonproof_token
monograph/thiele_machine_math_spec.tex	2092	latex_code	coq/\allowbreak{}kami\_\allowbreak{}hw/\allowbreak{}ThieleCPUCore.v	coq	nonproof	nonproof_token		excluded_nonproof_token
monograph/thiele_machine_math_spec.tex	2092	latex_code	coq/\allowbreak{}kami\_\allowbreak{}hw/\allowbreak{}ThieleCPUCore.v	kami_hw	nonproof	nonproof_token		excluded_nonproof_token
monograph/thiele_machine_math_spec.tex	2093	latex_code	coq/\allowbreak{}kernel/\allowbreak{}hardware\_\allowbreak{}bridge/\allowbreak{}OCamlExtractionBridge.v	OCamlExtractionBridge.v	nonproof	nonproof_token		excluded_nonproof_token
monograph/thiele_machine_math_spec.tex	2093	latex_code	coq/\allowbreak{}kernel/\allowbreak{}hardware\_\allowbreak{}bridge/\allowbreak{}OCamlExtractionBridge.v	coq	nonproof	nonproof_token		excluded_nonproof_token
monograph/thiele_machine_math_spec.tex	2093	latex_code	coq/\allowbreak{}kernel/\allowbreak{}hardware\_\allowbreak{}bridge/\allowbreak{}OCamlExtractionBridge.v	hardware_bridge	nonproof	nonproof_token		excluded_nonproof_token
monograph/thiele_machine_math_spec.tex	2093	latex_code	coq/\allowbreak{}kernel/\allowbreak{}hardware\_\allowbreak{}bridge/\allowbreak{}OCamlExtractionBridge.v	kernel	nonproof	nonproof_token		excluded_nonproof_token
monograph/thiele_machine_math_spec.tex	2093	latex_code	ocaml\_\allowbreak{}observable\_\allowbreak{}nofi\_\allowbreak{}and\_\allowbreak{}monotone	ocaml_observable_nofi_and_monotone	proof	Theorem	Kernel.OCamlExtractionBridge.ocaml_observable_nofi_and_monotone	unique_suffix
monograph/thiele_machine_math_spec.tex	2110	latex_code	A\_\allowbreak{}QM	A_QM	nonproof	nonproof_token		excluded_nonproof_token
monograph/thiele_machine_math_spec.tex	2114	latex_code	BornRule.v	BornRule.v	nonproof	nonproof_token		excluded_nonproof_token
monograph/thiele_machine_math_spec.tex	2123	latex_code	Instance\_\allowbreak{}Kernel.v	Instance_Kernel.v	nonproof	nonproof_token		excluded_nonproof_token
monograph/thiele_machine_math_spec.tex	2135	latex_code	Instance\_\allowbreak{}Kernel.v	Instance_Kernel.v	nonproof	nonproof_token		excluded_nonproof_token
monograph/thiele_machine_math_spec.tex	2140	latex_code	P\_\allowbreak{}full\_\allowbreak{}complete\_\allowbreak{}neither\_\allowbreak{}mu\_\allowbreak{}nor\_\allowbreak{}cert\_\allowbreak{}droppable	P_full_complete_neither_mu_nor_cert_droppable	proof	Corollary	Kernel.NecessityAbstract.P_full_complete_neither_mu_nor_cert_droppable	explicit_binding
monograph/thiele_machine_math_spec.tex	2148	latex_code	EinsteinEquationsFull.v	EinsteinEquationsFull.v	nonproof	nonproof_token		excluded_nonproof_token
monograph/thiele_machine_math_spec.tex	2159	latex_code	WFDrivenPrecondition	WFDrivenPrecondition	nonproof	Definition		Definition@coq/kami_hw/GraphReconstructionBridge.v:3828
monograph/thiele_machine_math_spec.tex	2159	latex_code	driven\_\allowbreak{}step\_\allowbreak{}wf	driven_step_wf	proof	Theorem	KamiHW.GraphReconstructionBridge.driven_step_wf	unique_suffix
monograph/thiele_machine_math_spec.tex	2159	latex_code	rtl\_\allowbreak{}inventory\_\allowbreak{}arithmetic	rtl_inventory_arithmetic	proof	Theorem	KamiHW.RTLGapRegistry.rtl_inventory_arithmetic	unique_suffix
monograph/thiele_machine_math_spec.tex	2159	latex_code	vm\_\allowbreak{}apply	vm_apply	nonproof	Definition		Definition@coq/ThieleMachineComplete.v:3534;Definition@coq/kernel/foundation/SimulationProof.v:262
monograph/thiele_machine_math_spec.tex	2170	latex_code	CERTIFY 0	CERTIFY	nonproof	nonproof_token		excluded_nonproof_token
monograph/thiele_machine_math_spec.tex	2170	latex_code	CHECKPOINT	CHECKPOINT	nonproof	nonproof_token		excluded_nonproof_token
monograph/thiele_machine_math_spec.tex	2170	latex_code	JUMP a 2	JUMP	nonproof	nonproof_token		excluded_nonproof_token
monograph/thiele_machine_math_spec.tex	2170	latex_code	JUMP a 2	a	nonproof	nonproof_token		excluded_nonproof_token
monograph/thiele_machine_math_spec.tex	2170	latex_code	certified	certified	nonproof	nonproof_token		excluded_nonproof_token
monograph/thiele_machine_math_spec.tex	2170	latex_code	pc	pc	nonproof	nonproof_token		excluded_nonproof_token
monograph/thiele_machine_math_spec.tex	2171	latex_code	JUMP 0 0	JUMP	nonproof	nonproof_token		excluded_nonproof_token
monograph/thiele_machine_math_spec.tex	2172	latex_code	bare\_\allowbreak{}observable	bare_observable	nonproof	Definition		Definition@coq/kernel/witness/ProjectionNonExistence.v:61
monograph/thiele_machine_math_spec.tex	2172	latex_code	forget	forget	nonproof	Definition		Definition@coq/kernel/witness/BlindnessRepresentation.v:51
monograph/thiele_machine_math_spec.tex	2176	latex_code	BornRuleLinearity.v	BornRuleLinearity.v	nonproof	nonproof_token		excluded_nonproof_token
monograph/thiele_machine_math_spec.tex	2176	latex_code	coq/\allowbreak{}kernel/\allowbreak{}quantum/\allowbreak{}BornRule.v	BornRule.v	nonproof	nonproof_token		excluded_nonproof_token
monograph/thiele_machine_math_spec.tex	2176	latex_code	coq/\allowbreak{}kernel/\allowbreak{}quantum/\allowbreak{}BornRule.v	coq	nonproof	nonproof_token		excluded_nonproof_token
monograph/thiele_machine_math_spec.tex	2176	latex_code	coq/\allowbreak{}kernel/\allowbreak{}quantum/\allowbreak{}BornRule.v	kernel	nonproof	nonproof_token		excluded_nonproof_token
monograph/thiele_machine_math_spec.tex	2176	latex_code	coq/\allowbreak{}kernel/\allowbreak{}quantum/\allowbreak{}BornRule.v	quantum	nonproof	nonproof_token		excluded_nonproof_token
monograph/thiele_machine_math_spec.tex	2183	latex_code	landauer\_\allowbreak{}heat	landauer_heat	nonproof	Definition		Definition@coq/kernel/nfi/PermanentCertificationEntropy.v:816
monograph/thiele_machine_math_spec.tex	2192	latex_code	BornRule.v	BornRule.v	nonproof	nonproof_token		excluded_nonproof_token
research/rounds/2026-09-30-part1-event-swap.md	5	markdown_code	coq/kernel/foundation/EventSwapCore.v	EventSwapCore.v	nonproof	nonproof_token		excluded_nonproof_token
research/rounds/2026-09-30-part1-event-swap.md	5	markdown_code	coq/kernel/foundation/EventSwapCore.v	coq	nonproof	nonproof_token		excluded_nonproof_token
research/rounds/2026-09-30-part1-event-swap.md	5	markdown_code	coq/kernel/foundation/EventSwapCore.v	foundation	nonproof	nonproof_token		excluded_nonproof_token
research/rounds/2026-09-30-part1-event-swap.md	5	markdown_code	coq/kernel/foundation/EventSwapCore.v	kernel	nonproof	nonproof_token		excluded_nonproof_token
research/rounds/2026-09-30-part1-event-swap.md	11	markdown_code	CertificationSystem	CertificationSystem	nonproof	Record		Record@coq/kernel/nfi/UniversalCertificationCost.v:30
research/rounds/2026-09-30-part1-event-swap.md	12	markdown_code	csr_cert_addr	csr_cert_addr	nonproof	nonproof_token		excluded_nonproof_token
research/rounds/2026-09-30-part1-event-swap.md	12	markdown_code	vm_certified	vm_certified	nonproof	nonproof_token		excluded_nonproof_token
research/rounds/2026-09-30-part1-event-swap.md	31	markdown_code	EventSwapCore.v	EventSwapCore.v	nonproof	nonproof_token		excluded_nonproof_token
research/rounds/2026-09-30-part1-event-swap.md	35	markdown_code	pricing_generalizes	pricing_generalizes	nonproof	Definition		Definition@coq/kernel/foundation/EventSwapCore.v:77
research/rounds/2026-09-30-part1-event-swap.md	36	markdown_code	bare_hiding_generalizes	bare_hiding_generalizes	nonproof	Definition		Definition@coq/kernel/foundation/EventSwapCore.v:82
research/rounds/2026-09-30-part1-event-swap.md	36	markdown_code	forget_hiding_generalizes	forget_hiding_generalizes	nonproof	Definition		Definition@coq/kernel/foundation/EventSwapCore.v:79
research/rounds/2026-09-30-part1-event-swap.md	37	markdown_code	bare_inexactness_generalizes	bare_inexactness_generalizes	nonproof	Definition		Definition@coq/kernel/foundation/EventSwapCore.v:85
research/rounds/2026-09-30-part1-event-swap.md	37	markdown_code	forget_inexactness_generalizes	forget_inexactness_generalizes	nonproof	Definition		Definition@coq/kernel/foundation/EventSwapCore.v:88
research/rounds/2026-09-30-part1-event-swap.md	43	markdown_code	1 <= pg_next_id	pg_next_id	nonproof	nonproof_token		excluded_nonproof_token
research/rounds/2026-09-30-part1-event-swap.md	43	markdown_code	pricing_generalizes	pricing_generalizes	nonproof	Definition		Definition@coq/kernel/foundation/EventSwapCore.v:77
research/rounds/2026-09-30-part1-event-swap.md	44	markdown_code	1 <= vm_mu	vm_mu	nonproof	nonproof_token		excluded_nonproof_token
research/rounds/2026-09-30-part1-event-swap.md	44	markdown_code	forget_hiding_generalizes	forget_hiding_generalizes	nonproof	Definition		Definition@coq/kernel/foundation/EventSwapCore.v:79
research/rounds/2026-09-30-part1-event-swap.md	45	markdown_code	bare_hiding_generalizes	bare_hiding_generalizes	nonproof	Definition		Definition@coq/kernel/foundation/EventSwapCore.v:82
research/rounds/2026-09-30-part1-event-swap.md	46	markdown_code	bare_inexactness_generalizes	bare_inexactness_generalizes	nonproof	Definition		Definition@coq/kernel/foundation/EventSwapCore.v:85
research/rounds/2026-09-30-part1-event-swap.md	46	markdown_code	forget_inexactness_generalizes	forget_inexactness_generalizes	nonproof	Definition		Definition@coq/kernel/foundation/EventSwapCore.v:88
research/rounds/2026-09-30-part1-event-swap.md	46	markdown_code	window_showing_reading_prices_exactly	window_showing_reading_prices_exactly	proof	Theorem	Kernel.ShadowPricing.window_showing_reading_prices_exactly	unique_suffix
research/rounds/2026-09-30-part1-event-swap.md	54	markdown_code	swap_preserves_main_results	swap_preserves_main_results	nonproof	Definition		Definition@coq/kernel/foundation/EventSwapCore.v:66
research/rounds/2026-09-30-part1-event-swap.md	58	markdown_code	certification_main_results	certification_main_results	nonproof	Definition		Definition@coq/kernel/foundation/EventSwapCore.v:71
research/rounds/2026-09-30-part1-event-swap.md	60	markdown_code	certification_main_results	certification_main_results	nonproof	Definition		Definition@coq/kernel/foundation/EventSwapCore.v:71
research/rounds/2026-09-30-part1-event-swap.md	60	markdown_code	~ swap_preserves_main_results	swap_preserves_main_results	nonproof	Definition		Definition@coq/kernel/foundation/EventSwapCore.v:66
research/rounds/2026-09-30-part1-event-swap.md	66	markdown_code	state_64bit_bounded_step	state_64bit_bounded_step	proof	Theorem	Kernel.VMWord64BoundednessObstruction.state_64bit_bounded_step	unique_suffix
research/rounds/2026-09-30-part1-event-swap.md	66	markdown_code	vm_apply_mu	vm_apply_mu	proof	Lemma	Kernel.MuLedgerConservation.vm_apply_mu	explicit_binding
research/rounds/2026-09-30-part1-event-swap.md	66	markdown_code	vm_step_next_id_monotone	vm_step_next_id_monotone	proof	Lemma	Kernel.SpacetimeEmergence.vm_step_next_id_monotone	unique_suffix
research/rounds/2026-09-30-part1-event-swap.md	67	markdown_code	vm_mu	vm_mu	nonproof	nonproof_token		excluded_nonproof_token
research/rounds/2026-09-30-part1-event-swap.md	67	markdown_code	vm_mu	vm_mu	nonproof	nonproof_token		excluded_nonproof_token
research/rounds/2026-09-30-part1-event-swap.md	68	markdown_code	window_showing_reading_prices_exactly	window_showing_reading_prices_exactly	proof	Theorem	Kernel.ShadowPricing.window_showing_reading_prices_exactly	unique_suffix
research/rounds/inputs/2026-09-30-v3.4.0-release-notes.md	7	markdown_code	finite_reversible_cannot_write	finite_reversible_cannot_write	proof	Theorem	Kernel.RecordAxisDiscrimination.finite_reversible_cannot_write	unique_suffix
research/rounds/inputs/2026-09-30-v3.4.0-release-notes.md	7	markdown_code	history_latch_honest	history_latch_honest	proof	Theorem	Kernel.RecordAxisDiscrimination.history_latch_honest	unique_suffix
research/rounds/inputs/2026-09-30-v3.4.0-release-notes.md	7	markdown_code	latch_core_honest	latch_core_honest	proof	Theorem	Kernel.RecordAxisDiscrimination.latch_core_honest	unique_suffix
research/rounds/inputs/2026-09-30-v3.4.0-release-notes.md	8	markdown_code	cert_not_function_of_forget	cert_not_function_of_forget	proof	Theorem	Kernel.ProjectionNonExistence.cert_not_function_of_forget	unique_suffix
research/rounds/inputs/2026-09-30-v3.4.0-release-notes.md	8	markdown_code	mu_not_function_of_bare_observable	mu_not_function_of_bare_observable	proof	Theorem	Kernel.ProjectionNonExistence.mu_not_function_of_bare_observable	unique_suffix
research/rounds/inputs/2026-09-30-v3.4.0-release-notes.md	9	markdown_code	a2_from_merging_price_and_permanence	a2_from_merging_price_and_permanence	proof	Theorem	Kernel.PermanentCertification.a2_from_merging_price_and_permanence	unique_suffix
research/rounds/inputs/2026-09-30-v3.4.0-release-notes.md	9	markdown_code	permanent_flip_is_not_injective	permanent_flip_is_not_injective	proof	Theorem	Kernel.PermanentCertification.permanent_flip_is_not_injective	unique_suffix
research/rounds/inputs/2026-09-30-v3.4.0-release-notes.md	11	markdown_code	uniqueness_round4_holds	uniqueness_round4_holds	proof	Theorem	Kernel.StructuralRecordAxis.uniqueness_round4_holds	unique_suffix
research/rounds/inputs/2026-09-30-v3.4.0-release-notes.md	15	markdown_code	uniqueness_round1_refuted	uniqueness_round1_refuted	proof	Theorem	Kernel.StructuralUniqueness.uniqueness_round1_refuted	unique_suffix
research/rounds/inputs/2026-09-30-v3.4.0-release-notes.md	15	markdown_code	uniqueness_round2_refuted	uniqueness_round2_refuted	proof	Theorem	Kernel.StructuralUniqueness.uniqueness_round2_refuted	unique_suffix
research/rounds/inputs/2026-09-30-v3.4.0-release-notes.md	16	markdown_code	surcharged_core_equiv_mod_schedule	surcharged_core_equiv_mod_schedule	proof	Theorem	Kernel.StructuralScheduleUniqueness.surcharged_core_equiv_mod_schedule	unique_suffix
research/rounds/inputs/2026-09-30-v3.4.0-release-notes.md	16	markdown_code	uniqueness_round3b_holds	uniqueness_round3b_holds	proof	Theorem	Kernel.StructuralScheduleUniqueness.uniqueness_round3b_holds	unique_suffix
research/rounds/inputs/2026-09-30-v3.4.0-release-notes.md	17	markdown_code	uniqueness_round3a_refuted	uniqueness_round3a_refuted	proof	Theorem	Kernel.StructuralScheduleUniqueness.uniqueness_round3a_refuted	unique_suffix
research/rounds/inputs/2026-09-30-v3.4.0-release-notes.md	18	markdown_code	clock_record_not_driven	clock_record_not_driven	proof	Theorem	Kernel.StructuralRecordAxis.clock_record_not_driven	unique_suffix
research/rounds/inputs/2026-09-30-v3.4.0-release-notes.md	18	markdown_code	toggle_not_latch	toggle_not_latch	proof	Theorem	Kernel.StructuralRecordAxis.toggle_not_latch	unique_suffix
research/rounds/inputs/2026-09-30-v3.4.0-release-notes.md	18	markdown_code	uniqueness_round4_holds	uniqueness_round4_holds	proof	Theorem	Kernel.StructuralRecordAxis.uniqueness_round4_holds	unique_suffix
research/rounds/inputs/2026-09-30-v3.4.0-release-notes.md	18	markdown_code	uniqueness_round4_pair_holds	uniqueness_round4_pair_holds	proof	Theorem	Kernel.StructuralRecordAxis.uniqueness_round4_pair_holds	unique_suffix
research/rounds/inputs/2026-09-30-v3.4.0-release-notes.md	22	markdown_code	run_narrowing_priced_log	run_narrowing_priced_log	proof	Theorem	Kernel.KnowledgeNarrowing.run_narrowing_priced_log	unique_suffix
research/rounds/inputs/2026-09-30-v3.4.0-release-notes.md	23	markdown_code	demon_refutes_incremental	demon_refutes_incremental	proof	Theorem	Kernel.KnowledgeNarrowingMinimal.demon_refutes_incremental	unique_suffix
research/rounds/inputs/2026-09-30-v3.4.0-release-notes.md	23	markdown_code	observer_narrowing_can_be_free	observer_narrowing_can_be_free	proof	Theorem	Kernel.KnowledgeNarrowing.observer_narrowing_can_be_free	unique_suffix
research/rounds/inputs/2026-09-30-v3.4.0-release-notes.md	24	markdown_code	free_incremental_narrowing_with_three	free_incremental_narrowing_with_three	proof	Theorem	Kernel.KnowledgeNarrowingMinimal.free_incremental_narrowing_with_three	unique_suffix
research/rounds/inputs/2026-09-30-v3.4.0-release-notes.md	24	markdown_code	no_free_incremental_narrowing_below_three	no_free_incremental_narrowing_below_three	proof	Theorem	Kernel.KnowledgeNarrowingMinimal.no_free_incremental_narrowing_below_three	unique_suffix
research/rounds/inputs/2026-09-30-v3.4.0-release-notes.md	31	markdown_code	persistent_write_priced	persistent_write_priced	proof	Theorem	Kernel.EVMStorageGas.persistent_write_priced	unique_suffix
research/rounds/inputs/2026-09-30-v3.4.0-release-notes.md	31	markdown_code	revoked_write_nearly_free	revoked_write_nearly_free	proof	Theorem	Kernel.EVMStorageGas.revoked_write_nearly_free	unique_suffix
research/rounds/inputs/2026-09-30-v3.4.0-release-notes.md	32	markdown_code	accountable_safety	accountable_safety	proof	Theorem	Kernel.CasperFFG.accountable_safety	explicit_binding
research/rounds/inputs/2026-09-30-v3.4.0-release-notes.md	32	markdown_code	conflicting_records_are_priced	conflicting_records_are_priced	proof	Theorem	Kernel.CasperRecordReading.conflicting_records_are_priced	unique_suffix
research/rounds/inputs/2026-09-30-v3.4.0-release-notes.md	32	markdown_code	finalization_without_slashing	finalization_without_slashing	proof	Theorem	Kernel.CasperRecordReading.finalization_without_slashing	unique_suffix
research/rounds/inputs/2026-09-30-v3.4.0-release-notes.md	41	markdown_code	run_graded_is_run	run_graded_is_run	proof	Theorem	Kernel.CostFrameworks.run_graded_is_run	unique_suffix
research/rounds/inputs/2026-09-30-v3.4.0-release-notes.md	42	markdown_code	run_writer_is_run_and_cost	run_writer_is_run_and_cost	proof	Theorem	Kernel.CostSemanticsComparison.run_writer_is_run_and_cost	unique_suffix
research/rounds/inputs/2026-09-30-v3.4.0-release-notes.md	43	markdown_code	a2_and_aara_iff_exact	a2_and_aara_iff_exact	proof	Theorem	Kernel.CostFrameworks.a2_and_aara_iff_exact	unique_suffix
research/rounds/inputs/2026-09-30-v3.4.0-release-notes.md	44	markdown_code	flips_le_cost	flips_le_cost	proof	Theorem	Kernel.CostFrameworks.flips_le_cost	unique_suffix
research/rounds/inputs/2026-09-30-v3.4.0-release-notes.md	50	markdown_code	L_halting_undecidable	L_halting_undecidable	proof	Theorem	Kernel.LRecursion.L_halting_undecidable	unique_suffix
research/rounds/inputs/2026-09-30-v3.4.0-release-notes.md	50	markdown_code	L_recursion_theorem	L_recursion_theorem	proof	Theorem	Kernel.LRecursion.L_recursion_theorem	unique_suffix
research/rounds/inputs/2026-09-30-v3.4.0-release-notes.md	50	markdown_code	L_rice	L_rice	proof	Theorem	Kernel.LRecursion.L_rice	unique_suffix
research/rounds/inputs/2026-09-30-v3.4.0-release-notes.md	50	markdown_code	second_recursion	second_recursion	proof	Theorem	Kernel.LRecursion.second_recursion	unique_suffix
research/rounds/inputs/2026-09-30-v3.4.0-release-notes.md	54	markdown_code	docs/THEOREM_MEANINGS.md	THEOREM_MEANINGS.md	nonproof	nonproof_token		excluded_nonproof_token
research/rounds/inputs/2026-09-30-v3.4.0-release-notes.md	54	markdown_code	docs/THEOREM_MEANINGS.md	docs	nonproof	nonproof_token		excluded_nonproof_token
