logical_identity	statement_sha256	observed_class	evidence_status	coq_witness	audit_note
KamiHW.Abstraction.kami_register_write_matches_vm	a21f871b4bafa5a7a6f655e303d82ce54075a9c06aa44827627b1ea0f5a48163	N	STATEMENT_AUDIT		kami_register_write_matches_vm is independent of the recorded-event choice in its frozen statement.
KamiHW.EmbedStep.embed_step_compute	ab6c2bb8c925f9f068c5cd6a176873a7efb0cbdec4f73a2e05074f1882039230	N	STATEMENT_AUDIT		embed_step_compute is independent of the recorded-event choice in its frozen statement.
KamiHW.GraphReconstructionBridge.coupling_desc_safe_kami_step_preserved	f490d93a28c24907f640f9673fd53f73d1bc84e9e82e20448c89adc4671070f8	N	STATEMENT_AUDIT		coupling_desc_safe_kami_step_preserved is independent of the recorded-event choice in its frozen statement.
KamiHW.GraphReconstructionBridge.coupling_wf_kami_step_preserved	3d0d21a3c68d7d7de4d02b71010c8ffe9df8419ff3be4f15a2e39cea3b927270	N	STATEMENT_AUDIT		coupling_wf_kami_step_preserved is independent of the recorded-event choice in its frozen statement.
KamiHW.GraphReconstructionBridge.driven_step_compose	c7690e5dac14f2502a0260e8f8c0f585f56f6b0050311d1821a525a690fc52ee	N	STATEMENT_AUDIT		driven_step_compose is independent of the recorded-event choice in its frozen statement.
KamiHW.GraphReconstructionBridge.driven_step_wf	71040d22f434dd2cfed14bb7d91513c4a39b2a048a7464ec5ac3135efce63784	N	STATEMENT_AUDIT		driven_step_wf is independent of the recorded-event choice in its frozen statement.
KamiHW.GraphReconstructionBridge.driven_trace_commutes	e8ff6a3cb42078988a97c38bc8d577706b68243af12c8f4212ff227f80982099	N	STATEMENT_AUDIT		driven_trace_commutes is independent of the recorded-event choice in its frozen statement.
KamiHW.GraphReconstructionBridge.morph_table_wf_kami_step_preserved	4f04e778b5751bbc42f9bd0118542fdee3551d77dd717a278ee614898ef19a11	N	STATEMENT_AUDIT		morph_table_wf_kami_step_preserved is independent of the recorded-event choice in its frozen statement.
KamiHW.RTLGapRegistry.rtl_gap_registry_empty	862f904298cbfa9310677c353146c784d4a5d288bdc7a5b98d0429de189686f6	N	STATEMENT_AUDIT		rtl_gap_registry_empty is independent of the recorded-event choice in its frozen statement.
KamiHW.RTLGapRegistry.rtl_inventory_arithmetic	0d7445555356b00348e896de6878f0781f5e1a704ab3bf0f2bec1b221fc63889	N	STATEMENT_AUDIT		rtl_inventory_arithmetic is independent of the recorded-event choice in its frozen statement.
KamiHW.RetireProgress.admitted_run_progress	fbb270649ec4d595c24584d8632c7f00e09992ab990ea23bd4154c9f71a5b91b	N	STATEMENT_AUDIT		admitted_run_progress is independent of the recorded-event choice in its frozen statement.
KamiHW.TableInvariantsReachable.fsm_retirement_refinement	753f817b5c330d39d69518a9d68bcc753e455d4ce477d499c310cbfc30f7c787	N	STATEMENT_AUDIT		fsm_retirement_refinement is independent of the recorded-event choice in its frozen statement.
Kernel.A2Payoff.a2_equal_trust_substitution_payoff	04a9ecb781ca5d08b2c33304d4edfeb1e26c223240b77b317b885319eaacbace	G	CLOSED	Kernel.EventGenericAudit.evidence_a2_equal_trust_substitution_payoff	Closed Coq specialization of a2_equal_trust_substitution_payoff at the door-opening non-certification event; required concrete model obligations are discharged.
Kernel.AbstractNoFI.abstract_nfi	a3a587545d3e5c2de65c4e7996fb024823409bd0e8b7620b7760cfea6d7b869e	I	STATEMENT_AUDIT		abstract_nfi concerns an instruction or quantitative counting axis, not the choice of recorded event.
Kernel.AbstractNoFI.cert_addr_setter_cost_pos	7dbec7b012647f3f70a854e67aa26ba085c1bc561f5021e563105b4fc12c5d63	I	STATEMENT_AUDIT		cert_addr_setter_cost_pos concerns an instruction or quantitative counting axis, not the choice of recorded event.
Kernel.AbstractNoFI.certification_requires_positive_mu	5879173d1f40f826243d042cfc5ae1058b4d5ac85a6f326513c8278887a6a6e5	C	STATEMENT_AUDIT		certification_requires_positive_mu is tied by its frozen statement to a concrete certification channel or certification-specific VM representation.
Kernel.AbstractNoFI.no_free_certification	c1b8d073eb874aed2681c177f9c7afa32e516501038e4ad1189d689d7854aa5c	C	STATEMENT_AUDIT		no_free_certification is tied by its frozen statement to a concrete certification channel or certification-specific VM representation.
Kernel.AbstractNoFI.no_free_certification_certified	3d6a59a02b52a4e9564f34800b1223eb304560585cd5858164ab81a4fcfba3f8	C	STATEMENT_AUDIT		no_free_certification_certified is tied by its frozen statement to a concrete certification channel or certification-specific VM representation.
Kernel.AbstractNoFI.no_free_certification_mu	5ccd526ae61c989157207b55aa9b52edc6ccf297ad755ee1de5a841f63fc6500	C	STATEMENT_AUDIT		no_free_certification_mu is tied by its frozen statement to a concrete certification channel or certification-specific VM representation.
Kernel.AbstractNoFI.no_free_certification_trace_mu	143341de8abd81a8f89ebbaf9651eb5e7e776b2081ce8a020e59fd906126743e	C	STATEMENT_AUDIT		no_free_certification_trace_mu is tied by its frozen statement to a concrete certification channel or certification-specific VM representation.
Kernel.AbstractNoFI.thiele_nfi_pc_indexed	975c7439fd6cdc209e73b3b74aa77e3cbb2dd7f9fdef6648ec37ec442cf4b449	C	STATEMENT_AUDIT		thiele_nfi_pc_indexed is tied by its frozen statement to a concrete certification channel or certification-specific VM representation.
Kernel.AffineEFEClosure.affine_efe_fails_outer_offdiag	4b14b685ae55c681dfb51281e5b3f033cc3c2e360fa149850cb2e105886ce7ee	N	STATEMENT_AUDIT		affine_efe_fails_outer_offdiag is independent of the recorded-event choice in its frozen statement.
Kernel.AffineEFEClosure.affine_einstein_outer	4fd40f4c7578df057887733f0d7c2888551e481142cc4752de3b350617035693	N	STATEMENT_AUDIT		affine_einstein_outer is independent of the recorded-event choice in its frozen statement.
Kernel.AffineEFEClosure.affine_full_tensor_efe	5c56efc7f71e69f57d350476fb93c1e9465d830e862eb8e28c653de130548e18	N	STATEMENT_AUDIT		affine_full_tensor_efe is independent of the recorded-event choice in its frozen statement.
Kernel.AffineEFEClosure.affine_off_diagonal_ricci_zero	b23a52cdc40d4e4678af1304048d7ff316b5384187576105674730fabd85b28f	N	STATEMENT_AUDIT		affine_off_diagonal_ricci_zero is independent of the recorded-event choice in its frozen statement.
Kernel.AffineEFEClosure.affine_ricci_diag_outer	984d859266f2d474e107297139782c90113a6847ac6abfc985282df017dec8e1	N	STATEMENT_AUDIT		affine_ricci_diag_outer is independent of the recorded-event choice in its frozen statement.
Kernel.AffineEFEClosure.affine_ricci_offdiag_outer	a8982bdeb5e56d87b449dceee5bf9f1cd92aca53bb124ec856ad056b660e38a4	N	STATEMENT_AUDIT		affine_ricci_offdiag_outer is independent of the recorded-event choice in its frozen statement.
Kernel.AffineEFEClosure.affine_ricci_scalar_outer	419f73ba9365975780e7681a62c33d4c50f9c8e3ea7ca8829117a607c9437234	N	STATEMENT_AUDIT		affine_ricci_scalar_outer is independent of the recorded-event choice in its frozen statement.
Kernel.AlgebraicCoherence.algebraically_coherent_tsirelson_general	daa5ceb6c94997e1a1ba3a170454a9026353c581c493280adbc273f1c8131134	N	STATEMENT_AUDIT		algebraically_coherent_tsirelson_general is independent of the recorded-event choice in its frozen statement.
Kernel.AlgebraicCoherence.tsirelson_rational_lower_witness	a25670fa1d6b11d31adfae65114951c13cc9431a38b830f9c22c9e6604945db9	N	STATEMENT_AUDIT		tsirelson_rational_lower_witness is independent of the recorded-event choice in its frozen statement.
Kernel.BlindnessRepresentation.blindness_non_injective	ee71fbf22c29efac5a75fe4717c4f375383b8f99622441de9813e0a1c1d559ce	N	STATEMENT_AUDIT		blindness_non_injective is independent of the recorded-event choice in its frozen statement.
Kernel.BlindnessRepresentation.certification_is_lost	4d5244014d8e2c0207ecfee7fbf323542439018af9fe3732aaf735ff297a1f1e	C	STATEMENT_AUDIT		certification_is_lost is tied by its frozen statement to a concrete certification channel or certification-specific VM representation.
Kernel.BlindnessRepresentation.fiber_has_two_preimages	8c3b39b24ade8e21a3d482d57b808e40ada4927356ca1de2a7aa9a3c53759664	N	STATEMENT_AUDIT		fiber_has_two_preimages is independent of the recorded-event choice in its frozen statement.
Kernel.BlindnessRepresentation.forget_kernel_is_eq_on_classical	6e9c1bedc2160658f56b5c055c68cc7bcd35495c1d192a5e99d89525ab273157	N	STATEMENT_AUDIT		forget_kernel_is_eq_on_classical is independent of the recorded-event choice in its frozen statement.
Kernel.CHSH.KernelCHSH.local_strategy_chsh_between_neg2_2	7228f7de7314ea05c4c4e27c7340f1d57068ea1edad436a89a0b9fde0eea6556	N	STATEMENT_AUDIT		local_strategy_chsh_between_neg2_2 is independent of the recorded-event choice in its frozen statement.
Kernel.CHSHCouplingBridge.chsh_violation_rules_out_locally_factorizable_coupling	42143a34fd2dcf579908b9e076de8040b828ace0f5339283ee62e9a54be6770e	N	STATEMENT_AUDIT		chsh_violation_rules_out_locally_factorizable_coupling is independent of the recorded-event choice in its frozen statement.
Kernel.CHSHCouplingBridge.locally_consistent_classical_bound	09304ec92bc3f0e823f57dd36540f74d5012d16d2a8af7ac3621d0b9e30d581b	N	STATEMENT_AUDIT		locally_consistent_classical_bound is independent of the recorded-event choice in its frozen statement.
Kernel.CHSHCouplingBridge.locally_consistent_gives_separable_coupling	f3d03f0ba9878ee7daf8eb0f38c23ddd06cac000d3b8f59f949f8e405387a027	N	STATEMENT_AUDIT		locally_consistent_gives_separable_coupling is independent of the recorded-event choice in its frozen statement.
Kernel.CHSHStatisticalBridge.chsh_stat_violation_not_local	cfd34699a9a69a9f02f53249594012ba36d14add0eaac1bc4e5ad6bfa1b155bd	N	STATEMENT_AUDIT		chsh_stat_violation_not_local is independent of the recorded-event choice in its frozen statement.
Kernel.CasperFFG.accountable_safety	45b027ddaf5a8ced2e0af124d1ec32b206853c3d2665cec86eb1443c27bf08c1	M	STATEMENT_AUDIT		accountable_safety concerns another named model event rather than an arbitrary latchable event.
Kernel.CasperRecordReading.conflicting_records_are_priced	7d9d6a5783bc64e432d38cd36eda4e4b83cd42e626f0bf26f2469b283dc534ff	M	STATEMENT_AUDIT		conflicting_records_are_priced concerns another named model event rather than an arbitrary latchable event.
Kernel.CasperRecordReading.finalization_without_slashing	44f8f22fa0130115f82c9a4a6d93803576d08cee854aff3ad66096566aa0accc	M	STATEMENT_AUDIT		finalization_without_slashing concerns another named model event rather than an arbitrary latchable event.
Kernel.CategoryBridge.categorical_extension_nofi_consistent	815fa57682516f1306ea822af851c59d6b293199ce48253fede7672949bf951f	I	STATEMENT_AUDIT		categorical_extension_nofi_consistent concerns an instruction or quantitative counting axis, not the choice of recorded event.
Kernel.CategoryBridge.graph_compose_morphisms_coupling	8f736da6f7a03af9235b4c980559151b3f5dfe47be7e5e9b20791648dbdbf8cf	N	STATEMENT_AUDIT		graph_compose_morphisms_coupling is independent of the recorded-event choice in its frozen statement.
Kernel.CategoryBridge.morph_graph_compose_assoc	dad806fe3978772e8a5ec23efa487ddfbf2c892aae4dfdb812dad42d9549a984	N	STATEMENT_AUDIT		morph_graph_compose_assoc is independent of the recorded-event choice in its frozen statement.
Kernel.CategoryBridge.morph_id_left_coupling	307ab5102f232c420e03cb98fc144641a6f7ccdeb60210b657944dbe4f1fa120	N	STATEMENT_AUDIT		morph_id_left_coupling is independent of the recorded-event choice in its frozen statement.
Kernel.CategoryBridge.morph_id_right_coupling	bbf9feb2174b13ff7908b7887d594d651b30fab33978036c54478f64baa1c8bc	N	STATEMENT_AUDIT		morph_id_right_coupling is independent of the recorded-event choice in its frozen statement.
Kernel.CategoryLaws.relational_compose_assoc	87c20d2ae65e44d33b2db3f2b06f58a736758a8d22bb5dad1486607f46a175ca	N	STATEMENT_AUDIT		relational_compose_assoc is independent of the recorded-event choice in its frozen statement.
Kernel.CategoryMonoidal.tensor_bifunctor	ed15efe49e4c1831a4576d6a0c4e0d2a7e618416428acc1dadee3e29f33c8a02	N	STATEMENT_AUDIT		tensor_bifunctor is independent of the recorded-event choice in its frozen statement.
Kernel.ClassicalBound.classical_bound_achieved	cab931a8cac758ef4e4f13cda5ae7e1346152056935ca407f9605c536880c5a1	N	STATEMENT_AUDIT		classical_bound_achieved is independent of the recorded-event choice in its frozen statement.
Kernel.ClassicalConservativity.D3_conservativity	14eb67ce2a69f7b0b1c61cd1f1a4f901fd4a2f6be3e0a2b2e7cc28912196e8eb	N	STATEMENT_AUDIT		D3_conservativity is independent of the recorded-event choice in its frozen statement.
Kernel.CommitmentPredicateAdequacy.exact_commitment_pricing_characterization	d5e3efa455166a20d90d763ddc637278291ca36c5a54ce2486c8458de441994c	G	CLOSED	Kernel.EventGenericAudit.evidence_exact_commitment_pricing_characterization	Closed Coq specialization of exact_commitment_pricing_characterization at the door-opening non-certification event; required concrete model obligations are discharged.
Kernel.CommitmentPredicateAdequacy.substitution_test_rejects_non_a2_exact_substitute	c1e710eb8a96901f23c72d89f1dd5738b1822a2dbc3c2b104c084982ec9c27c1	G	CLOSED	Kernel.EventGenericAudit.evidence_substitution_test_rejects_non_a2_exact_substitute	Closed Coq specialization of substitution_test_rejects_non_a2_exact_substitute at the door-opening non-certification event; required concrete model obligations are discharged.
Kernel.CommitmentVsErasure.commitment_cost_not_reducible_to_erasure_cost	14074c2773e173356c2159f1e88ee80b046e91494711fd221f01b26bd8136369	G	CLOSED	Kernel.EventGenericAudit.evidence_commitment_cost_not_reducible_to_erasure_cost	Closed Coq specialization of commitment_cost_not_reducible_to_erasure_cost at the door-opening non-certification event; required concrete model obligations are discharged.
Kernel.ConstructivePSD.quadratic_nonneg_discriminant	834692923f0d774725775e46635def8e26260fb163b05a28ddb55b12839fa347	N	STATEMENT_AUDIT		quadratic_nonneg_discriminant is independent of the recorded-event choice in its frozen statement.
Kernel.CostFrameworks.a2_and_aara_iff_exact	217a47f28c8d184a6d41b8e1e585affd272516a384d888791cefa6c3c1a9578a	G	CLOSED	Kernel.EventGenericAudit.evidence_a2_and_aara_iff_exact	Closed Coq specialization of a2_and_aara_iff_exact at the door-opening non-certification event; required concrete model obligations are discharged.
Kernel.CostFrameworks.flips_le_cost	efa6b58aed5e65a7a8f2ce0165a3a2fb664d38c20ff061cd9e48a1af3c9a6c10	G	CLOSED	Kernel.EventGenericAudit.evidence_flips_le_cost	Closed Coq specialization of flips_le_cost at the door-opening non-certification event; required concrete model obligations are discharged.
Kernel.CostFrameworks.run_graded_is_run	ec7204e1d7368e80bfde9092ec12a10cd3df6b45266ee89ab8276bee2b939149	N	STATEMENT_AUDIT		run_graded_is_run is independent of the recorded-event choice in its frozen statement.
Kernel.CostSemanticsComparison.a2_iff_nonnegative_amortized_cost	34c32db3ce245102e27776636631d00acb227736953f01340f3500ef7982120e	G	CLOSED	Kernel.EventGenericAudit.evidence_a2_iff_nonnegative_amortized_cost	Closed Coq specialization of a2_iff_nonnegative_amortized_cost at the door-opening non-certification event; required concrete model obligations are discharged.
Kernel.CostSemanticsComparison.certification_system_is_potential_method	beb6e7536d60ca84bdd3a74fbb234d8ed362b2b31a21cf6237c86661406934d6	G	CLOSED	Kernel.EventGenericAudit.evidence_certification_system_is_potential_method	Closed Coq specialization of certification_system_is_potential_method at the door-opening non-certification event; required concrete model obligations are discharged.
Kernel.CostSemanticsComparison.nfi_by_potential	ac20f5488c0960db54801c88d135c608ae0133622227daab945e43dcfa85f859	G	CLOSED	Kernel.EventGenericAudit.evidence_nfi_by_potential	Closed Coq specialization of nfi_by_potential at the door-opening non-certification event; required concrete model obligations are discharged.
Kernel.CostSemanticsComparison.run_writer_is_run_and_cost	5f11908cd3ca788473ce8e00748975bc31c7a3148b9e3046527e938b0a8ee314	N	STATEMENT_AUDIT		run_writer_is_run_and_cost is independent of the recorded-event choice in its frozen statement.
Kernel.DimensionalGapTheorem.dimensional_gap_forces_constant	71039ef5031cbc76c4b7f996d0c58b9dbb9ecc10d68b65867c29645d91112e07	N	STATEMENT_AUDIT		dimensional_gap_forces_constant is independent of the recorded-event choice in its frozen statement.
Kernel.DiscreteGaussBonnet.discrete_gauss_bonnet	48fe3e4f9dd0a05b8eeb08f9db455e412ea6f86a7da502b4a28450304de82aba	N	STATEMENT_AUDIT		discrete_gauss_bonnet is independent of the recorded-event choice in its frozen statement.
Kernel.EVMStorageGas.persistent_write_priced	4ed2cc5c41e09bfcf99297b720bce57947e15e738ff3de5f70ef5bb899407528	M	STATEMENT_AUDIT		persistent_write_priced concerns another named model event rather than an arbitrary latchable event.
Kernel.EVMStorageGas.revoked_write_nearly_free	341bcd869a4636fc5b730f0e8968a472c8a4abad76d7196371c996e010cd3570	M	STATEMENT_AUDIT		revoked_write_nearly_free concerns another named model event rather than an arbitrary latchable event.
Kernel.EinsteinEmergence.einstein_emerges	0bcb3c90208b6d5150c1276cd8e78f2d757f2f0797b2f9f0c2044e7622eecee5	N	STATEMENT_AUDIT		einstein_emerges is independent of the recorded-event choice in its frozen statement.
Kernel.EinsteinEquations4D.einstein_equation_vacuum	61e0168d46caf4fddfa336b41566f2d74506179e1cf37f737af4a0c7a4c5ba62	N	STATEMENT_AUDIT		einstein_equation_vacuum is independent of the recorded-event choice in its frozen statement.
Kernel.EinsteinEquationsFull.full_efe_uniform_two_vertex	e83b05cd5cb6ed62945a5edb79699242fba929084351297a8880605b6227e91c	N	STATEMENT_AUDIT		full_efe_uniform_two_vertex is independent of the recorded-event choice in its frozen statement.
Kernel.ElliptopeCompletion.beyond_classical_elliptope	7640131d57b51352473cffb6dcf698c28f967600cdd7aeac298518f0ccc1e1d8	N	STATEMENT_AUDIT		beyond_classical_elliptope is independent of the recorded-event choice in its frozen statement.
Kernel.ElliptopeCompletion.classical_tightness_witness_elliptope	a26742f69f5f676721fa9f26e53e27a85a644885af54f6e5d63761238a4ddbdf	N	STATEMENT_AUDIT		classical_tightness_witness_elliptope is independent of the recorded-event choice in its frozen statement.
Kernel.ElliptopeCompletion.deterministic_strategy_elliptope	323fe83a0152e27b12657c180ffe87c07c303aedbb659083757f51f013b7a92c	N	STATEMENT_AUDIT		deterministic_strategy_elliptope is independent of the recorded-event choice in its frozen statement.
Kernel.ElliptopeCompletion.elliptope_convex	77fc1fcb967afbd9c943f344eb7f702e1cc68af7a8f787f22c09169a276d1c8d	N	STATEMENT_AUDIT		elliptope_convex is independent of the recorded-event choice in its frozen statement.
Kernel.ElliptopeCompletion.elliptope_finite_mixture	61dd44877b131e43b0978404739e8717266022b755492d496e320bc01f84d921	N	STATEMENT_AUDIT		elliptope_finite_mixture is independent of the recorded-event choice in its frozen statement.
Kernel.ElliptopeCompletion.elliptope_tsirelson	fe96c2491bd917c258c4fe7682d14e53a03ebb84bd9aed31c7edeea7c06ce6fe	N	STATEMENT_AUDIT		elliptope_tsirelson is independent of the recorded-event choice in its frozen statement.
Kernel.ElliptopeCompletion.elliptope_zero	6420efb576a988790a92c24d692c4c486bbbf3c5fdbeafcfab1830fddb61718b	N	STATEMENT_AUDIT		elliptope_zero is independent of the recorded-event choice in its frozen statement.
Kernel.ElliptopeCompletion.lhv_mixture_elliptope	cffaf636c9ffd28dc3d5ac048d7961d625aa96872f02bacb3d9cb9e18ba55ab0	N	STATEMENT_AUDIT		lhv_mixture_elliptope is independent of the recorded-event choice in its frozen statement.
Kernel.ElliptopeCompletion.pr_box_not_elliptope	d25cacffb8822ad1cc712f2440b502310a14a50fa89c1e49311f7230b2f5e1bb	N	STATEMENT_AUDIT		pr_box_not_elliptope is independent of the recorded-event choice in its frozen statement.
Kernel.ElliptopeCompletion.psd_cauchy_schwarz	9d8d5024f918c2ae0a9480d7220aa71b64102c5469e6bf1f0fba5f66bccddb13	N	STATEMENT_AUDIT		psd_cauchy_schwarz is independent of the recorded-event choice in its frozen statement.
Kernel.ElliptopeCompletion.turing_point_elliptope	c28da700d8ef48453968d314ea4bc022f4a62b8178a52aa3328b3b6acd8a37aa	N	STATEMENT_AUDIT		turing_point_elliptope is independent of the recorded-event choice in its frozen statement.
Kernel.ElliptopeGate.elliptope_check_full_sound	98b0f026cf7dcf24ef632a452710af682060aafe82493ddaed3e2388402da333	N	STATEMENT_AUDIT		elliptope_check_full_sound is independent of the recorded-event choice in its frozen statement.
Kernel.ElliptopeGate.elliptope_full_gate_never_accepts_pr_box	d2b6f8a913698c8ba64db1dcafcc3ad718a9d49baf9d356ea52565c41b3fa8e3	N	STATEMENT_AUDIT		elliptope_full_gate_never_accepts_pr_box is independent of the recorded-event choice in its frozen statement.
Kernel.ElliptopeGate.elliptope_ldl_check_sound	089fd786589c7539c54fb08abb8a1b168bb170fabda5b08e92fd82a7ef12a26d	N	STATEMENT_AUDIT		elliptope_ldl_check_sound is independent of the recorded-event choice in its frozen statement.
Kernel.ElliptopeGate.gate_accepts_all_ones	e84805b87e663a8d9a9758f285aebb6999bab675eb65cb8731676397c718873e	N	STATEMENT_AUDIT		gate_accepts_all_ones is independent of the recorded-event choice in its frozen statement.
Kernel.ElliptopeGate.gate_accepts_beyond_classical	ed18f14080339d098e80c7b1db34c49cd92b54af700f95428285918b782fb792	N	STATEMENT_AUDIT		gate_accepts_beyond_classical is independent of the recorded-event choice in its frozen statement.
Kernel.ElliptopeGate.gate_accepts_pythagorean_boundary	fb6c57748832263dd10f44c99a498e78947b055a0742232b5757d783af8677b3	N	STATEMENT_AUDIT		gate_accepts_pythagorean_boundary is independent of the recorded-event choice in its frozen statement.
Kernel.ElliptopeGate.gate_accepts_turing_point	522f4a59d40d1bb251116b143963b3ee74282cba9d1d874dbcb02db3a8a86422	N	STATEMENT_AUDIT		gate_accepts_turing_point is independent of the recorded-event choice in its frozen statement.
Kernel.F1_StrongForm.F1_physical_premises_incompatible	f81bfb97fa9c01e9f5f668a41cfe3c3481451ea35b01f7fe734b949707e99799	N	STATEMENT_AUDIT		F1_physical_premises_incompatible is independent of the recorded-event choice in its frozen statement.
Kernel.F1_StrongForm.F1_strong_form_universal	387a085ef6a05c602e69dfc6cfab1b09023770d372419dc360e327ce8ea65cb1	G	PARTIAL	Kernel.EventGenericAudit.evidence_F1_strong_form_universal	Exact Coq specialization of F1_strong_form_universal at a non-certification event; the Landauer dissipation premise and cost calibration remain explicit; the source proves that premise pair incompatible on the current ISA.
Kernel.F3_MuLaplacianSum.total_mu_laplacian_zero	87e55d6210af78999f3ddd52df4ecb3d90742b44d0a655e3ac05fb7c26f32cfa	N	STATEMENT_AUDIT		total_mu_laplacian_zero is independent of the recorded-event choice in its frozen statement.
Kernel.F3_PartitionTopologyCrossLink.F3_partition_topology_mu_cross_link	92eead19aac1ae8d32ca3706356f1ca81aa5397767f44286dd64d7ec43bf4edf	N	STATEMENT_AUDIT		F3_partition_topology_mu_cross_link is independent of the recorded-event choice in its frozen statement.
Kernel.F3_PartitionTopologyCrossLink.pi_times_unit_is_nonzero	0abe23e19620ced015b679858f54ba2b55cfba1b1df9f7f82be73e531c2910c2	N	STATEMENT_AUDIT		pi_times_unit_is_nonzero is independent of the recorded-event choice in its frozen statement.
Kernel.F3_PartitionTopologyCrossLink.strong_bridge_counterexample	cff1a19dc7df76339185c54360d764404fc72adfca88369a7b7f7d1cc9c68fd3	N	STATEMENT_AUDIT		strong_bridge_counterexample is independent of the recorded-event choice in its frozen statement.
Kernel.F3_PartitionTopologyCrossLink.unit_residual_is_nonzero	5d21eb1e39c1d654b7a8e2ab21cf61e5778d0186491c6bd67ada23c05f386d06	N	STATEMENT_AUDIT		unit_residual_is_nonzero is independent of the recorded-event choice in its frozen statement.
Kernel.FiniteCertMachine.fcertify_merges	9c84b62285e1dec7cdeb2e3447b67fbdb4ee41affa46f300e30696db2a3927d8	C	STATEMENT_AUDIT		fcertify_merges is tied by its frozen statement to a concrete certification channel or certification-specific VM representation.
Kernel.FiniteCertMachine.fiber_bound_compression	f33973d8765faa31b11c48715fc17663efeed84ce8c5fe46f14335cd3d4d877f	N	STATEMENT_AUDIT		fiber_bound_compression is independent of the recorded-event choice in its frozen statement.
Kernel.FiniteCertMachine.fin_a2_from_compression_price	d89d9ab009741cb6548bf4a6af1864a51cd5269d931de609117c493d9c6e214c	C	STATEMENT_AUDIT		fin_a2_from_compression_price is tied by its frozen statement to a concrete certification channel or certification-specific VM representation.
Kernel.FiniteCertMachine.fin_a2_from_merging_price	8af478d7acb1415b6f78835a910320f14633855fc27d7af65aef411de1fc4093	C	STATEMENT_AUDIT		fin_a2_from_merging_price is tied by its frozen statement to a concrete certification channel or certification-specific VM representation.
Kernel.FiniteCertMachine.fin_compression_priced	893714adabbf6db672243d4eb7f0f8082c32b102839468fe4c2b870905b84d18	N	STATEMENT_AUDIT		fin_compression_priced is independent of the recorded-event choice in its frozen statement.
Kernel.FiniteCertMachine.fin_finite	36863b95d196e2dd271b2d072c232d938b06bc265f0229d435d9d78fb2fe95e6	N	STATEMENT_AUDIT		fin_finite is independent of the recorded-event choice in its frozen statement.
Kernel.FiniteCertMachine.fin_merging_priced	9da8b99d0a5959ecca633a7bcd2641306f5ec0822bd2a460f1e620d492ef6b23	N	STATEMENT_AUDIT		fin_merging_priced is independent of the recorded-event choice in its frozen statement.
Kernel.FiniteCertMachine.fin_permanent	ffb13a8bfe41ccb49382459260fd12eb9d8f439bcc49f966715555b0c335fa09	C	STATEMENT_AUDIT		fin_permanent is tied by its frozen statement to a concrete certification channel or certification-specific VM representation.
Kernel.FiniteCertMachine.fjump_merges	0d56d775667f55308606fd95f35b18f206db23b0d56d956414a393b7b4640d7a	N	STATEMENT_AUDIT		fjump_merges is independent of the recorded-event choice in its frozen statement.
Kernel.FiniteCertMachine.fnext_injective	18f4d399490dd3801c76935b7c47450b855e7752cdebc88a57dce2b60206a555	N	STATEMENT_AUDIT		fnext_injective is independent of the recorded-event choice in its frozen statement.
Kernel.FiniteCertMachine.vm_certify_merges	6641253536618a2c76ae80996aaa5936e70d5ec8073deef9dd9c869294e980ef	C	STATEMENT_AUDIT		vm_certify_merges is tied by its frozen statement to a concrete certification channel or certification-specific VM representation.
Kernel.FiniteCertMachine.vm_certifying_step_is_priced_merge	2c4ae6897085936cfb768b317bd2a47f393cfb168e878babf2fa9941b36ca155	C	STATEMENT_AUDIT		vm_certifying_step_is_priced_merge is tied by its frozen statement to a concrete certification channel or certification-specific VM representation.
Kernel.FiniteCertMachine.vm_fragment_certification_paid	401fe393ea4934ae8730175e297f1aca4321acc174020446856f34aa21fbdefc	C	STATEMENT_AUDIT		vm_fragment_certification_paid is tied by its frozen statement to a concrete certification channel or certification-specific VM representation.
Kernel.FiniteCertMachine.vm_jump_is_free_merge	c3e22b8159c2c85ee4fd4ca1f9096a6c412d7537a49e0a309d7554c8e111aaa3	N	STATEMENT_AUDIT		vm_jump_is_free_merge is independent of the recorded-event choice in its frozen statement.
Kernel.FiniteCertMachine.vm_pays_finite_price	2ff7c1c9192b25dd442d30400ee4565247f8f00f06a5f279e5ef34f9eeeac129	N	STATEMENT_AUDIT		vm_pays_finite_price is independent of the recorded-event choice in its frozen statement.
Kernel.FiniteCertMachine.vm_prices_certifying_merge_leaves_others_free	18395f065c8dabfeb5518096ccceeda89c5f88e9860b0d5c984b844ed120b6da	C	STATEMENT_AUDIT		vm_prices_certifying_merge_leaves_others_free is tied by its frozen statement to a concrete certification channel or certification-specific VM representation.
Kernel.FiniteCertMachine.vm_runs_finite_machine	e4f910d920d65312e1672b88bacda808c2e71311818bb1b9074b3deec245cd6e	N	STATEMENT_AUDIT		vm_runs_finite_machine is independent of the recorded-event choice in its frozen statement.
Kernel.FiniteCertMachine.vm_runs_finite_trace	36f3c8172d84bf9f35643b2bbc67e197532b25733fdf77122c64540b2174e389	N	STATEMENT_AUDIT		vm_runs_finite_trace is independent of the recorded-event choice in its frozen statement.
Kernel.GasMetering.gas_schedule_exactness	c426bd8fb484033c06418dd7e516c099f3fbf54dd85fb4f2c5fe6ed923573742	G	CLOSED	Kernel.EventGenericAudit.evidence_gas_schedule_exactness	Closed Coq specialization of gas_schedule_exactness at the door-opening non-certification event; required concrete model obligations are discharged.
Kernel.GasMetering.overcharge_breaks_exactness	16c4042061e2cf63e8e8639281748fe60cc2afc900f7a1d9bbc4ab15b24d5e00	G	CLOSED	Kernel.EventGenericAudit.evidence_overcharge_breaks_exactness	Closed Coq specialization of overcharge_breaks_exactness at the door-opening non-certification event; required concrete model obligations are discharged.
Kernel.GasMetering.thiele_unit_price_lower_bounds_mu	7a8acd983d932f83f00c7c525e6ea79cc9cfbb64fcdfb5e927fc1b4fa2c7c535	C	STATEMENT_AUDIT		thiele_unit_price_lower_bounds_mu is tied by its frozen statement to a concrete certification channel or certification-specific VM representation.
Kernel.GasMetering.thiele_vm_commit_pricing_is_exact	b4d0f9775f6c96a0d92180a47ffd3fc14392514d149a47cc0b68deac530f46ee	C	STATEMENT_AUDIT		thiele_vm_commit_pricing_is_exact is tied by its frozen statement to a concrete certification channel or certification-specific VM representation.
Kernel.GasMetering.undercharged_opcode_admits_free_commitment	f45b77188a8c992a2e125a23d878c0b8a1b27b6355f3bf01d1a38086e4d42a93	G	CLOSED	Kernel.EventGenericAudit.evidence_undercharged_opcode_admits_free_commitment	Closed Coq specialization of undercharged_opcode_admits_free_commitment at the door-opening non-certification event; required concrete model obligations are discharged.
Kernel.GenRealizability.column_contractive_iff_general_realizable	565af776bf8640676e85a068b80c7c0420a4c604474faa87df52e2b3a0db004b	N	STATEMENT_AUDIT		column_contractive_iff_general_realizable is independent of the recorded-event choice in its frozen statement.
Kernel.HardwareBisimulation.complete_verification_chain	f266ca15c9a2562251ce926f1bad79d29da8f219798dd9565ac9097664d9cb23	N	STATEMENT_AUDIT		complete_verification_chain is independent of the recorded-event choice in its frozen statement.
Kernel.HardwareBisimulation.hardware_synthesis_correctness	47f23cb0e802416b95e7a5cb88e60815745ae2eb929db9bed9108d7106e4ffaf	N	STATEMENT_AUDIT		hardware_synthesis_correctness is independent of the recorded-event choice in its frozen statement.
Kernel.HardwareBisimulation.hw_bisimulation_multi_step	131b40d0cbf92691859950554ce012ad5998ba2b5032f42860e00861ad5f7d91	N	STATEMENT_AUDIT		hw_bisimulation_multi_step is independent of the recorded-event choice in its frozen statement.
Kernel.HardwareBisimulation.hw_bisimulation_step	16a6ab8ffc8d9ddbbdb4bcbf322489d292c2b2b0c22ddf458a3798e0f659e7a4	N	STATEMENT_AUDIT		hw_bisimulation_step is independent of the recorded-event choice in its frozen statement.
Kernel.HardwareBisimulation.hw_mu_cost_consistency	dc08c8c6bacf61d76139089f3b6eca60cd7d8d372adc18d3a3167655c494febd	N	STATEMENT_AUDIT		hw_mu_cost_consistency is independent of the recorded-event choice in its frozen statement.
Kernel.HardwareBisimulation.hw_step_reflects_vm_cost	eb5aacbc9f2928e073fd064131c67b9c94f9fbc843dd12fa47646ae1a8fceaa5	N	STATEMENT_AUDIT		hw_step_reflects_vm_cost is independent of the recorded-event choice in its frozen statement.
Kernel.HardwareBisimulation.mu_accumulation_monotonic	0101683851bf8133fa2af16f5e0505111cde7011bf55d536323e62c984f4ef01	N	STATEMENT_AUDIT		mu_accumulation_monotonic is independent of the recorded-event choice in its frozen statement.
Kernel.HonestCostTracking.free_forgery_violates_A2	8b69ba72cd8cfc22605aabb5256595b42140900aeb3ab1b05ad5c981a31c2916	G	CLOSED	Kernel.EventGenericAudit.evidence_free_forgery_violates_A2	Closed Coq specialization of free_forgery_violates_A2 at the door-opening non-certification event; required concrete model obligations are discharged.
Kernel.HonestCostTracking.honest_cost_tracking_strict_restriction	213b4ac001bfcc5d1bb8ad3b1d1a4b969b5ddcf8771cf63c6eee265a1d41aeeb	G	CLOSED	Kernel.EventGenericAudit.evidence_honest_cost_tracking_strict_restriction	Closed Coq specialization of honest_cost_tracking_strict_restriction at the door-opening non-certification event; required concrete model obligations are discharged.
Kernel.HonestNoFI_TheoremsWithoutAssumptions.b4_information_reduction_derives_strict_predicates	b5a23942e52d2adcfb17c032218ff6783652155b742b81a64d662cbd315aca2b	N	STATEMENT_AUDIT		b4_information_reduction_derives_strict_predicates is independent of the recorded-event choice in its frozen statement.
Kernel.HonestNoFI_TheoremsWithoutAssumptions.every_sound_structural_shortcut_lands_here	cd32ee6bf15eabbfcea61e2c43e450c5f6ed0d81547d8209380ed4068f99a04c	N	STATEMENT_AUDIT		every_sound_structural_shortcut_lands_here is independent of the recorded-event choice in its frozen statement.
Kernel.HonestNoFI_TheoremsWithoutAssumptions.sound_shortcut_from_components	9252a9b44823902176202ca9d7b40cee53d63ae0f1cbd5faa3c4e38a7af8a8dc	N	STATEMENT_AUDIT		sound_shortcut_from_components is independent of the recorded-event choice in its frozen statement.
Kernel.HonestNoFI_TheoremsWithoutAssumptions.structural_entitlement_representation	63016dea05add4c326f1943321ebcce5b709c9bc64614c8eaa68906334c93e31	N	STATEMENT_AUDIT		structural_entitlement_representation is independent of the recorded-event choice in its frozen statement.
Kernel.InformationGainToStrengthening.feasible_strict_subset_implies_strict_predicates	2aea02196d51e0a1c47dc9db30619a69168dd98a035405dc34d072edf8cc3e90	N	STATEMENT_AUDIT		feasible_strict_subset_implies_strict_predicates is independent of the recorded-event choice in its frozen statement.
Kernel.InsightTaxonomy.structural_trace_preserves_cert_addr	e8f5bd41051ae4cb8a8f383251c555c58ded9989e9e2574d7e58a97b9dd111fe	I	STATEMENT_AUDIT		structural_trace_preserves_cert_addr concerns an instruction or quantitative counting axis, not the choice of recorded event.
Kernel.KernelNoether.vm_step_mu_monotonic	44653850b8ea620f88466cac5adafabb804da751f5141e2407cdb5fb613d1fc6	N	STATEMENT_AUDIT		vm_step_mu_monotonic is independent of the recorded-event choice in its frozen statement.
Kernel.KernelNoether.vm_step_orbit_equiv	f975d20f4876e798a8765ad1c3dfc947c94b745d2a98524b90a89588e9cb5908	N	STATEMENT_AUDIT		vm_step_orbit_equiv is independent of the recorded-event choice in its frozen statement.
Kernel.KernelNoether.z_action_composition	6beb096093e4685ec99a4554dcdb0f16440592dfa940b7ae20093dd407925e64	N	STATEMENT_AUDIT		z_action_composition is independent of the recorded-event choice in its frozen statement.
Kernel.KernelNoether.z_action_identity	0e98699ae3852cbbf2655f4e11b2c1fba6c75de7f0885c4c0ba019c391841d03	N	STATEMENT_AUDIT		z_action_identity is independent of the recorded-event choice in its frozen statement.
Kernel.KernelNoether.z_action_inverse	30e35ebe0a70f0ac7ea348038c9366dda3616e268ea20f016785d046f685dd06	N	STATEMENT_AUDIT		z_action_inverse is independent of the recorded-event choice in its frozen statement.
Kernel.KnowledgeNarrowing.demon_machine_spread_kept	dc01a302172b808ab77116bf69d9ef0b21b41e4cac8e36fb0dc23a839ac9fd75	M	STATEMENT_AUDIT		demon_machine_spread_kept concerns another named model event rather than an arbitrary latchable event.
Kernel.KnowledgeNarrowing.observer_narrowing_can_be_free	28385875ac3c68f163fbb7b3315df75e09abd0b70fdff8abffc14ba35f8bd488	M	STATEMENT_AUDIT		observer_narrowing_can_be_free concerns another named model event rather than an arbitrary latchable event.
Kernel.KnowledgeNarrowing.run_narrowing_priced_log	460e9e993716b35ceeb0b7306b0c8c64bdf4b4c1609ab78a0430b40b6e0fb9fe	M	STATEMENT_AUDIT		run_narrowing_priced_log concerns another named model event rather than an arbitrary latchable event.
Kernel.KnowledgeNarrowing.vm_observer_narrowing_at_zero_cost	3e4ac76884d9bf9ab8ba588e4829053fa71901ccdb3a196d8b9d707ee900bda1	M	STATEMENT_AUDIT		vm_observer_narrowing_at_zero_cost concerns another named model event rather than an arbitrary latchable event.
Kernel.KnowledgeNarrowing.wipe_costs_at_least_one	7c874aa0a8cb641cf329f4571875861eb34077db82ea4d30675fe2c2fe193861	M	STATEMENT_AUDIT		wipe_costs_at_least_one concerns another named model event rather than an arbitrary latchable event.
Kernel.KnowledgeNarrowingMinimal.demon_refutes_incremental	9bab70e332f506c78397c606e3db6838227b43b66908c5363523c40b2328b537	M	STATEMENT_AUDIT		demon_refutes_incremental concerns another named model event rather than an arbitrary latchable event.
Kernel.KnowledgeNarrowingMinimal.free_incremental_narrowing_with_three	211289a93c5e0b7a600e569a6cec5c44ce56096a87b3324e4b00a28fce7001c5	M	STATEMENT_AUDIT		free_incremental_narrowing_with_three concerns another named model event rather than an arbitrary latchable event.
Kernel.KnowledgeNarrowingMinimal.no_free_incremental_narrowing_below_three	0015613764efcb27f91c8319f3043edac7ac0eab33a22e202f97e2bebccbd8b7	M	STATEMENT_AUDIT		no_free_incremental_narrowing_below_three concerns another named model event rather than an arbitrary latchable event.
Kernel.LRecursion.L_halting_undecidable	cc1e65efca0e37125cde670908a7e4009a4852298a36369938cfcb33fefcde7b	N	STATEMENT_AUDIT		L_halting_undecidable is independent of the recorded-event choice in its frozen statement.
Kernel.LRecursion.L_recursion_theorem	e5c618dd8afe92c590d60d4f0085d842c6b1f9532518a4eabaf55c3788fb0b4c	N	STATEMENT_AUDIT		L_recursion_theorem is independent of the recorded-event choice in its frozen statement.
Kernel.LRecursion.L_rice	52514d32354955854ca994fd07bb4423c1093f9fda0f5d08242c47e372e543b3	N	STATEMENT_AUDIT		L_rice is independent of the recorded-event choice in its frozen statement.
Kernel.LRecursion.L_structural_shortcut_undecidable	74cf95150e869efac945c804b7d79de181b09fa92c0a0d93282d6cb426c37c85	N	STATEMENT_AUDIT		L_structural_shortcut_undecidable is independent of the recorded-event choice in its frozen statement.
Kernel.LRecursion.Q_spec	819328e7092d355b9aa6b70ff9f6e7ab656e27a69d816c31095cbbd7fe0b3c86	N	STATEMENT_AUDIT		Q_spec is independent of the recorded-event choice in its frozen statement.
Kernel.LRecursion.second_recursion	0f286c60be2a2e7b44d7863431c2463c9bebd28913426984d0d0818b1d2e0f96	N	STATEMENT_AUDIT		second_recursion is independent of the recorded-event choice in its frozen statement.
Kernel.LandauerDerivation.total_irreversible_bits_le_cost	e8b530b95f7b2aa6e2af27e43fa67b6f704a101cde1cf36fe899155d59679f9b	M	STATEMENT_AUDIT		total_irreversible_bits_le_cost concerns another named model event rather than an arbitrary latchable event.
Kernel.MinorConstraints.local_box_CHSH_bound	643782328f8544f18930101edcccc1b5f96d0dcbdce9342a7d4d140b9129718d	N	STATEMENT_AUDIT		local_box_CHSH_bound is independent of the recorded-event choice in its frozen statement.
Kernel.MuComplexity.sat_separation_ratio_unbounded	4bc2f4e16625f7029aef36ca785e3419df39331e2fa497995c0771f88ecd3995	N	STATEMENT_AUDIT		sat_separation_ratio_unbounded is independent of the recorded-event choice in its frozen statement.
Kernel.MuComplexity.zero_mu_traces_satisfy_preservation_budget	e5d264b93be25bd8f2448cfbe00b62f9be22a64975d28fd7918b32175a3e6ff8	N	STATEMENT_AUDIT		zero_mu_traces_satisfy_preservation_budget is independent of the recorded-event choice in its frozen statement.
Kernel.MuCostDerivation.lassert_cost_from_component_floors	01ab1fea04a850b6e0f88624358d90c335815ff39064b63fa38aebfa51c21974	I	STATEMENT_AUDIT		lassert_cost_from_component_floors concerns an instruction or quantitative counting axis, not the choice of recorded event.
Kernel.MuCostDerivation.lassert_cost_is_its_formula	07988b0553bdb2e3f05ad576c4e23818abad7e90ce7239368822c7c25eed90f0	I	STATEMENT_AUDIT		lassert_cost_is_its_formula concerns an instruction or quantitative counting axis, not the choice of recorded event.
Kernel.MuGravity.calibration_residual_zero_iff	55da17af21f126d096109768e2cb2bf592acb148bfabe5eea0727cf0ffdabafa	N	STATEMENT_AUDIT		calibration_residual_zero_iff is independent of the recorded-event choice in its frozen statement.
Kernel.MuHierarchyTheorem.executed_instruction_cost_recorded	7eec75a788f6b45d794a1107947c0a89f559e33ad4c01845947bd1c96d5ff47e	N	STATEMENT_AUDIT		executed_instruction_cost_recorded is independent of the recorded-event choice in its frozen statement.
Kernel.MuHierarchyTheorem.ledger_sum_contains_lower_bound	2c7d79f35d757dfa73e3f21bb42da3480cacb982eccc80e52ebff3a4342fb94b	N	STATEMENT_AUDIT		ledger_sum_contains_lower_bound is independent of the recorded-event choice in its frozen statement.
Kernel.MuHierarchyTheorem.level_k_certification_cost_floor	429ebe2e32ff3f3765daf07f445771bc3ec5a50a102da09bc095f96434fd259a	N	STATEMENT_AUDIT		level_k_certification_cost_floor is independent of the recorded-event choice in its frozen statement.
Kernel.MuHierarchyTheorem.mu_hierarchy_no_upper_bound	9f0a32b322a5787008622448a0e335d6f67ebf921f07c1c5001de16e1e194ce7	I	STATEMENT_AUDIT		mu_hierarchy_no_upper_bound concerns an instruction or quantitative counting axis, not the choice of recorded event.
Kernel.MuHierarchyTheorem.mu_hierarchy_theorem	61df664bef4f82dced999fe9b61c85280ed70b11037b3fd7c58fd66cf2ff76b1	I	STATEMENT_AUDIT		mu_hierarchy_theorem concerns an instruction or quantitative counting axis, not the choice of recorded event.
Kernel.MuInitiality.instruction_consistent_measure_equals_mu	8e4a5565943a600c1fa0aac2c1c5412c11b257e8ecf73382a91340680fcb448e	N	STATEMENT_AUDIT		instruction_consistent_measure_equals_mu is independent of the recorded-event choice in its frozen statement.
Kernel.MuInitiality.mu_accumulates_trace_cost	930cca92d4b5a83fbfd3a12498d609345ab11c40d2cf6e12d6c05a618f2c3400	N	STATEMENT_AUDIT		mu_accumulates_trace_cost is independent of the recorded-event choice in its frozen statement.
Kernel.MuInitiality.mu_initiality	d09a34a33a233ac3f47d0d3a64caee58ec432fd3a6597bd76051553feacf7557	N	STATEMENT_AUDIT		mu_initiality is independent of the recorded-event choice in its frozen statement.
Kernel.MuInitiality.mu_is_initial_monotone	253ed02c4a0a27bf1939c899e608e9d69a0f113beb039285be71ba52a32b2b20	N	STATEMENT_AUDIT		mu_is_initial_monotone is independent of the recorded-event choice in its frozen statement.
Kernel.MuInitiality.mu_is_universal	0c47b071d6e369c36f26d25feb2082a94d5a23a3300c541a0cb4220049cd31e6	N	STATEMENT_AUDIT		mu_is_universal is independent of the recorded-event choice in its frozen statement.
Kernel.MuLedgerConservation.run_vm_mu_conservation	4d44a283fbc5659c5816c79af9c956e030ac1ea7d0ae6473b8516b57d5823e33	N	STATEMENT_AUDIT		run_vm_mu_conservation is independent of the recorded-event choice in its frozen statement.
Kernel.MuLedgerConservation.vm_apply_mu	8039545c601cd1f1ec470584e710072289ac6a4201745c4a92e8501cc41286f7	N	STATEMENT_AUDIT		vm_apply_mu is independent of the recorded-event choice in its frozen statement.
Kernel.MuLedgerQuantumBridge.column_contractive_check_witness_sound	8f04bb8cc5b853ab32a73919ce6213127e6ee80d2024381bafc944e42c2f39c2	N	STATEMENT_AUDIT		column_contractive_check_witness_sound is independent of the recorded-event choice in its frozen statement.
Kernel.MuLedgerQuantumBridge.npa_psd_implies_tsirelson_bound	c4aa76c46b91fd1dd704fd4a2091cc78e1411d40b31c2e3b444af441be3c9555	N	STATEMENT_AUDIT		npa_psd_implies_tsirelson_bound is independent of the recorded-event choice in its frozen statement.
Kernel.MuLedgerQuantumBridge.state_column_contractive_implies_npa_gram	18971f5424b939c5a7bd7b68edb29fcf2a04b9a7a5af23e37acc111b559310e8	N	STATEMENT_AUDIT		state_column_contractive_implies_npa_gram is independent of the recorded-event choice in its frozen statement.
Kernel.MuLedgerQuantumBridge.state_column_contractive_implies_tsirelson	4be01121b31263594d04d0f09f481be988acaa41dac5756fdcd6e01ad34e7fa9	N	STATEMENT_AUDIT		state_column_contractive_implies_tsirelson is independent of the recorded-event choice in its frozen statement.
Kernel.MuLedgerQuantumBridge.zero_marginal_npa_column_contractive_implies_psd	2ce79a40225adc4c33bcff04a1632f18c3decaa7bf3bf58ccf86bd0f4681c3e9	N	STATEMENT_AUDIT		zero_marginal_npa_column_contractive_implies_psd is independent of the recorded-event choice in its frozen statement.
Kernel.MuShannonBridge.exists_covering_tree	74874ea1d1988a23d9d619225e623cf4984c9f9aa7f9a074ea32505067b25f8f	N	STATEMENT_AUDIT		exists_covering_tree is independent of the recorded-event choice in its frozen statement.
Kernel.MuShannonBridge.fibered_reduction_implies_tree_cover	8119b2a5f6de0b4d8c990e3e4432a1aeb80b6f2c752f0f7f150f221e706f0634	N	STATEMENT_AUDIT		fibered_reduction_implies_tree_cover is independent of the recorded-event choice in its frozen statement.
Kernel.MuShannonBridge.info_priced_arbitrary_feasible_reduction_bound	ad7c0dbf09f22a66821370c36b16947f8acab51bb8d59f94c90562989c978e3b	N	STATEMENT_AUDIT		info_priced_arbitrary_feasible_reduction_bound is independent of the recorded-event choice in its frozen statement.
Kernel.MuShannonBridge.info_priced_cert_executions_bound	4c5115514f9abdb7d33bb8dee6e7b008f57df84d13f1de9673f95d27fc7cbb92	I	STATEMENT_AUDIT		info_priced_cert_executions_bound concerns an instruction or quantitative counting axis, not the choice of recorded event.
Kernel.MuShannonBridge.info_priced_reduction_no_tree_hypothesis	f2881747da8ce675d389f5584efcb96836c90909f4ae130fe40582fa5e1e4b77	N	STATEMENT_AUDIT		info_priced_reduction_no_tree_hypothesis is independent of the recorded-event choice in its frozen statement.
Kernel.MuShannonBridge.info_priced_weighted_feasible_reduction_bound	942d6dcf5a247ab165329d5b798af152ef769b1f09bc4b222c7a99f7dd724a9f	N	STATEMENT_AUDIT		info_priced_weighted_feasible_reduction_bound is independent of the recorded-event choice in its frozen statement.
Kernel.MuShannonBridge.observation_partition_reduction_implies_posterior_representative_reduction	325428ec7fbe3da0ec180b6597d44932426da22872769d4debfd52dbe8b44bea	N	STATEMENT_AUDIT		observation_partition_reduction_implies_posterior_representative_reduction is independent of the recorded-event choice in its frozen statement.
Kernel.NatSubstrateInstance.nat_recursion_theorem	e1b9764102d79b9e6fc822c3589fda64f39b68ddf9decea3f10f01635c5c2594	N	STATEMENT_AUDIT		nat_recursion_theorem is independent of the recorded-event choice in its frozen statement.
Kernel.NatSubstrateInstance.nat_self_undecidable	dbf16f5ff7e248585a432bbecb7c0498532c507922bdaa699ef0b3da88d68aa1	N	STATEMENT_AUDIT		nat_self_undecidable is independent of the recorded-event choice in its frozen statement.
Kernel.NatSubstrateInstance.nat_structural_shortcut_undecidable	6276757aafea0d4ec7cb2b25fb2f8d7145fa526e397542fd97097ba5b0b3568e	N	STATEMENT_AUDIT		nat_structural_shortcut_undecidable is independent of the recorded-event choice in its frozen statement.
Kernel.NecessityAbstract.P_full_complete_neither_mu_nor_cert_droppable	3d7f1946ce0e3cafd5c6a4ebb32bf9824ecdf06d9608aa13b1114bfaafbd2db6	C	STATEMENT_AUDIT		P_full_complete_neither_mu_nor_cert_droppable is tied by its frozen statement to a concrete certification channel or certification-specific VM representation.
Kernel.NecessityAbstract.cert_model_mu_necessity	03319e7a73d9f60fc25bc2daf1b2c184c45632a569decca5f5a826833937a339	N	STATEMENT_AUDIT		cert_model_mu_necessity is independent of the recorded-event choice in its frozen statement.
Kernel.NecessityAbstract.cost_model_cert_necessity	ce2e50f3c90cd9a4b8aa08620f4eb0ac044748b4c164c8e05557ddb09e0c5109	C	STATEMENT_AUDIT		cost_model_cert_necessity is tied by its frozen statement to a concrete certification channel or certification-specific VM representation.
Kernel.NecessityAbstract.graph_not_recoverable_from_P_full	a6ae091f58a4cd94cd95bbbec69ecf927268dd12c1fb6cc063cfea346208af11	N	STATEMENT_AUDIT		graph_not_recoverable_from_P_full is independent of the recorded-event choice in its frozen statement.
Kernel.NecessityAbstract.mu_ledger_minimality	deb6aaab273b1709fa571c8d9bf44744eba2961dfad99476d77da203f755e0fa	C	STATEMENT_AUDIT		mu_ledger_minimality is tied by its frozen statement to a concrete certification channel or certification-specific VM representation.
Kernel.NecessityAbstract.mu_ledger_mutual_independence	764b1c9d0bb9d6fca4982dfb2321abbd0dcb46707aa28c1ff1e6932846513020	C	STATEMENT_AUDIT		mu_ledger_mutual_independence is tied by its frozen statement to a concrete certification channel or certification-specific VM representation.
Kernel.NecessityAbstract.thiele_state_three_component_independence	66e5944e75703ddbe0a0f9a3ee2796d967befc5d0ef9f242e6ab3568a7cb512b	C	STATEMENT_AUDIT		thiele_state_three_component_independence is tied by its frozen statement to a concrete certification channel or certification-specific VM representation.
Kernel.NecessityAbstract.turing_ram_cert_necessity	3c35f7c13effd1892afb4cc5221da369c2ca90b35226865be4a97b5ec766c8d2	C	STATEMENT_AUDIT		turing_ram_cert_necessity is tied by its frozen statement to a concrete certification channel or certification-specific VM representation.
Kernel.NecessityAbstract.turing_ram_mu_necessity	6ef02dddb0f8c60e090e5621c625162eea4465f308b785ddd58f75572bf99fcc	N	STATEMENT_AUDIT		turing_ram_mu_necessity is independent of the recorded-event choice in its frozen statement.
Kernel.NoCloning.no_cloning_bloch	0a80380cd2661b1c81a4442227765661559b4fba55614f517a1527044c0af951	N	STATEMENT_AUDIT		no_cloning_bloch is independent of the recorded-event choice in its frozen statement.
Kernel.NoCloning.no_cloning_from_conservation	3d61b0cb2980df1ba366bc28ead502be9a02aef01b990e13ac74a949869d8a96	N	STATEMENT_AUDIT		no_cloning_from_conservation is independent of the recorded-event choice in its frozen statement.
Kernel.NoCloning.unitary_cannot_clone	08736860ced937121023411c6cfb9eb8c469f48040c8837a5ca5631e29b43c99	N	STATEMENT_AUDIT		unitary_cannot_clone is independent of the recorded-event choice in its frozen statement.
Kernel.NoFIToEinstein.nfi_to_discrete_einstein_from_pnew_bekenstein_calibration	6dee04c68a64837847187d72e0b9b1410197740e8c94ea936ee1e252d7324b61	N	STATEMENT_AUDIT		nfi_to_discrete_einstein_from_pnew_bekenstein_calibration is independent of the recorded-event choice in its frozen statement.
Kernel.NoFIToEinstein.nfi_to_discrete_einstein_from_psplit_bekenstein_calibration	8ff6c555dd7df1d90ba2338851195da8cbfcd067cd39057ec5713d2a3b498a6a	N	STATEMENT_AUDIT		nfi_to_discrete_einstein_from_psplit_bekenstein_calibration is independent of the recorded-event choice in its frozen statement.
Kernel.NoFreeInsight.NoFreeInsight.strengthening_requires_structure_addition	edfe969f174cc7762cf000bae19b903ad8e5efb76b95e650fac0c14ddb16efc7	N	STATEMENT_AUDIT		strengthening_requires_structure_addition is independent of the recorded-event choice in its frozen statement.
Kernel.NonAdaptiveLowerBound.non_adaptive_factored_sat_4_k_lower_bound	3645428157085fa64efed750610d814afae6bc5533681ce4b96992f7b5706399	N	STATEMENT_AUDIT		non_adaptive_factored_sat_4_k_lower_bound is independent of the recorded-event choice in its frozen statement.
Kernel.NonAdaptiveLowerBound.non_adaptive_sat_lower_bound	23a709c7081adbb563ee302c89b853794df4ac2c5e2f9042dc96f403f040c8db	N	STATEMENT_AUDIT		non_adaptive_sat_lower_bound is independent of the recorded-event choice in its frozen statement.
Kernel.OCamlExtractionBridge.ocaml_observable_nofi_and_monotone	74f3a9b757f9368c626ffbcd89a2adab56e3153ec00769ae7bc5d54246269056	N	STATEMENT_AUDIT		ocaml_observable_nofi_and_monotone is independent of the recorded-event choice in its frozen statement.
Kernel.OCamlExtractionBridge.ocaml_runner_observable_defined	14588de8ab0a49596ac5f6ee5a0fc40c8765192fbb56cd148ecc8ec6f8a22122	N	STATEMENT_AUDIT		ocaml_runner_observable_defined is independent of the recorded-event choice in its frozen statement.
Kernel.ObservationPolicy.calibrated_model_exists_iff_positive_cost	321449e93f8e922d0562e133c0011c4b03ccfde2ec78ad7d747136f0681a8c0d	I	STATEMENT_AUDIT		calibrated_model_exists_iff_positive_cost concerns an instruction or quantitative counting axis, not the choice of recorded event.
Kernel.ObservationPolicy.decoding_requires_fiber_constancy	28d9544d89518eb1fb7786d8f97e81ea45ca6943986b271a1dc0ce12d9c8dc68	N	STATEMENT_AUDIT		decoding_requires_fiber_constancy is independent of the recorded-event choice in its frozen statement.
Kernel.ObservationPolicy.joint_floor_is_least	44321265f52c91bb5ee59f2bee6f2fde7d151194c24e7ffb26515d39d7bc0bbd	I	STATEMENT_AUDIT		joint_floor_is_least concerns an instruction or quantitative counting axis, not the choice of recorded event.
Kernel.ObservationPolicy.selected_representatives_give_decoder	3df754e1bb0cc07a0353bc144236ab3787678862e77de10dcb9062e199ef7985	N	STATEMENT_AUDIT		selected_representatives_give_decoder is independent of the recorded-event choice in its frozen statement.
Kernel.ObservationPolicy.zero_cost_vm_jump_has_injective_history_lift	35da2e900d0986a1223f495bfd0354959ac35959dcdb3ec153440ca10cb3d614	N	STATEMENT_AUDIT		zero_cost_vm_jump_has_injective_history_lift is independent of the recorded-event choice in its frozen statement.
Kernel.PartitionRefinementNoFI.partition_free_but_certification_nonfree	3140e08a0e9f9ed8b1d9e84d4bdb1fca9df1f28eaf01c51e48948fed0342c88e	C	STATEMENT_AUDIT		partition_free_but_certification_nonfree is tied by its frozen statement to a concrete certification channel or certification-specific VM representation.
Kernel.PartitionRefinementNoFI.partition_refinement_nonfree	d06ab782090b7151714ab8c170bbe82183bcc801ddbb00d55622708ef3dfcef6	C	STATEMENT_AUDIT		partition_refinement_nonfree is tied by its frozen statement to a concrete certification channel or certification-specific VM representation.
Kernel.PartitionRefinementNoFI.partition_structural_ops_can_be_free	30d0901beafcfb1eb1d419993378630fb711210b15cdddb46b9515713ca364af	I	STATEMENT_AUDIT		partition_structural_ops_can_be_free concerns an instruction or quantitative counting axis, not the choice of recorded event.
Kernel.PartitionRefinementNoFI.partition_structural_ops_not_cert_setters	a11827e38b264c093b459b6f7458264d8e0aabc838952f3e3ddbe40dd7ce8cc9	I	STATEMENT_AUDIT		partition_structural_ops_not_cert_setters concerns an instruction or quantitative counting axis, not the choice of recorded event.
Kernel.PartitionRefinementNoFI.partition_structural_trace_cannot_certify	0ea7e7ea91c0c6298ab96c3fe961daa6fa4becf2ad13d62f6cfd8c4f74fc44f4	I	STATEMENT_AUDIT		partition_structural_trace_cannot_certify concerns an instruction or quantitative counting axis, not the choice of recorded event.
Kernel.PartitionSeparation.PartitionSeparation.categorical_separation	6d422f6c6446927658de20d38199572eae4c9b613510c6a5d3ae9944960b4860	N	STATEMENT_AUDIT		categorical_separation is independent of the recorded-event choice in its frozen statement.
Kernel.PartitionSeparation.PartitionSeparation.classical_observer_cannot_separate	db5b0d9d358e6f57d07801b9affd5beb40378f31ef859bf956cacdf5f87e9dda	N	STATEMENT_AUDIT		classical_observer_cannot_separate is independent of the recorded-event choice in its frozen statement.
Kernel.PermanentCertification.a2_from_merging_price_and_permanence	18953a0820aafb81015fe9b64de73c36dbe8c1f84651a96b87a3dddf59e0d355	G	CLOSED	Kernel.EventGenericAudit.evidence_a2_from_merging_price_and_permanence	Closed Coq specialization of a2_from_merging_price_and_permanence at the door-opening non-certification event; required concrete model obligations are discharged.
Kernel.PermanentCertification.commit_without_erasure_system_is_not_honest	d7e034c56f7076c9afa635e3f37f46ca2f92216a3379cbbc3a4414e7b60047d3	M	STATEMENT_AUDIT		commit_without_erasure_system_is_not_honest concerns another named model event rather than an arbitrary latchable event.
Kernel.PermanentCertification.free_merge_escapes	cef5bd347e1f08d35b21360c1f0348f13a76be36e437949dae2872db5002eedc	M	STATEMENT_AUDIT		free_merge_escapes concerns another named model event rather than an arbitrary latchable event.
Kernel.PermanentCertification.honest_erasure_accounting_implies_a2	d46200fe69fa3b7d968fd2c7f18ce4f1a94e06c9b418f413d7decbe57da4bb95	G	CLOSED	Kernel.EventGenericAudit.evidence_honest_erasure_accounting_implies_a2	Closed Coq specialization of honest_erasure_accounting_implies_a2 at the door-opening non-certification event; required concrete model obligations are discharged.
Kernel.PermanentCertification.permanent_certification_trace_floor	53b6b645b6e65190e47a1f98c2d6cd86e1519fe18557a55016146865640b1545	G	CLOSED	Kernel.EventGenericAudit.evidence_permanent_certification_trace_floor	Closed Coq specialization of permanent_certification_trace_floor at the door-opening non-certification event; required concrete model obligations are discharged.
Kernel.PermanentCertification.permanent_flip_is_not_injective	efbd2b093304fd6f57d1212bbc9b3e467629bb9b83fe5bc5318c5f32602d3e03	G	CLOSED	Kernel.EventGenericAudit.evidence_permanent_flip_is_not_injective	Closed Coq specialization of permanent_flip_is_not_injective at the door-opening non-certification event; required concrete model obligations are discharged.
Kernel.PermanentCertification.permanent_flips_collapse_at_least	4ad3d08f8660507358a48b2c41650d9bc91c45dcbe94fbfc463e6e503e9fc738	G	CLOSED	Kernel.EventGenericAudit.evidence_permanent_flips_collapse_at_least	Closed Coq specialization of permanent_flips_collapse_at_least at the door-opening non-certification event; required concrete model obligations are discharged.
Kernel.PermanentCertification.priced_reset_satisfies_premises	7b7208572dbc23455c1cc62ac7eb121a68dd1b9498b1a0ce906798b965ed1c65	M	STATEMENT_AUDIT		priced_reset_satisfies_premises concerns another named model event rather than an arbitrary latchable event.
Kernel.PermanentCertification.revocable_certificate_escapes	17b5b4826271abb77b0f368e3684feff1f9c90d914d840e2e8ecdc9698627d09	C	STATEMENT_AUDIT		revocable_certificate_escapes is tied by its frozen statement to a concrete certification channel or certification-specific VM representation.
Kernel.PermanentCertification.unbounded_history_escapes	06d8445e879869382b45f12057ae3d8634442cbc2cf495c99d77f256ec523a17	M	STATEMENT_AUDIT		unbounded_history_escapes concerns another named model event rather than an arbitrary latchable event.
Kernel.PermanentCertificationEntropy.a2_from_entropy_price_and_permanence	83dab266093d74576f70cb32085052c8926833f0190a4a80e66468a6d7009476	G	PARTIAL	Kernel.EventGenericAudit.evidence_a2_from_entropy_price_and_permanence	Exact Coq specialization of a2_from_entropy_price_and_permanence at a non-certification event; entropy_priced for the door schedule remains explicit.
Kernel.PermanentCertificationEntropy.entropy_drop_as_point_sum	b94248fb653f90f2bbd3488f281d05b0cae7479cf91a0db3d5ab562dafbff1a0	N	STATEMENT_AUDIT		entropy_drop_as_point_sum is independent of the recorded-event choice in its frozen statement.
Kernel.PermanentCertificationEntropy.entropy_drop_nonneg	cf441a43d14bf0a5fed431295988d6bed1dcc07afb7bf8310de1395e11d1db73	N	STATEMENT_AUDIT		entropy_drop_nonneg is independent of the recorded-event choice in its frozen statement.
Kernel.PermanentCertificationEntropy.entropy_drop_pos_of_support_merge	2b68f2cef1fe4402452dee8d62aac6efa6c88f3395ed604d08ead9229db8bd16	N	STATEMENT_AUDIT		entropy_drop_pos_of_support_merge is independent of the recorded-event choice in its frozen statement.
Kernel.PermanentCertificationEntropy.entropy_le_log_support	c0a6e86bb91537df0ab54e0115f2b9ec931c7dbb950a9d2701d2c6fb1bd5edfb	N	STATEMENT_AUDIT		entropy_le_log_support is independent of the recorded-event choice in its frozen statement.
Kernel.PermanentCertificationEntropy.entropy_priced_trace_floor	0a27d2441bc36548fae3dd4361762660cbaccb107b01ae7a2bdff6ac53360e3b	G	PARTIAL	Kernel.EventGenericAudit.evidence_entropy_priced_trace_floor	Exact Coq specialization of entropy_priced_trace_floor at a non-certification event; entropy_priced for the door schedule remains explicit.
Kernel.PermanentCertificationEntropy.known_state_flip_forces_no_heat	198d47bf7f24ad511d193ca9b6c67cbfd0acb5ff2c169b8e27ad6eac9d9ad43c	N	STATEMENT_AUDIT		known_state_flip_forces_no_heat is independent of the recorded-event choice in its frozen statement.
Kernel.PermanentCertificationEntropy.known_state_step_removes_no_entropy	e0a42450e2bb96d9b2ceb95904113ecdbee5fe690af54bb002836e2e9da97e27	N	STATEMENT_AUDIT		known_state_step_removes_no_entropy is independent of the recorded-event choice in its frozen statement.
Kernel.PermanentCertificationEntropy.permanent_flip_full_support_entropy_drop_positive	fcc5dc1c6dc875da38446be584b6f9c2a04eb8ffc37328ac88421d706b6a13fb	G	PARTIAL	Kernel.EventGenericAudit.evidence_permanent_flip_full_support_entropy_drop_positive	Exact Coq specialization of permanent_flip_full_support_entropy_drop_positive at a non-certification event; a probability distribution and positive support on the states in play remain explicit.
Kernel.PermanentCertificationEntropy.permanent_flip_full_support_heat_positive	fce660d8ab8daf5afc971ea753761fc501bd51068ed847c617a47d55cf799640	G	PARTIAL	Kernel.EventGenericAudit.evidence_permanent_flip_full_support_heat_positive	Exact Coq specialization of permanent_flip_full_support_heat_positive at a non-certification event; a distribution, positive support, positive kT, and the Landauer heat premise remain explicit.
Kernel.PermanentCertificationEntropy.permanent_flip_heat_floor	bc4c5e04cf628e926c784939bd2e2c87cd84c1f5e5cdc72b96f46fd7a93d8068	G	PARTIAL	Kernel.EventGenericAudit.evidence_permanent_flip_heat_floor	Exact Coq specialization of permanent_flip_heat_floor at a non-certification event; nonnegative kT and the Landauer heat premise remain explicit.
Kernel.PermanentCertificationEntropy.permanent_flip_heat_positive	4512a4bda26910d6a304da89dc749e526b72605d9faf5c127d84c2fef20e1675	G	PARTIAL	Kernel.EventGenericAudit.evidence_permanent_flip_heat_positive	Exact Coq specialization of permanent_flip_heat_positive at a non-certification event; positive kT and the Landauer heat premise remain explicit.
Kernel.PermanentCertificationEntropy.permanent_flip_uniform_entropy_drop	929edd2a16b81304074598c35d2af9561de7b0f45fd8cb7ae79ecbdeb659b300	G	CLOSED	Kernel.EventGenericAudit.evidence_permanent_flip_uniform_entropy_drop	Closed Coq specialization of permanent_flip_uniform_entropy_drop at the door-opening non-certification event; required concrete model obligations are discharged.
Kernel.PermanentCertificationEntropy.permanent_step_entropy_ceiling	efc7d1fe1629ab28d366febc7373796d3f48a050f7848b17c96160a918ed036e	G	PARTIAL	Kernel.EventGenericAudit.evidence_permanent_step_entropy_ceiling	Exact Coq specialization of permanent_step_entropy_ceiling at a non-certification event; a probability distribution and the stated support restriction remain explicit.
Kernel.PermanentCertificationEntropy.permanent_step_entropy_drop	686820ca500a4b0b9cf65ab83b2e89fe12e64df872d3329c02a500a8229d5df4	G	PARTIAL	Kernel.EventGenericAudit.evidence_permanent_step_entropy_drop	Exact Coq specialization of permanent_step_entropy_drop at a non-certification event; a probability distribution and the stated support restriction remain explicit.
Kernel.PermanentCertificationEntropy.step_entropy_invariant_if_injective	8c4132d38a0de89db23cb66072e7b9478f5421b354df5be727588fb90398521c	N	STATEMENT_AUDIT		step_entropy_invariant_if_injective is independent of the recorded-event choice in its frozen statement.
Kernel.PermanentRecordPricing.a2_from_compression_price_and_permanence	d3365827ae1724bbbbfd0703e5f590fdf4d552b4f78dc94f44254f48b6732b73	G	PARTIAL	Kernel.EventGenericAudit.evidence_a2_from_compression_price_and_permanence	Exact Coq specialization of a2_from_compression_price_and_permanence at a non-certification event; compression_priced for the door schedule remains explicit.
Kernel.PermanentRecordPricing.compression_priced_trace_floor	29313e64468ac9961ac23f9e5a7534e55e9783d111417055167198a2881216a7	G	PARTIAL	Kernel.EventGenericAudit.evidence_compression_priced_trace_floor	Exact Coq specialization of compression_priced_trace_floor at a non-certification event; compression_priced for the door schedule remains explicit.
Kernel.PermanentRecordPricing.flip_merges_or_revokes	01910962318b955609f6ba501e3112a46c26b6f1d56e1e196ae958fd7b563d5d	G	CLOSED	Kernel.EventGenericAudit.evidence_flip_merges_or_revokes	Closed Coq specialization of flip_merges_or_revokes at the door-opening non-certification event; required concrete model obligations are discharged.
Kernel.PermanentRecordPricing.forced_price_without_permanent_record	39088e89f7f313d021ce4cebbf0906ac1b933c597706ed64f7218f1e208edd81	M	STATEMENT_AUDIT		forced_price_without_permanent_record concerns another named model event rather than an arbitrary latchable event.
Kernel.PermanentRecordPricing.forced_priced_iff_merges	74c9d8ab84c65829af34fff5081fc983fc3ce505b6e4a586f557125ee98c854f	N	STATEMENT_AUDIT		forced_priced_iff_merges is independent of the recorded-event choice in its frozen statement.
Kernel.PermanentRecordPricing.injective_flip_revokes	6befa76aa4e8a270829e1b39f2505a23ea506326cd2d1113ccf39a91579b6512	G	CLOSED	Kernel.EventGenericAudit.evidence_injective_flip_revokes	Closed specialization at a non-certification toggle event with a proved injective flip and an exhibited revocation.
Kernel.PermanentRecordPricing.permanent_at_flip_is_not_injective	acdee0e85b2c03b03c7157ff886fd29b266275fd273bfd56865c4d673f7c3ffc	G	CLOSED	Kernel.EventGenericAudit.evidence_permanent_at_flip_is_not_injective	Closed Coq specialization of permanent_at_flip_is_not_injective at the door-opening non-certification event; required concrete model obligations are discharged.
Kernel.PermanentRecordPricing.permanent_flips_compression_bound	f28803af823dc9ab5405d60f026312eda4fdb67f49bc688863826aa72c0eab6d	G	PARTIAL	Kernel.EventGenericAudit.evidence_permanent_flips_compression_bound	Exact Coq specialization of permanent_flips_compression_bound at a non-certification event; compression_priced for the door schedule remains explicit.
Kernel.PermanentRecordPricing.permanent_flips_log_bound	e8f073aad282ce550ea610dd8d245a4f3b42942ba2a09e2db9307d04a408f275	G	PARTIAL	Kernel.EventGenericAudit.evidence_permanent_flips_log_bound	Exact Coq specialization of permanent_flips_log_bound at a non-certification event; compression_priced for the door schedule remains explicit.
Kernel.PermanentRecordPricing.permanent_record_write_is_forced_priced	24236bb12075c475fdd84b05140dad3af6cf212fe564893e45e4d21253936753	G	CLOSED	Kernel.EventGenericAudit.evidence_permanent_record_write_is_forced_priced	Closed Coq specialization of permanent_record_write_is_forced_priced at the door-opening non-certification event; required concrete model obligations are discharged.
Kernel.PermanentRecordPricing.quad_stamp_cost_two_is_priced	80476417da536442a10dcc0de2cfbad507b37bbb8cc5cf5a97213730680119a2	M	STATEMENT_AUDIT		quad_stamp_cost_two_is_priced concerns another named model event rather than an arbitrary latchable event.
Kernel.PermanentRecordPricing.quad_stamp_needs_two	9a9426448d0e749eadc3426f795d98154922171251d8dcb25b732d1b190b44ce	M	STATEMENT_AUDIT		quad_stamp_needs_two concerns another named model event rather than an arbitrary latchable event.
Kernel.PhysicsClosure.Physics_Closure	770decf07561c192fe4b4d25a713ff27a83101021d0711c30714bc4f7a254b1e	N	STATEMENT_AUDIT		Physics_Closure is independent of the recorded-event choice in its frozen statement.
Kernel.PoSFinality.nothing_at_stake_is_free_forgery	0f80d3187ce3c3c35bf4bc93e0fcd94233167e21fc00dd1c23bfa7f3bcce236d	M	STATEMENT_AUDIT		nothing_at_stake_is_free_forgery concerns another named model event rather than an arbitrary latchable event.
Kernel.PoSFinality.slashing_finality_floor	830eff7a9d0a9f20690f6d19d242f4ea364e2816319afd4449b6ca22dc546889	M	STATEMENT_AUDIT		slashing_finality_floor concerns another named model event rather than an arbitrary latchable event.
Kernel.PointerObservable.ReplicatedLedgerToy.toy_cert_unique_pointer	19f32bb899d761aa6142c20c756b568accd3f46aa603d1d3ad400635a591ca68	M	STATEMENT_AUDIT		toy_cert_unique_pointer concerns another named model event rather than an arbitrary latchable event.
Kernel.PointerObservableCounterexamples.DeniableAuthentication.deniable_authentication_model_not_proliferating	2e04382ec3e0e0c0b5fbbab56df5641f6b81b72d03f1f65ff2d7eb44f112b464	M	STATEMENT_AUDIT		deniable_authentication_model_not_proliferating concerns another named model event rather than an arbitrary latchable event.
Kernel.PointerObservableCounterexamples.ObjectCapability.capability_model_not_proliferating	7332c5e5ed9d4b57200bf2f9ddb078a29e10b272d2971632e6b998faf3857189	M	STATEMENT_AUDIT		capability_model_not_proliferating concerns another named model event rather than an arbitrary latchable event.
Kernel.PointerObservableCounterexamples.PublicLog.public_log_effort_not_proliferating	afef69e968fb9284a86d04b13728e1ea6312210c0877a1c085bf5197ede04e7a	M	STATEMENT_AUDIT		public_log_effort_not_proliferating concerns another named model event rather than an arbitrary latchable event.
Kernel.PointerObservableCounterexamples.PublicLog.public_log_model_proliferating	95645119e194d9095a9abcc0616dbcaa535bc128a5a85f1260a4ff1016314185	M	STATEMENT_AUDIT		public_log_model_proliferating concerns another named model event rather than an arbitrary latchable event.
Kernel.PointerObservableCounterexamples.SymmetricMAC.mac_model_not_proliferating	21a0ff2aa6bdc138c18127c4759c3fb1102bfdda7d30e570dabfc7bb2dae7924	M	STATEMENT_AUDIT		mac_model_not_proliferating concerns another named model event rather than an arbitrary latchable event.
Kernel.PointerObservableReductions.CT_model_unique_pointer	078819d210b51c17952b8df9a362248aba02a3f85163cb2313db1d49501ded7e	M	STATEMENT_AUDIT		CT_model_unique_pointer concerns another named model event rather than an arbitrary latchable event.
Kernel.PointerObservableReductions.Gas_model_unique_pointer	db4f7e537138c9ba48d5597bbb6227990cd3b22621f969dd7d972c6567049f6b	M	STATEMENT_AUDIT		Gas_model_unique_pointer concerns another named model event rather than an arbitrary latchable event.
Kernel.PointerObservableReductions.PCC_model_unique_pointer	1d02a7f1613cf8c561bbfa7ac3896b586935dff893fc40edf782e081ab19bce4	M	STATEMENT_AUDIT		PCC_model_unique_pointer concerns another named model event rather than an arbitrary latchable event.
Kernel.PointerObservableReductions.PoS_model_unique_pointer	32f0dc8f9df6c97e02f5dfd8d46be7ab6e2b5249024bf1d50bff90f34dc81986	M	STATEMENT_AUDIT		PoS_model_unique_pointer concerns another named model event rather than an arbitrary latchable event.
Kernel.PointerObservableReductions.TEE_model_unique_pointer	78b175e25c0da65363fbe9dd0a095887605e29f6338ea96dd286bf444363cba0	M	STATEMENT_AUDIT		TEE_model_unique_pointer concerns another named model event rather than an arbitrary latchable event.
Kernel.PointerObservableReductions.five_labeled_models_have_selected_pointer	12affd087e4c19badd0391264d33f7666fd9cd7e94f2daf73491dadd053ccb73	M	STATEMENT_AUDIT		five_labeled_models_have_selected_pointer concerns another named model event rather than an arbitrary latchable event.
Kernel.PrimeAxiom.kernel_certified_implies_positive_mu	39ffd9bc96cc17f448d18e78038f070859065d21cda8ea576f9e56d5229f4dbb	C	STATEMENT_AUDIT		kernel_certified_implies_positive_mu is tied by its frozen statement to a concrete certification channel or certification-specific VM representation.
Kernel.ProjectionNonExistence.cert_addr_not_function_of_forget	f3f6bc101b239b0748b7252e5dbc28a8a79ce96a4f666867ca515efa776ceaf4	C	STATEMENT_AUDIT		cert_addr_not_function_of_forget is tied by its frozen statement to a concrete certification channel or certification-specific VM representation.
Kernel.ProjectionNonExistence.cert_not_function_of_forget	131b55b9b358f99434dbaac05e8fa8cc03341fe4daef17e726652be9a96777e0	C	STATEMENT_AUDIT		cert_not_function_of_forget is tied by its frozen statement to a concrete certification channel or certification-specific VM representation.
Kernel.ProjectionNonExistence.mu_not_function_of_bare_observable	7854fc97985dfbafe5179a4f55d553a9cb668b3fdf480862a51e187fc3968669	N	STATEMENT_AUDIT		mu_not_function_of_bare_observable is independent of the recorded-event choice in its frozen statement.
Kernel.ProjectionNonExistence.no_classical_a2_cert_predicate	3682c56477bcde95782f22b66cd8030a6f54adfdff09f560acd43f79c236a4cd	C	STATEMENT_AUDIT		no_classical_a2_cert_predicate is tied by its frozen statement to a concrete certification channel or certification-specific VM representation.
Kernel.ProjectionNonExistence.no_classical_cert_addr_predicate	742fcb43cd10b902ea79fe3d84bec3ac9ff9addefb8db8b2ff7d79378b3a915f	C	STATEMENT_AUDIT		no_classical_cert_addr_predicate is tied by its frozen statement to a concrete certification channel or certification-specific VM representation.
Kernel.ProjectionNonExistence.no_classical_mu_separation_predicate	7fd83d99086778e116f3329c1c0642a89f9114137bdbe0fe873e44a133cfa414	N	STATEMENT_AUDIT		no_classical_mu_separation_predicate is independent of the recorded-event choice in its frozen statement.
Kernel.ProofCarryingVerifier.bare_pcc_impossible	c6bf720c65eec739f758510a813df985698cdf2b837f3ed1f83cc3fe4387e0f4	M	STATEMENT_AUDIT		bare_pcc_impossible concerns another named model event rather than an arbitrary latchable event.
Kernel.ProofCarryingVerifier.level_k_verification_floor	68ed8f9e184b0909846ca5d492c5bd37984defe64e2f78fa0e84e5b9dc20b28a	I	STATEMENT_AUDIT		level_k_verification_floor concerns an instruction or quantitative counting axis, not the choice of recorded event.
Kernel.ProofCarryingVerifier.level_k_verification_floor_tight	148c5de51f016baacc0870fed2db55755aca204da78459ef85150b2b0c1b2eb7	I	STATEMENT_AUDIT		level_k_verification_floor_tight concerns an instruction or quantitative counting axis, not the choice of recorded event.
Kernel.ProofCarryingVerifier.proof_rounds_escape	d816f9808392948845f2d487e09f09bd4cc44e060a748f97e591590e2a7b5355	M	STATEMENT_AUDIT		proof_rounds_escape concerns another named model event rather than an arbitrary latchable event.
Kernel.ProperSubsumption.ProperSubsumption.thiele_simulates_turing	7b03f8c22be6433a42f152dfeacd4d936afb1c0ea1288e08221c6e04fa5cdf7e	N	STATEMENT_AUDIT		thiele_simulates_turing is independent of the recorded-event choice in its frozen statement.
Kernel.QuantumPartitionPSD.chsh_lassert_no_trap_implies_npa_psd	ce9c88474ce51deff62422e3ae39e8ea7bfa7b22ec093e8313429513c6546fe1	N	STATEMENT_AUDIT		chsh_lassert_no_trap_implies_npa_psd is independent of the recorded-event choice in its frozen statement.
Kernel.QuantumPartitionPSD.column_contractive_iff_npa_psd	e18c9621ebaaea1ff56e810540a46d5ee5765bbe14ee95b607e916238cf5e353	N	STATEMENT_AUDIT		column_contractive_iff_npa_psd is independent of the recorded-event choice in its frozen statement.
Kernel.QuantumPartitionPSD.npa_psd_implies_column_contractive	76cb93915761731d47c591ca63a56fc74c5e593b9661e248d1e9e2ac85824d23	N	STATEMENT_AUDIT		npa_psd_implies_column_contractive is independent of the recorded-event choice in its frozen statement.
Kernel.QuantumPartitionPSD_1AB.chsh_lassert_1ab_no_trap_implies_npa_psd_q1ab	3dd770c3a6a19b7f434d38be62138fc3eb506498d79d0b27ef6babb4e1a6f53a	N	STATEMENT_AUDIT		chsh_lassert_1ab_no_trap_implies_npa_psd_q1ab is independent of the recorded-event choice in its frozen statement.
Kernel.QuantumPartitionPSD_1AB.sym4_qf_nonneg_from_pd	fef78abdccf606b8cd92d3eafb12f54de06b394a124e62f796ddf3017d244fd2	N	STATEMENT_AUDIT		sym4_qf_nonneg_from_pd is independent of the recorded-event choice in its frozen statement.
Kernel.RecordAxisDiscrimination.finite_reversible_cannot_write	6892c2da556ac61b9e57063cdfdc6ac75738d6336a6b7e836b5d9538148018d5	G	CLOSED	Kernel.EventGenericAudit.evidence_finite_reversible_cannot_write	Closed Coq specialization of finite_reversible_cannot_write at the door-opening non-certification event; required concrete model obligations are discharged.
Kernel.RecordAxisDiscrimination.history_latch_honest	dd30c0388abd8f122f04fb30559440a385525793831189d0813018477db31cbb	G	CLOSED	Kernel.EventGenericAudit.evidence_history_latch_honest	Closed Coq specialization of history_latch_honest at the concrete always-enabled door record latch; reachability and honesty obligations are discharged.
Kernel.RecordAxisDiscrimination.history_latch_injective	a4d8f6f88e78bc5f326ef18bf27a55ac761febe200ddbfe585183070d2a880e9	N	STATEMENT_AUDIT		history_latch_injective is independent of the recorded-event choice in its frozen statement.
Kernel.RecordAxisDiscrimination.latch_core_honest	d21172ff86a26ef51d92c1c2ab66d876a86425b7a472e763461f6cbb9b0ffaaf	G	CLOSED	Kernel.EventGenericAudit.evidence_latch_core_honest	Closed Coq specialization of latch_core_honest at the concrete always-enabled door record latch; reachability and honesty obligations are discharged.
Kernel.RevelationRequirement.RevelationProof.nonlocal_correlation_requires_revelation	0b3941fe74227881bc5b8a5caedacd9d80deab24a5cff933ec68957acf1b1fc7	I	STATEMENT_AUDIT		nonlocal_correlation_requires_revelation concerns an instruction or quantitative counting axis, not the choice of recorded event.
Kernel.ShadowPricing.shadow_cannot_price_exactly	790be0767e883551ca8894d5cdd3bf3eb2cdbb84ca2c23c4c547bcd448607747	G	CLOSED	Kernel.EventGenericAudit.evidence_shadow_cannot_price_exactly	Closed Coq specialization of shadow_cannot_price_exactly at the door-opening non-certification event; required concrete model obligations are discharged.
Kernel.ShadowPricing.shadow_floor_overcharges	d700dcc2e6eb4c9d348c0a4079aff4cd0ea76dceffd871b5e5218273b75163a8	G	PARTIAL	Kernel.EventGenericAudit.evidence_shadow_floor_overcharges	Exact Coq specialization of shadow_floor_overcharges at a non-certification event; the selected blind-window price meeting the event floor remains explicit.
Kernel.ShadowPricing.step_price_is_exact	f03efe74726dd2b51d5e6fc58a583a6fefe400e8b9b53a97ef3bb7e7c49783d1	G	CLOSED	Kernel.EventGenericAudit.evidence_step_price_is_exact	Closed Coq specialization of step_price_is_exact at the door-opening non-certification event; required concrete model obligations are discharged.
Kernel.ShadowPricing.vm_bare_observable_collision	48d01e512f426372548cd21204d78d5e82cd23e902c16418fed0aa1626e7bf37	N	STATEMENT_AUDIT		vm_bare_observable_collision is independent of the recorded-event choice in its frozen statement.
Kernel.ShadowPricing.vm_bare_shadow_cannot_price_exactly	d6ed51d7d47fbcdcac56060556a51ebc43666bfbcdde499fd790dd9ee22e934e	C	STATEMENT_AUDIT		vm_bare_shadow_cannot_price_exactly is tied by its frozen statement to a concrete certification channel or certification-specific VM representation.
Kernel.ShadowPricing.vm_forget_collision	3cffd84c06a5c08aee40a84a77eeff3e612577713b2b488a14477417da594204	N	STATEMENT_AUDIT		vm_forget_collision is independent of the recorded-event choice in its frozen statement.
Kernel.ShadowPricing.vm_forget_shadow_cannot_price_exactly	adef6c456ac09b69a74d2bcd8bf54fccdc4edaef7f9f3a7abeceddad25e73f22	C	STATEMENT_AUDIT		vm_forget_shadow_cannot_price_exactly is tied by its frozen statement to a concrete certification channel or certification-specific VM representation.
Kernel.ShadowPricing.window_showing_reading_has_no_collision	95b452f62828cddbbec614fefbb807f5627b7570c446fbc1b551996dbf53145c	G	CLOSED	Kernel.EventGenericAudit.evidence_window_showing_reading_has_no_collision	Closed Coq specialization of window_showing_reading_has_no_collision at the door-opening non-certification event; required concrete model obligations are discharged.
Kernel.ShadowPricing.window_showing_reading_prices_exactly	c8e132bd642dd9b55d59cf55a99d2a6007c63c96eba9d04ca2ad6f860dd0fa3b	G	CLOSED	Kernel.EventGenericAudit.evidence_window_showing_reading_prices_exactly	Closed Coq specialization of window_showing_reading_prices_exactly at the door-opening non-certification event; required concrete model obligations are discharged.
Kernel.ShadowProjection.probe_preserves_graph_A	f875ec27a370130fb7150d8e8ae2d4cb57461cb0ecd3012d2fc8f7247e59702b	N	STATEMENT_AUDIT		probe_preserves_graph_A is independent of the recorded-event choice in its frozen statement.
Kernel.ShadowProjection.probe_preserves_graph_B	08a9e1c7bd431d358de188674618559f8ddbab47b5e053621f9d274ae79bbfca	N	STATEMENT_AUDIT		probe_preserves_graph_B is independent of the recorded-event choice in its frozen statement.
Kernel.ShadowProjection.shadow_separation_theorem	3f65a51469ebd669c699014b291fc31ec8dcb489d2b8f1675d75f27e7e06166b	N	STATEMENT_AUDIT		shadow_separation_theorem is independent of the recorded-event choice in its frozen statement.
Kernel.ShadowProjection.shadow_strictly_lossy	2491c80726a611e709ec79f044a918c5340e34ac3097c67baee84da35e32b1d7	N	STATEMENT_AUDIT		shadow_strictly_lossy is independent of the recorded-event choice in its frozen statement.
Kernel.SpacetimeEmergence.exec_trace_no_signaling_outside_cone	720a04be1a8918495c5406c49f84622ba86fa8cb9e480ae8d54c2b832e998517	N	STATEMENT_AUDIT		exec_trace_no_signaling_outside_cone is independent of the recorded-event choice in its frozen statement.
Kernel.SpacetimeEmergence.vm_step_next_id_monotone	39aff9cf56dd40e84d194cd0c79f4d567b6300c0dd1293b9ff5d426f5978e79e	N	STATEMENT_AUDIT		vm_step_next_id_monotone is independent of the recorded-event choice in its frozen statement.
Kernel.StateSpaceCounting.StateSpaceCounting.lassert_honest_cost	991c44f18178511a0b72cda08b74d79aac88a71dd58106ba315ab4ae79eb2263	I	STATEMENT_AUDIT		lassert_honest_cost concerns an instruction or quantitative counting axis, not the choice of recorded event.
Kernel.StateSpaceCounting.StateSpaceCounting.lassert_honest_mu_cost	cd99060b18c21c0f9fa7c907b23e39a3da8cddffcc0a6814e168873c2d2a4696	I	STATEMENT_AUDIT		lassert_honest_mu_cost concerns an instruction or quantitative counting axis, not the choice of recorded event.
Kernel.StructuralAdvantageCertifiedShortcut.factored_n1_shortcut_lands_in_representation	07face4552337cbf03878add63816e8572e34c0016c190a3980ed72feeba4480	N	STATEMENT_AUDIT		factored_n1_shortcut_lands_in_representation is independent of the recorded-event choice in its frozen statement.
Kernel.StructuralAxisOrthogonality.structural_axis_invisible_to_classical	fbff639e959564f46b6089f0da07cad9500c715f46234e3fafd5cf2edbcb4dba	N	STATEMENT_AUDIT		structural_axis_invisible_to_classical is independent of the recorded-event choice in its frozen statement.
Kernel.StructuralAxisOrthogonality.structural_shortcut_not_function_of_classical	ff471a70b1c9f884291aaf6324cddc0f64afc33ecdadc0602b75eb99bd807104	N	STATEMENT_AUDIT		structural_shortcut_not_function_of_classical is independent of the recorded-event choice in its frozen statement.
Kernel.StructuralAxisRelativization.axes_mutually_independent	1e045afbe582cf7ae91fcb3583751ecdc2c501c5e5cb60eedf50729191f2c663	N	STATEMENT_AUDIT		axes_mutually_independent is independent of the recorded-event choice in its frozen statement.
Kernel.StructuralAxisRelativization.structural_axis_survives_any_classical_oracle	44d3ec58bcce5bf67fe13efece9d9a3be8c6684f73b6f9f4a519151f2eb7d13f	N	STATEMENT_AUDIT		structural_axis_survives_any_classical_oracle is independent of the recorded-event choice in its frozen statement.
Kernel.StructuralAxisRelativization.structural_axis_survives_halting_oracle	ce144b729877348340aec5690f19a4f78a99ae597377eacc45b60bbfeebcc57d	N	STATEMENT_AUDIT		structural_axis_survives_halting_oracle is independent of the recorded-event choice in its frozen statement.
Kernel.StructuralAxisRelativization.structural_membership_decidable	c48bb1473c7b5e377708ef5b3ee8648809e1497c8e7b2c5c9e1572262128b489	N	STATEMENT_AUDIT		structural_membership_decidable is independent of the recorded-event choice in its frozen statement.
Kernel.StructuralCore.history_core_equiv_thiele	13e2da5d53540f50f86c5e45b227ddc2b747bf83bf4fb220bfb4b02254fd8c36	N	STATEMENT_AUDIT		history_core_equiv_thiele is independent of the recorded-event choice in its frozen statement.
Kernel.StructuralRecordAxis.clock_record_not_driven	e7602137439ae79934f8ddfe74b62b893cdf11cd34a0875fff36fdac7a7d5272	M	STATEMENT_AUDIT		clock_record_not_driven concerns another named model event rather than an arbitrary latchable event.
Kernel.StructuralRecordAxis.toggle_not_latch	e3f7f5e047c0f21c92894e5abae32afea701011b2583025c8faeac14b3209e8f	M	STATEMENT_AUDIT		toggle_not_latch concerns another named model event rather than an arbitrary latchable event.
Kernel.StructuralRecordAxis.uniqueness_round4_holds	9814ab51e35c364ae1679479c1c3bf9ee074d7bb431190b47c50d9b0738a3339	G	CLOSED	Kernel.EventGenericAudit.evidence_uniqueness_round4_holds	Closed Coq specialization of uniqueness_round4_holds at the concrete always-enabled door record latch; reachability and honesty obligations are discharged.
Kernel.StructuralRecordAxis.uniqueness_round4_pair_holds	8f8bad4a42c1cefad532d4570f811396af8a07cd97da6c498540bbc4a49a15b9	G	CLOSED	Kernel.EventGenericAudit.evidence_uniqueness_round4_pair_holds	Closed Coq specialization of uniqueness_round4_pair_holds at the concrete always-enabled door record latch; reachability and honesty obligations are discharged.
Kernel.StructuralScheduleUniqueness.billed_core_equiv_mod_schedule	1c5b68aa31059e9ce14b6164872c71ebb3ee2c6588ae24f7a4e865ad263ab424	C	STATEMENT_AUDIT		billed_core_equiv_mod_schedule is tied by its frozen statement to a concrete certification channel or certification-specific VM representation.
Kernel.StructuralScheduleUniqueness.surcharged_core_equiv_mod_schedule	24fef9de063a5133c2f8bb5ac633c36f69fd83b342c07e7a31cbd3fa6b0ccace	C	STATEMENT_AUDIT		surcharged_core_equiv_mod_schedule is tied by its frozen statement to a concrete certification channel or certification-specific VM representation.
Kernel.StructuralScheduleUniqueness.uniqueness_round3a_refuted	28560eb19e60453f0bb7e27051e09082f4d11a9b78fa139e6044dd41341e4332	M	STATEMENT_AUDIT		uniqueness_round3a_refuted concerns another named model event rather than an arbitrary latchable event.
Kernel.StructuralScheduleUniqueness.uniqueness_round3b_holds	98732063039c485b884cc840e72c095f8ab4045b26f8229e3328c6f807a72d82	C	STATEMENT_AUDIT		uniqueness_round3b_holds is tied by its frozen statement to a concrete certification channel or certification-specific VM representation.
Kernel.StructuralUndecidability.structural_shortcut_undecidable	9872fa4bc0f87d521cc234e3396f8864141ca0763bf38985c96d2bf2d19f339f	N	STATEMENT_AUDIT		structural_shortcut_undecidable is independent of the recorded-event choice in its frozen statement.
Kernel.StructuralUndecidability.vm_structural_shortcut_undecidable	5eb1e79a46b667cd12d14dabbcd9e0ec05415b2a145a4d5efe8d92876fb122c8	N	STATEMENT_AUDIT		vm_structural_shortcut_undecidable is independent of the recorded-event choice in its frozen statement.
Kernel.StructuralUniqueness.billed_core_adequate	0399b8c86eaaf9e1edb80bdf94a99c5f3c714a752e4dbe26a076feca510b9f2a	C	STATEMENT_AUDIT		billed_core_adequate is tied by its frozen statement to a concrete certification channel or certification-specific VM representation.
Kernel.StructuralUniqueness.billed_core_honest_extension	d32342a1f6cdc2469c83803a8d17026557b12a8bb582e08a7dcf7efcd5032a0b	C	STATEMENT_AUDIT		billed_core_honest_extension is tied by its frozen statement to a concrete certification channel or certification-specific VM representation.
Kernel.StructuralUniqueness.uniqueness_round1_refuted	68cfff4492846d4436fb18054b2dfece2c6e656235ce9835755851110926306a	C	STATEMENT_AUDIT		uniqueness_round1_refuted is tied by its frozen statement to a concrete certification channel or certification-specific VM representation.
Kernel.StructuralUniqueness.uniqueness_round2_refuted	110a056649494d894d3366a3a821f86fd423cb805a576f907cf0f647ce54fcc7	C	STATEMENT_AUDIT		uniqueness_round2_refuted is tied by its frozen statement to a concrete certification channel or certification-specific VM representation.
Kernel.TEEAttestation.attestation_cannot_factor_through_bare_transcript	97ea9688363400d8344c174eb8e59d0e55ee306994f34d5115a78ee66ca9e480	M	STATEMENT_AUDIT		attestation_cannot_factor_through_bare_transcript concerns another named model event rather than an arbitrary latchable event.
Kernel.TEEAttestation.measurement_enriched_attestation_succeeds	89cf0dcc6ae2f6b277902f94daaa69cc6a36e9fd7194fe094ffffc677e23e562	M	STATEMENT_AUDIT		measurement_enriched_attestation_succeeds concerns another named model event rather than an arbitrary latchable event.
Kernel.TEEAttestation.replay_is_a_two_preimage_witness	7e88b2c681694e3303bda73fc040cde96e4045ab55a3a470428c8f7b0c8b0af4	M	STATEMENT_AUDIT		replay_is_a_two_preimage_witness concerns another named model event rather than an arbitrary latchable event.
Kernel.TPMQuoteGap.quote_cannot_attest_unmeasured_state	32230eb718048790c329b85693e968d0f8981eeb3aeb3fd63a0bbc22e1b20d06	M	STATEMENT_AUDIT		quote_cannot_attest_unmeasured_state concerns another named model event rather than an arbitrary latchable event.
Kernel.TPMQuoteGap.quote_projection_faithful	3e193c2c19614de8a243030bddecfc4b42c205b0203de24ef5ded59c299afc58	M	STATEMENT_AUDIT		quote_projection_faithful concerns another named model event rather than an arbitrary latchable event.
Kernel.TPMQuoteGap.quote_runtime_verifier_separation	7793ccd9319d0d68249ccaf3c52f5564e8e0ee8cfb5a5ab72adfcd47dffb378a	M	STATEMENT_AUDIT		quote_runtime_verifier_separation concerns another named model event rather than an arbitrary latchable event.
Kernel.ThermodynamicStructuralAdvantage.byte_inspector_must_read_every_byte	822b5135baec6361c831ffe0ca4a92fa19731cf3d25dac34b245b0d959fc790a	M	STATEMENT_AUDIT		byte_inspector_must_read_every_byte concerns another named model event rather than an arbitrary latchable event.
Kernel.ThieleInitiality.thiele_morphism_unique_on_reachable	dbf6b54ed5c9095fb329e7ee8376439ec8ecdfdfc0bbbb11960fb6e74ca57e3d	N	STATEMENT_AUDIT		thiele_morphism_unique_on_reachable is independent of the recorded-event choice in its frozen statement.
Kernel.ThieleInitiality.thiele_trace_fold_initial	5c133d7a884f94b6753abf5f274304ade6dda7d7ec90a03bd22995516d80986c	N	STATEMENT_AUDIT		thiele_trace_fold_initial is independent of the recorded-event choice in its frozen statement.
Kernel.TraceStateDescent.certification_agreement_does_not_imply_descent	173e63e89b49583e39c43534d4f0331e8ada622be6900efe94c4b87595f6663b	C	STATEMENT_AUDIT		certification_agreement_does_not_imply_descent is tied by its frozen statement to a concrete certification channel or certification-specific VM representation.
Kernel.TraceStateDescent.reachable_simulation_exists_iff	6b9a750ed048da969af992e83e868c0d1e877c30862cd9edd5179bbad295ca6a	C	STATEMENT_AUDIT		reachable_simulation_exists_iff is tied by its frozen statement to a concrete certification channel or certification-specific VM representation.
Kernel.TraceStateDescent.reachable_simulation_unique	76bdc75bccba8235f31c57b99e8979c5f287b8dbb9a5f250660617c98b521958	C	STATEMENT_AUDIT		reachable_simulation_unique is tied by its frozen statement to a concrete certification channel or certification-specific VM representation.
Kernel.TraceStateDescent.trace_descent_unique_value_iff	a922bf95072d7c2178bbe3d2a6db24f49c5f5db8f17d51192911319c13092ee2	N	STATEMENT_AUDIT		trace_descent_unique_value_iff is independent of the recorded-event choice in its frozen statement.
Kernel.TransparencyLog.abstract_bare_verifier_impossible	9a6f17e6020ee751245bc0075f7f3bb8c7c4506abb5bc62cfb0e902937e293b0	M	STATEMENT_AUDIT		abstract_bare_verifier_impossible concerns another named model event rather than an arbitrary latchable event.
Kernel.TransparencyLog.abstract_log_bit_verifier	a76b899e502eb64e9d82f74def00da9cc89eb28acd848a5e808ff3c65d5c8eaa	M	STATEMENT_AUDIT		abstract_log_bit_verifier concerns another named model event rather than an arbitrary latchable event.
Kernel.TransparencyLog.abstract_mu_collision_witness	416a82c0ec628d7a29cb9427ba119dea1d1ce9f9a974de331d6702fe34ed1395	M	STATEMENT_AUDIT		abstract_mu_collision_witness concerns another named model event rather than an arbitrary latchable event.
Kernel.TsirelsonGeneral.cauchy_schwarz_chsh	276e43b803c491e097ef2e231a71896511057d2c1ec351aba876d101c78042c9	N	STATEMENT_AUDIT		cauchy_schwarz_chsh is independent of the recorded-event choice in its frozen statement.
Kernel.TsirelsonGeneral.tsirelson_from_row_bounds	6257e1bb7164618ee6552a85615bac786b396a317af943eb5e85c97335402894	N	STATEMENT_AUDIT		tsirelson_from_row_bounds is independent of the recorded-event choice in its frozen statement.
Kernel.TuringClassicalEmbedding.D2_classical_shadow_preserved	9eff9b4904753bf43e6e073f8fe3ca8e92ec1eea8a923f8ab65a3b84a5594951	N	STATEMENT_AUDIT		D2_classical_shadow_preserved is independent of the recorded-event choice in its frozen statement.
Kernel.TuringClassicalEmbedding.D2_faithfulness	99c0000c3e3ab48ad6c0401d47545704029290acdb4cf2ebb7e2ae1d4b7fa2a9	N	STATEMENT_AUDIT		D2_faithfulness is independent of the recorded-event choice in its frozen statement.
Kernel.TuringClassicalEmbedding.degenerate_projection_theorem	04400e0232a09c5ce4819b198ed7191cc7e8107b3a50232568d996d13965576a	N	STATEMENT_AUDIT		degenerate_projection_theorem is independent of the recorded-event choice in its frozen statement.
Kernel.TuringClassicalEmbedding.shadow_proj_kernel_is_eq_on_classical_shadow	122d8557a27f187b9ecd1b9a758b8be8b0181dc0bb9e9f75f7ea378c3de25725	N	STATEMENT_AUDIT		shadow_proj_kernel_is_eq_on_classical_shadow is independent of the recorded-event choice in its frozen statement.
Kernel.TuringStrictness.D4_strictness	d7a0722484322cfca622e107aafef0d84a7b0b96db293aa86e3a9f5f176365b8	N	STATEMENT_AUDIT		D4_strictness is independent of the recorded-event choice in its frozen statement.
Kernel.TuringStrictness.D5_thiele_strictly_extends_classical	a9fcbf558659f7ec030bad1c5ed330c72b221cc525a8850aa6ec274830ad5636	N	STATEMENT_AUDIT		D5_thiele_strictly_extends_classical is independent of the recorded-event choice in its frozen statement.
Kernel.Unitarity.ball_trace_contract_from_premises	c04d5f807d0989b9e8294aeed8a865651595e0bee01b7e8975408cb31ac7cd74	N	STATEMENT_AUDIT		ball_trace_contract_from_premises is independent of the recorded-event choice in its frozen statement.
Kernel.Unitarity.lindblad_requires_mu	f767298b60a72aecb0e51d9eded709ce2b9cc3bcaa0cfd85be35b8454928e2f1	N	STATEMENT_AUDIT		lindblad_requires_mu is independent of the recorded-event choice in its frozen statement.
Kernel.Unitarity.nonunitary_requires_mu	5ecccd299e58631e41bc818056a4cf1a72c040e35df4a69c1afc9ddf2160d388	N	STATEMENT_AUDIT		nonunitary_requires_mu is independent of the recorded-event choice in its frozen statement.
Kernel.Unitarity.zero_cost_preserves_purity	a7a07927fc8da08543b5b84976b4ecf4b2ef6e6a6e5105c4ad88a8689c3e028a	N	STATEMENT_AUDIT		zero_cost_preserves_purity is independent of the recorded-event choice in its frozen statement.
Kernel.Unitarity.zero_cost_preserves_radius	0bf6ce0c1591f7d6a1c6a19a0274c197ed09a4e2339007559ce1855863f58abc	N	STATEMENT_AUDIT		zero_cost_preserves_radius is independent of the recorded-event choice in its frozen statement.
Kernel.UniversalCertificationCost.thiele_morphism_exists	1228b8e32bce4a44e123b87bb2585bd318f1095e9940ff828efab8586e4ed98a	N	STATEMENT_AUDIT		thiele_morphism_exists is independent of the recorded-event choice in its frozen statement.
Kernel.UniversalCertificationCost.thiele_morphism_unique_on_traces	3aefda30711fb033ccec55a7aef58b01c5bfbfcf6f16676205f51d62632c2efc	N	STATEMENT_AUDIT		thiele_morphism_unique_on_traces is independent of the recorded-event choice in its frozen statement.
Kernel.UniversalCertificationCost.thiele_represents_simulating_cert_system	5b61ae80e4c4f3fdd53b4e64f5390c80ef10fab51d5c925d63f2b74063e490ca	C	STATEMENT_AUDIT		thiele_represents_simulating_cert_system is tied by its frozen statement to a concrete certification channel or certification-specific VM representation.
Kernel.UniversalCertificationCost.thiele_universal_nfi_cert_addr	08f354586a354e6bad07a50257ea364f49cb016bce9ec2a98c68fa8ad0ac4f34	C	STATEMENT_AUDIT		thiele_universal_nfi_cert_addr is tied by its frozen statement to a concrete certification channel or certification-specific VM representation.
Kernel.UniversalCertificationCost.thiele_universal_nfi_certified	8a4e9105d9974781f46e209e53f2ba2647a94e65f20839e14677843e31b099a8	C	STATEMENT_AUDIT		thiele_universal_nfi_certified is tied by its frozen statement to a concrete certification channel or certification-specific VM representation.
Kernel.UniversalCertificationCost.universal_nfi_any_substrate	22f44359fa524fe97123f384f21343fe8aec256430350aceb5a0707060d7c5d0	G	CLOSED	Kernel.EventGenericAudit.evidence_universal_nfi_any_substrate	Closed Coq specialization of universal_nfi_any_substrate at the door-opening non-certification event; required concrete model obligations are discharged.
Kernel.VMBoundedDecidability.vm_bounded_decider_flip_not_representable	a6bef3afd238f2aece9d74c482851629a2cd021d0ad806a08240dd9d102f04b0	N	STATEMENT_AUDIT		vm_bounded_decider_flip_not_representable is independent of the recorded-event choice in its frozen statement.
Kernel.VMBoundedDecidability.vm_bounded_shortcut_decide_correct	f185d8def7d3ad42538f88de9dfee8b86473e9ba1afb2ee9d2538086c23e6abc	N	STATEMENT_AUDIT		vm_bounded_shortcut_decide_correct is independent of the recorded-event choice in its frozen statement.
Kernel.VMEncodedInputAccess.no_logic_acc_encoded_interpreter	dc7dcee6e2d6136c4b0230e30f1372af772fd81cc34ba242f98c1f28851aec1f	N	STATEMENT_AUDIT		no_logic_acc_encoded_interpreter is independent of the recorded-event choice in its frozen statement.
Kernel.VMEncodedInputAccess.run_vm_logic_acc_commutes	6f375f79b73cd262b698861030d88cdf1fb9bf91ceacb1f844ff65d84825663e	N	STATEMENT_AUDIT		run_vm_logic_acc_commutes is independent of the recorded-event choice in its frozen statement.
Kernel.VMEncodedInputAccess.vm_apply_logic_acc_commutes	94931147635d5603aa553397a955cdaba17055e78b270898f140af02a077057d	N	STATEMENT_AUDIT		vm_apply_logic_acc_commutes is independent of the recorded-event choice in its frozen statement.
Kernel.VMInstructionEncoding.nat_to_program_program_to_nat	023983faa11bd899ed70d3fdbd1bc5c4cdd21d81c8572d0cea3f3cd04f50bf30	N	STATEMENT_AUDIT		nat_to_program_program_to_nat is independent of the recorded-event choice in its frozen statement.
Kernel.VMSelfGuest.g_step_is_vm_apply_u	55676e596e8065879c009016ec4d572bb767d21baa1a4a21226bf6c3f6c2d023	N	STATEMENT_AUDIT		g_step_is_vm_apply_u is independent of the recorded-event choice in its frozen statement.
Kernel.VMSelfGuest.g_width_fits	484cc0b018bdfc381a55609a617803cc8f0093713c9dec07e38de7d41d4d8fd0	N	STATEMENT_AUDIT		g_width_fits is independent of the recorded-event choice in its frozen statement.
Kernel.VMSelfRiceUndec.g_decides_decidable	998c99292b7a77cb431472dbd9f1ced8b8f4d2766bfbfd76f88ca10791bc47fe	N	STATEMENT_AUDIT		g_decides_decidable is independent of the recorded-event choice in its frozen statement.
Kernel.VMSelfRiceUndec.self_rice	6fa34e6fd79d9fe6c263b28dd4b4dbde29a1349856371e148735a683bf839dcd	N	STATEMENT_AUDIT		self_rice is independent of the recorded-event choice in its frozen statement.
Kernel.VMSelfRiceUndec.self_rice_representable	63bd3326c7659a8545abcbbd2d164c0f02963943e8bd5cb5991265565048a180	N	STATEMENT_AUDIT		self_rice_representable is independent of the recorded-event choice in its frozen statement.
Kernel.VMSelfRun.self_interpreter_complete	5f530a2d106e1f59ba22585c121b177b1015bc8dfcc538288702bb7aa3fa186b	N	STATEMENT_AUDIT		self_interpreter_complete is independent of the recorded-event choice in its frozen statement.
Kernel.VMSelfRun.self_interpreter_correct	7a72d8388065f2812ea85d49e9e3264a425ceca3b8f7f5c22c14555f37e172e3	N	STATEMENT_AUDIT		self_interpreter_correct is independent of the recorded-event choice in its frozen statement.
Kernel.VMSelfRun.self_interpreter_divergence	60c65015fd161f5fb4e1c0b65a40d4cdc20e7a1e3f27c7d2ccae30b1f86dbd0d	N	STATEMENT_AUDIT		self_interpreter_divergence is independent of the recorded-event choice in its frozen statement.
Kernel.VMSelfRun.self_interpreter_malformed	a6f0f3501062faae85da75668b2ee883995411c9e755adcf47377bfd39335d45	N	STATEMENT_AUDIT		self_interpreter_malformed is independent of the recorded-event choice in its frozen statement.
Kernel.VMSelfRun.self_interpreter_sound	0d62cb8445c30f5e6af2574178a7410fde1507a0b9d68b649673e39fd2fb9ec8	N	STATEMENT_AUDIT		self_interpreter_sound is independent of the recorded-event choice in its frozen statement.
Kernel.VMState.graph_certify_morphism_lookup	144192edf3794124a3089f5dc1a32e92c885f2468e996b8df621ed9a3a4390b7	N	STATEMENT_AUDIT		graph_certify_morphism_lookup is independent of the recorded-event choice in its frozen statement.
Kernel.VMSubstrateEncoded.vm_structural_shortcut_undecidable_encoded	732a5d97b3be41a18b557fb5b0189ebe2b10874167b297a445cd232fe623abcd	N	STATEMENT_AUDIT		vm_structural_shortcut_undecidable_encoded is independent of the recorded-event choice in its frozen statement.
Kernel.VMUnboundedCM2Bridge.mm2_halting_host_iff	4c67b17796c8c0c48719d090c8b3aeb8e455a30d064213ee3fdddb7ab71a165f	N	STATEMENT_AUDIT		mm2_halting_host_iff is independent of the recorded-event choice in its frozen statement.
Kernel.VMUnboundedCM2Bridge.mm2_termination_guest_iff	d07b595b3085fd19ddb0fc80dc38f58b72e32a8984736a64e187a25b65fbd005	N	STATEMENT_AUDIT		mm2_termination_guest_iff is independent of the recorded-event choice in its frozen statement.
Kernel.VMUnboundedCM2Correctness.cm2_uniform_interpreter_divergence_total	84de5e5c4315773eb623be689774f3fb0c5e44706b9095d128af549b196776c1	N	STATEMENT_AUDIT		cm2_uniform_interpreter_divergence_total is independent of the recorded-event choice in its frozen statement.
Kernel.VMUnboundedCM2Correctness.cm2_uniform_interpreter_raw_correct_total	fe344f1448c7387ed321765aa3ff1a81a74a6f95f1e0019e8cd9ea9486406cf0	N	STATEMENT_AUDIT		cm2_uniform_interpreter_raw_correct_total is independent of the recorded-event choice in its frozen statement.
Kernel.VMUnboundedCM2Correctness.cm2_uniform_interpreter_raw_never_malformed	73e50141138c9fa5b2037a20b7fecc404e98d929d33e4389c1ff8f39c167c38f	N	STATEMENT_AUDIT		cm2_uniform_interpreter_raw_never_malformed is independent of the recorded-event choice in its frozen statement.
Kernel.VMUnboundedCM2Correctness.cm2_uniform_interpreter_simulation_total	2cfc77420b331f4926e9e72328ea8fa05fd1b98a06d30d1fff90d3adae12ab6f	N	STATEMENT_AUDIT		cm2_uniform_interpreter_simulation_total is independent of the recorded-event choice in its frozen statement.
Kernel.VMUnboundedCM2Limitative.actual_unbounded_host_synthetic_undecidability	cfe730b92b9331cc163f37edb832ef7088b1748b600e238633188c8158323915	N	STATEMENT_AUDIT		actual_unbounded_host_synthetic_undecidability is independent of the recorded-event choice in its frozen statement.
Kernel.VMUnboundedExec.vm_halts_at_deterministic	74abb628f3569df0d72ec4b84bea6053981404058ce3fa586936f7bf3f794c83	N	STATEMENT_AUDIT		vm_halts_at_deterministic is independent of the recorded-event choice in its frozen statement.
Kernel.VMWord64BoundednessObstruction.state_64bit_bounded_step	095198a43a10157eebad7b67da074b45eed3988846c152c564cf3b51a70a4372	N	STATEMENT_AUDIT		state_64bit_bounded_step is independent of the recorded-event choice in its frozen statement.
Kernel.VerificationCostSeparation.free_world_honesty_verifier_must_inspect_every_cert_position	74a7a9785c06febaab7a091ed5f8156475e372656b742245b4c0924d0a8b22a0	M	STATEMENT_AUDIT		free_world_honesty_verifier_must_inspect_every_cert_position concerns another named model event rather than an arbitrary latchable event.
Kernel.VerificationCostSeparation.thiele_honesty_O_1_witness	5f688ff78a258c9a43122a778642acf62cdff47c9317575285be405789224549	M	STATEMENT_AUDIT		thiele_honesty_O_1_witness concerns another named model event rather than an arbitrary latchable event.
Kernel.VerificationCostSeparation.verification_cost_gap_omega_T	f4e77bf6bd3ed7ad433d4453d35045bf066224dcd98eac32f397f8001e6704ac	M	STATEMENT_AUDIT		verification_cost_gap_omega_T concerns another named model event rather than an arbitrary latchable event.
Kernel.WitnessInsightGeneral.certified_witness_insight_nonfree	6f536c357ddd7d82683d2ee73d3f0c7a8afa884fe23af0a122c8ace20384f823	C	STATEMENT_AUDIT		certified_witness_insight_nonfree is tied by its frozen statement to a concrete certification channel or certification-specific VM representation.
Kernel.WitnessInsightGeneral.chsh_trial_is_tier0	67b0e85b48baa2ac09b70f98eca96137d9b77aa7075db8d16b25aa63ae332aae	I	STATEMENT_AUDIT		chsh_trial_is_tier0 concerns an instruction or quantitative counting axis, not the choice of recorded event.
Kernel.WitnessInsightGeneral.chsh_trial_preserves_cert_addr	7307d36ec4057e4a31c489a4b595dbe789fdf7c97eda537fdf29490af1e84c1b	I	STATEMENT_AUDIT		chsh_trial_preserves_cert_addr concerns an instruction or quantitative counting axis, not the choice of recorded event.
Kernel.WitnessInsightGeneral.chsh_trial_preserves_vm_certified	94d62ae63b28d7267d9fc44d5373d712aeb39a8d244da781bc10c7a77900dd26	I	STATEMENT_AUDIT		chsh_trial_preserves_vm_certified concerns an instruction or quantitative counting axis, not the choice of recorded event.
Kernel.WitnessInsightGeneral.no_free_certification_certified_trace_mu	b11d6ed52c1cb508f47cb456449c55bdf9bd3eb5d24784d20034012ce1dbde1b	C	STATEMENT_AUDIT		no_free_certification_certified_trace_mu is tied by its frozen statement to a concrete certification channel or certification-specific VM representation.
Kernel.WitnessInsightGeneral.nonlocal_witness_insight_nonfree	0229e4a31afa8349523d447c5cef87fd355b1e95d59bfec0411d8931f34b48d6	C	STATEMENT_AUDIT		nonlocal_witness_insight_nonfree is tied by its frozen statement to a concrete certification channel or certification-specific VM representation.
Kernel.WitnessInsightGeneral.witness_insight_complete_taxonomy	2a6f0b6cd9de4e28b3a9adbde01466e031b3f2732ab48c46d75d1e0f06e6989d	I	STATEMENT_AUDIT		witness_insight_complete_taxonomy concerns an instruction or quantitative counting axis, not the choice of recorded event.
Kernel.WitnessInsightGeneral.witness_insight_nonfree_general	088ef331a378b338ad8c4b0932394486c19a0b9919fc2819cf67d5baa81084c6	C	STATEMENT_AUDIT		witness_insight_nonfree_general is tied by its frozen statement to a concrete certification channel or certification-specific VM representation.
Kernel.WitnessPreservationImpossibility.no_classical_certification_decider	36d8874449bdd9bb24b551b42a08f1ffc102e80f1496d7d76e7ead257cd17ec0	C	STATEMENT_AUDIT		no_classical_certification_decider is tied by its frozen statement to a concrete certification channel or certification-specific VM representation.
NecessityOfMuLedger.mu_ledger_necessity	25c10ec07a29de09fd3d95c1d67a5b37b4b1a19e919826dd825db011da949db5	C	STATEMENT_AUDIT		mu_ledger_necessity is tied by its frozen statement to a concrete certification channel or certification-specific VM representation.
NecessityOfMuLedger.mu_ledger_necessity_universal	3aac717fb7873c35fc089e9049be09bf3c11580289c7469634e3d83938e1e45d	C	STATEMENT_AUDIT		mu_ledger_necessity_universal is tied by its frozen statement to a concrete certification channel or certification-specific VM representation.
NecessityOfMuLedger.po1_trace_necessity	df8709e1701d9af3ab45a3c6316d1c99ac8f335e1f407e7408c6b387caf45788	I	STATEMENT_AUDIT		po1_trace_necessity concerns an instruction or quantitative counting axis, not the choice of recorded event.
NecessityOfMuLedger.shadow_mu_delta_universal	c428f7e2e1e4b3a54f2df3594a5038d1f70dc84ef961e4da744845e67a704ac0	N	STATEMENT_AUDIT		shadow_mu_delta_universal is independent of the recorded-event choice in its frozen statement.
NecessityOfMuLedger.shadow_mu_inevitable	33886fc7636b5ae081cc5bc493caef6fd70a72a435d57ccaaed79cdeb7480225	N	STATEMENT_AUDIT		shadow_mu_inevitable is independent of the recorded-event choice in its frozen statement.
NecessityOfMuLedger.shadow_mu_is_computation_intrinsic	6e9699ac8ad507e4005d44bf230d87bea53703f570b020c2b5fdb1106cdc54f8	N	STATEMENT_AUDIT		shadow_mu_is_computation_intrinsic is independent of the recorded-event choice in its frozen statement.
NecessityOfMuLedger.shadow_mu_unique_accounting	82cd5fcb6682302c5a0582c91d4fc07bc1b68e4705a22e8494caa011aa306e73	N	STATEMENT_AUDIT		shadow_mu_unique_accounting is independent of the recorded-event choice in its frozen statement.
NecessityOfMuLedger.vm_apply_certify_strict_shadow	1d0744eb07a6204978dae6aed627a3d20c6f2f71471dd758eb086be0b401bc19	I	STATEMENT_AUDIT		vm_apply_certify_strict_shadow concerns an instruction or quantitative counting axis, not the choice of recorded event.
NecessityOfMuLedger.vm_apply_pnew_strict_shadow	6d8251d6686b1140bedc222ce3b04b983d0769395716ca3be36e57709e488dc4	I	STATEMENT_AUDIT		vm_apply_pnew_strict_shadow concerns an instruction or quantitative counting axis, not the choice of recorded event.
NecessityOfMuLedger.vm_certified_not_classically_determined	d517387d22375ab98edf8512ed8b2b3cae7af1c591d8c5ff7841c15547c3d957	C	STATEMENT_AUDIT		vm_certified_not_classically_determined is tied by its frozen statement to a concrete certification channel or certification-specific VM representation.
NecessityOfMuLedger.vm_mu_not_classically_determined	e437afdee3f132b6e0031819e9a9fedb9d41e7129fc256b69f21021aa005b854	N	STATEMENT_AUDIT		vm_mu_not_classically_determined is independent of the recorded-event choice in its frozen statement.
NoFI.Instance_Kernel.KernelNoFI.Certified_spec	3a333410a491e65bff6180eb9c59fca0912b5ca2fbda54d3044fbba26cc0e40d	C	STATEMENT_AUDIT		Certified_spec is tied by its frozen statement to a concrete certification channel or certification-specific VM representation.
NoFI.Instance_Kernel.KernelNoFI.trace_run_mu_monotone	ed57665163a115d5ffc57c0923733799b9596cc6102475e03fa4abaf629b9f77	N	STATEMENT_AUDIT		trace_run_mu_monotone is independent of the recorded-event choice in its frozen statement.
NoFI.MuChaitinTheory_Theorem.MuChaitinTheory.mu_info_nat_le_from_mu_budget	0727252b9919ec359538b2e4996a4a75deda1bc4c70d55cbcd8a445b4bb0c8d2	N	STATEMENT_AUDIT	Kernel.EventGenericAudit.EmptyMuChaitinAudit.evidence_mu_info_nat_le_from_mu_budget	Statement-level N classification for mu_info_nat_le_from_mu_budget; a functor wrapper makes the proof identity explicit, but its global cert_priced policy remains a module parameter and is refuted by current_schedule_not_globally_cert_priced for the current VM schedule.
NoFI.MuChaitinTheory_Theorem.MuChaitinTheory.proves_bits_bounded_by_description	fb01e5fc2c947586a8bde57199a4215fd5c5f0cc9c9b097f5e98b7b22c418eae	I	STATEMENT_AUDIT	Kernel.EventGenericAudit.EmptyMuChaitinAudit.evidence_proves_bits_bounded_by_description	Statement-level I classification for proves_bits_bounded_by_description; a functor wrapper makes the proof identity explicit, but its global cert_priced policy remains a module parameter and is refuted by current_schedule_not_globally_cert_priced for the current VM schedule.
NoFI.MuChaitinTheory_Theorem.MuChaitinTheory.supra_cert_run_implies_paid_payload	6277d251a6849f7c9295885fadea306d6acad4cb82b865bad081a6b6a1520e02	I	STATEMENT_AUDIT	Kernel.EventGenericAudit.EmptyMuChaitinAudit.evidence_supra_cert_run_implies_paid_payload	Statement-level I classification for supra_cert_run_implies_paid_payload; a functor wrapper makes the proof identity explicit, but its global cert_priced policy remains a module parameter and is refuted by current_schedule_not_globally_cert_priced for the current VM schedule.
NoFI.NoFreeInsight_Theorem.NoFreeInsight.no_free_insight	a24fb7a28b6ecb8e42e338cc9ee3a27394f60c3300f2cb796be223aa93d3dc53	G	CLOSED	Kernel.EventGenericAudit.evidence_no_free_insight	Closed DoorNoFreeInsight functor instance for the door-opening structure event; its contract is discharged in Coq and remains definitionally transparent for the hollowness audit.
Physics.DiscreteModel.pair_update_involutive	17d3b74be095f187002eabe9214db041d89f863d1ca33c68e31b7d0cb523772d	N	STATEMENT_AUDIT		pair_update_involutive is independent of the recorded-event choice in its frozen statement.
Physics.DiscreteModel.particle_count_cons	93fadad0e5ad6fbb87678dc2da99f6595cac94f99dec8e0fcd33ad9a3368459e	N	STATEMENT_AUDIT		particle_count_cons is independent of the recorded-event choice in its frozen statement.
Physics.DiscreteModel.particle_count_swap	e93f35b752eb0cdc1df010d83f2de95cc08300b786401b79e3e638a5ac06f88d	N	STATEMENT_AUDIT		particle_count_swap is independent of the recorded-event choice in its frozen statement.
Physics.DissipativeModel.dissipative_energy_nonincreasing	126123a12f9e9c0cbf9a5c78507f6adcade047150fe202fe8d6630a0969045ad	N	STATEMENT_AUDIT		dissipative_energy_nonincreasing is independent of the recorded-event choice in its frozen statement.
Physics.DissipativeModel.dissipative_energy_strict_when_hot	41e4fc51b3150014330f6d01eb5718858fa13d7cfa1a9bcd2876770620fac826	N	STATEMENT_AUDIT		dissipative_energy_strict_when_hot is independent of the recorded-event choice in its frozen statement.
Physics.DissipativeModel.dissipative_step_energy_zero	ba7d557d1f2de91c84c4c20df358ee570dd6ee61a117949f3854a60bd9eb5783	N	STATEMENT_AUDIT		dissipative_step_energy_zero is independent of the recorded-event choice in its frozen statement.
Physics.PreregSplit.PreregSplit.split_tail_app	ee031c5695677cefdfd6d8544f8a83dd1bfc265014334ec74b188f3efdb46e99	N	STATEMENT_AUDIT		split_tail_app is independent of the recorded-event choice in its frozen statement.
Physics.PreregSplit.PreregSplit.split_tail_lengths	828126b2f7caf0500ca204399c264006d989122b34f8c3a70633d08d18d12eea	N	STATEMENT_AUDIT		split_tail_lengths is independent of the recorded-event choice in its frozen statement.
Physics.PreregSplit.PreregSplit.split_tail_test_length_exact	a06103923d7fe85e102b83b8db25a20ffe68b51c0100f7893bfeabb3e88b05a5	N	STATEMENT_AUDIT		split_tail_test_length_exact is independent of the recorded-event choice in its frozen statement.
Physics.TriangularLattice.coord_of_id_in_bounds	b820bbf9612254e2060f375177bf280b03317cb72805cb639cdf0a4d42e69274	N	STATEMENT_AUDIT		coord_of_id_in_bounds is independent of the recorded-event choice in its frozen statement.
Physics.TriangularLattice.coord_of_id_lattice_id	c6ac583d957228afd31506988ee730dff86b25b0aca91835b0d43ea1ead45458	N	STATEMENT_AUDIT		coord_of_id_lattice_id is independent of the recorded-event choice in its frozen statement.
Physics.TriangularLattice.lattice_id_coord_of_id	ecaa14a7adc33f60972b65fac213567ed0cce05fdcbcf2748717f633e1dc1a98	N	STATEMENT_AUDIT		lattice_id_coord_of_id is independent of the recorded-event choice in its frozen statement.
Physics.WaveModel.map2_length	6a39cadeb2f1f2533755c74a83eb0dddf101b67c0e0709eb1d67f6d4951ac896	N	STATEMENT_AUDIT		map2_length is independent of the recorded-event choice in its frozen statement.
Physics.WaveModel.rotate_left_length	92cc1580cbbacc01091e33e085ac2fc0af4925325ea11bf09ecee66ef93a6896	N	STATEMENT_AUDIT		rotate_left_length is independent of the recorded-event choice in its frozen statement.
Physics.WaveModel.sum_list_app	b64f22c95665d4535a6bb366abe0a49ca9e3dc88f6e2dc4cfecfdb4108004b3d	N	STATEMENT_AUDIT		sum_list_app is independent of the recorded-event choice in its frozen statement.
PhysicsConditionalClosure.master_tsirelson_conditional	921808c3f6c410fe58c456c554502370ca3c94bce6d1a6da7b713d8f0fc5f3b6	N	STATEMENT_AUDIT		master_tsirelson_conditional is independent of the recorded-event choice in its frozen statement.
ReceiptTheorem.ReceiptTheorem	1bc66e6f15dc0f2bc2bfb3bbc542a815d8a076ef03d472fc4b392d94c397421c	N	STATEMENT_AUDIT		ReceiptTheorem is independent of the recorded-event choice in its frozen statement.
Spacetime.Spacetime.spacetime_is_self_referential	7c5e166d902cb4b851b31bfbafc88317d6a22134a13b9a7b42fd79dbb8ba9977	N	STATEMENT_AUDIT		spacetime_is_self_referential is independent of the recorded-event choice in its frozen statement.
Spacetime.Spacetime.spacetime_meta_properties	608391efa53246b87d0064c366130fb6477f309780f3280ee3c744b71a853bb2	N	STATEMENT_AUDIT		spacetime_meta_properties is independent of the recorded-event choice in its frozen statement.
Spacetime.Spacetime.spacetime_requires_metalevel	272e573359b3f782effe69497f0fd66e65b3efbd663bd634026957c8db229870	N	STATEMENT_AUDIT		spacetime_requires_metalevel is independent of the recorded-event choice in its frozen statement.
Tests.ClaimBoundaryRegression.full_vm_f1_premises_incompatible	a41aa43150660759bddeec425e82074a7786524bb0cba1fc88fd65fd7e3732d5	N	STATEMENT_AUDIT		full_vm_f1_premises_incompatible is independent of the recorded-event choice in its frozen statement.
Tests.ClaimBoundaryRegression.receipt_encoding_roundtrip	c1f0d09b705f221bba04f8c0f1043c8079fc48f1e87118edccc86d9c909db466	N	STATEMENT_AUDIT		receipt_encoding_roundtrip is independent of the recorded-event choice in its frozen statement.
Tests.TestNecessity.w_decreasing_empty_FAILS	8fbe116d1dc57b9006843f79044926b4bd6fa1ad05f20472c87b2c76b336cff0	N	STATEMENT_AUDIT		w_decreasing_empty_FAILS is independent of the recorded-event choice in its frozen statement.
Tests.TestNecessity.w_privileged_empty	5a1a801959c17c2a8492f0f5efe858408f062c61c4c2cbcaaf8063c908a69cee	N	STATEMENT_AUDIT		w_privileged_empty is independent of the recorded-event choice in its frozen statement.
Tests.TestNecessity.w_privileged_sequential_REALLY_FAILS	65bac3360392ba03bfa5a3f37b1c96ff41b7791a9adff3d44df7376ee644d781	N	STATEMENT_AUDIT		w_privileged_sequential_REALLY_FAILS is independent of the recorded-event choice in its frozen statement.
Thermodynamic.LandauerDerived.erasure_additive	ab4d2de55e0bf107c068d427fa96a78ccd4a46c3cb9487c9d63ebfbafed444d3	M	STATEMENT_AUDIT		erasure_additive concerns another named model event rather than an arbitrary latchable event.
Thermodynamic.LandauerDerived.erasure_decreases_entropy	88a4904a65270861c81d5865accefcdaf66aef56b466878e1e24b360be299a18	M	STATEMENT_AUDIT		erasure_decreases_entropy concerns another named model event rather than an arbitrary latchable event.
Thermodynamic.LandauerDerived.erasure_irreversible	eac1795ec4d74bf4a95adeb86c8a2fe049f0f3c4dd0065a2fe4331a842ee81ba	M	STATEMENT_AUDIT		erasure_irreversible concerns another named model event rather than an arbitrary latchable event.
Thermodynamic.LandauerDerived.fan_in_pos	ec65fefdd9a834130df4da9560dd90997e5996ad4f85fa83b5593dc9085df049	N	STATEMENT_AUDIT		fan_in_pos is independent of the recorded-event choice in its frozen statement.
Thermodynamic.LandauerDerived.landauer_information_bound	781dc69e4f287028f6694659b6d13c63153f2c6e4347241bca0fe4977274abfb	M	STATEMENT_AUDIT		landauer_information_bound concerns another named model event rather than an arbitrary latchable event.
Thermodynamic.LandauerDerived.num_states_pos	6e9ca7b1d101a34b58bd8a8bd98570b860b8d73c4483da5a7f57cf6673fdf55c	N	STATEMENT_AUDIT		num_states_pos is independent of the recorded-event choice in its frozen statement.
Thermodynamic.ThermodynamicBridge.mu_additive	e34725267a3c07189dbc9b81e90cbd90a1b003ffd42cabc4e0ee980b74e9a07b	N	STATEMENT_AUDIT		mu_additive is independent of the recorded-event choice in its frozen statement.
Thermodynamic.ThermodynamicBridge.mu_nonnegative	1606bb9f4dfd24117fc0a091b045630a3d1bf068261ee2f9f9e28336778f32ae	N	STATEMENT_AUDIT		mu_nonnegative is independent of the recorded-event choice in its frozen statement.
ThieleManifold.PhysicsIsomorphism.reversible_embedding_zero_irreversibility	a75f366c414b267055034ed870398b0274b73837b5143fb36f9fab837d85bcc1	M	STATEMENT_AUDIT		reversible_embedding_zero_irreversibility concerns another named model event rather than an arbitrary latchable event.
ThieleManifold.PhysicsIsomorphism.reversible_trace_irreversibility_count_zero	73c5f65365c7c32845e1c479cacf00a81dcd48cd719eb459af71066d10d81236	M	STATEMENT_AUDIT		reversible_trace_irreversibility_count_zero concerns another named model event rather than an arbitrary latchable event.
ThieleManifold.PhysicsIsomorphism.reversible_trace_ledger_sum_zero	c27c531243af5f7a04427bfe6f6d6931db0203ff9f3354a6c3eb51062dabd152	M	STATEMENT_AUDIT		reversible_trace_ledger_sum_zero concerns another named model event rather than an arbitrary latchable event.
ThieleManifold.ThieleManifold.canonical_base_dim	97e7ad2e365e317ac2c35748980c1c3a8faa568f821fbed84ea187a6707d7c50	N	STATEMENT_AUDIT		canonical_base_dim is independent of the recorded-event choice in its frozen statement.
ThieleManifold.ThieleManifold.canonical_level_reasoning	dd1418f8ec434d374f87927f14f7fd4966a2c8b82cb8eab949be281070c58067	N	STATEMENT_AUDIT		canonical_level_reasoning is independent of the recorded-event choice in its frozen statement.
ThieleManifold.ThieleManifold.canonical_level_strict	2d1f3ec3203102c3684e960b4be8f3ff50c3f1483eb7da74d6305e1a6ef15238	N	STATEMENT_AUDIT		canonical_level_strict is independent of the recorded-event choice in its frozen statement.
ThieleManifold.ThieleManifold.mu_cost_positive_for_projection	04c382edfecd0241ec0768b661be6c68016d3cbfc79721f85b9598afe77e6b2e	N	STATEMENT_AUDIT		mu_cost_positive_for_projection is independent of the recorded-event choice in its frozen statement.
ThieleManifold.ThieleManifoldBridge.thiele_self_reference_true	67963f9ea84468d6c45246fe5878cf5ec5e6c4f15bd70b332ffd2e7faa87c8ad	N	STATEMENT_AUDIT		thiele_self_reference_true is independent of the recorded-event choice in its frozen statement.
ThieleManifold.ThieleManifoldBridge.thiele_sentence_of_true	8b9f4938f27ca3c44b0dbd7c54747cd9b3b002776fc7b40bb723482aa3356afd	N	STATEMENT_AUDIT		thiele_sentence_of_true is independent of the recorded-event choice in its frozen statement.
ThieleManifold.ThieleManifoldBridge.thiele_system_self_referential	7b0f5665f93646eefa62a28dcb45293d3fe9ebff5612e7944205f9883d1cc110	N	STATEMENT_AUDIT		thiele_system_self_referential is independent of the recorded-event choice in its frozen statement.
VerifierEscape_Hardness.commitment_contract_verifier	c501e586078e14a910beb6ff9c15bcadb63b72b495e25b997abe871ccca30237	M	STATEMENT_AUDIT		commitment_contract_verifier concerns another named model event rather than an arbitrary latchable event.
VerifierEscape_Hardness.honest_commitments_satisfy_contract	2fc11d5bda7f12dd7169e4181719d2ab8732541f4a68836dc4090970b87c8f67	M	STATEMENT_AUDIT		honest_commitments_satisfy_contract concerns another named model event rather than an arbitrary latchable event.
VerifierEscape_Hardness.unchecked_bit_violates_contract	259189b4668d00e1bdf27780385e8adc77624e74a739adcd1b37798e5d39e937	M	STATEMENT_AUDIT		unchecked_bit_violates_contract concerns another named model event rather than an arbitrary latchable event.
VerifierEscape_Interaction.interactive_escape_succeeds	f9404695bed937274a70e04adf83694289bb0aa9ad0c92946ce5d446b07104d8	M	STATEMENT_AUDIT		interactive_escape_succeeds concerns another named model event rather than an arbitrary latchable event.
VerifierEscape_Substrate.substrate_escape_succeeds	a01fb2702dcb912b7cb508fc0a45de57a4bf3bfa3078d80ca6288556c1fcc963	M	STATEMENT_AUDIT		substrate_escape_succeeds concerns another named model event rather than an arbitrary latchable event.
VerifierExhaustiveness.V_does_not_factor_through_classical	8fece90fdb522ac3a4f599a31980b791721844b6df78892001da53f06f9fcc96	M	STATEMENT_AUDIT		V_does_not_factor_through_classical concerns another named model event rather than an arbitrary latchable event.
VerifierImpossibility.bare_setting_no_sound_complete_verifier	b2b8fc6883c6c33e1cc7f6f76ee34a5672132a3f5054a774f8a486a94378508e	M	STATEMENT_AUDIT		bare_setting_no_sound_complete_verifier concerns another named model event rather than an arbitrary latchable event.
