{
  "problem": "tseitin",
  "timestamp": 1761348963,
  "scaling_analysis": {
    "partitions": [
      4,
      6,
      8
    ],
    "mu_blind_avg": [
      8.0,
      14.5,
      23.5
    ],
    "mu_sighted_avg": [
      238.0,
      285.0,
      348.0
    ],
    "mu_answer_avg": [
      6.0,
      9.0,
      12.0
    ],
    "num_vars": [
      6,
      9,
      12
    ],
    "mu_answer_per_var": [
      1.0,
      1.0,
      1.0
    ],
    "exp_slope": 0.2693897198675693,
    "exp_intercept": 1.02052521821341,
    "exp_r2": 0.9964210713370611,
    "ans_slope": 1.4999999999999998,
    "ans_intercept": 1.7763568394002505e-15,
    "ans_r2": 1.0,
    "sighted_quad_slope": 2.0000000000000004,
    "sighted_quad_r2": 1.0,
    "exp_slope_ci": [
      0.0,
      0.2973535538733465
    ],
    "ans_slope_ci": [
      0.0,
      1.5000000000000009
    ],
    "ratio_slope": 0.008478822563508159,
    "ratio": [
      0.03361344537815126,
      0.05087719298245614,
      0.06752873563218391
    ],
    "aic_exp": -17.814408585051854,
    "aic_poly": -17.814408585051854,
    "aic_const": 7.375278407684165,
    "aic_linear": -207.2399910339879,
    "monotonicity_p": 0.377,
    "runtime_correlation": {
      "rho": 0.5797710356524485,
      "p_value": 0.2277839567150159
    }
  }
}