{
  "bias_final": 0.6931471805599453,
  "coupling": 0.7,
  "k_B": 1.0,
  "ledger_digest_sha256": "8ac22f042be2f9f1b469f319efc404f95d822300ce2f5fa3800ecd3b68053998",
  "ln2": 0.6931471805599453,
  "num_trials": 6,
  "protocol": "sighted",
  "steps": 18
}
