{
  "intercept_tolerance": 0.05,
  "metadata_digest_matches": true,
  "pvalue_threshold": 1e-06,
  "rho_threshold": 0.9,
  "slope_target": 1.0,
  "status": true,
  "trial_count": 4,
  "trials": [
    {
      "entropy_residual": 0.03974870293721322,
      "entropy_sum": 2.343748702937213,
      "intercept": 0.0006984181771789791,
      "intercept_close": true,
      "key": {
        "T": 0.75,
        "protocol": "sighted",
        "seed": 0,
        "trial_id": 0
      },
      "mu_sum": 2.304,
      "p_value": 0.0,
      "p_value_ok": true,
      "rho": 1.0,
      "rho_ok": true,
      "series_matches": true,
      "slope": 1.0232540727182011,
      "slope_ci": [
        0.9216789041469622,
        1.1244878180455402
      ],
      "slope_covers_target": true,
      "summary_entropy_residual": 0.039748702937,
      "summary_entropy_sum": 2.3437487029,
      "summary_intercept": 0.0006984182,
      "summary_matches_ledger": true,
      "summary_mu_sum": 2.304,
      "summary_p_value": 0.0,
      "summary_rho": 1.0,
      "summary_slope": 1.0232540727,
      "summary_slope_ci": [
        0.9216789041,
        1.124487818
      ]
    },
    {
      "entropy_residual": 0.039748702937213665,
      "entropy_sum": 2.3437487029372135,
      "intercept": 0.00038946068195108534,
      "intercept_close": true,
      "key": {
        "T": 0.75,
        "protocol": "sighted",
        "seed": 0,
        "trial_id": 1
      },
      "mu_sum": 2.304,
      "p_value": 0.0,
      "p_value_ok": true,
      "rho": 0.9991304347826087,
      "rho_ok": true,
      "series_matches": true,
      "slope": 1.0325637025897478,
      "slope_ci": [
        0.9078547750872772,
        1.1497408677413528
      ],
      "slope_covers_target": true,
      "summary_entropy_residual": 0.039748702937,
      "summary_entropy_sum": 2.3437487029,
      "summary_intercept": 0.0003894607,
      "summary_matches_ledger": true,
      "summary_mu_sum": 2.304,
      "summary_p_value": 0.0,
      "summary_rho": 0.9991304348,
      "summary_slope": 1.0325637026,
      "summary_slope_ci": [
        0.9078547751,
        1.1497408677
      ]
    },
    {
      "entropy_residual": 0.039748702937213665,
      "entropy_sum": 1.4221487029372135,
      "intercept": -0.000687081101707801,
      "intercept_close": true,
      "key": {
        "T": 1.25,
        "protocol": "sighted",
        "seed": 0,
        "trial_id": 0
      },
      "mu_sum": 1.3823999999999999,
      "p_value": 0.0,
      "p_value_ok": true,
      "rho": 0.9973913043478261,
      "rho_ok": true,
      "series_matches": true,
      "slope": 1.061616803469077,
      "slope_ci": [
        0.9430268496711846,
        1.1564521822796516
      ],
      "slope_covers_target": true,
      "summary_entropy_residual": 0.039748702937,
      "summary_entropy_sum": 1.4221487029,
      "summary_intercept": -0.0006870811,
      "summary_matches_ledger": true,
      "summary_mu_sum": 1.3824,
      "summary_p_value": 0.0,
      "summary_rho": 0.9973913043,
      "summary_slope": 1.0616168035,
      "summary_slope_ci": [
        0.9430268497,
        1.1564521823
      ]
    },
    {
      "entropy_residual": 0.039748702937213665,
      "entropy_sum": 1.4221487029372135,
      "intercept": 0.0003148058165169075,
      "intercept_close": true,
      "key": {
        "T": 1.25,
        "protocol": "sighted",
        "seed": 0,
        "trial_id": 1
      },
      "mu_sum": 1.3823999999999999,
      "p_value": 0.0,
      "p_value_ok": true,
      "rho": 1.0,
      "rho_ok": true,
      "series_matches": true,
      "slope": 1.0164819259895261,
      "slope_ci": [
        0.945318436991301,
        1.171945950721814
      ],
      "slope_covers_target": true,
      "summary_entropy_residual": 0.039748702937,
      "summary_entropy_sum": 1.4221487029,
      "summary_intercept": 0.0003148058,
      "summary_matches_ledger": true,
      "summary_mu_sum": 1.3824,
      "summary_p_value": 0.0,
      "summary_rho": 1.0,
      "summary_slope": 1.016481926,
      "summary_slope_ci": [
        0.945318437,
        1.1719459507
      ]
    }
  ]
}
