{
  "All Four": {
    "num_strategies": 4,
    "avg_vi": 1.1981203125901445,
    "max_vi": 2.0,
    "std_vi": 0.38108133194855054
  },
  "Pair 1": {
    "num_strategies": 2,
    "avg_vi": 0.8112781244591328,
    "max_vi": 0.8112781244591328,
    "std_vi": 0.0
  },
  "Pair 2": {
    "num_strategies": 2,
    "avg_vi": 2.0,
    "max_vi": 2.0,
    "std_vi": 0.0
  },
  "Triplet": {
    "num_strategies": 3,
    "avg_vi": 1.3333333333333333,
    "max_vi": 2.0,
    "std_vi": 0.4714045207910317
  },
  "Single": {
    "num_strategies": 1,
    "note": "single_strategy"
  }
}