n,tm1_moves,tm2_moves,ram_ops,thm_bytes,thm_mu_bits,E_joules
4,9.0,8.0,4.0,8.0,4.0,1.1483915540314896e-20
8,35.0,16.0,8.0,16.0,8.0,2.296783108062979e-20
