{
  "dataset": "isotropic1024coarse",
  "delta_aic": -13.486875214178184,
  "entropy_sum": 4.283784312815366,
  "mu_sum": 4.01742060159151,
  "protocol": "blind",
  "runtime_ci_high": 0.46572761646943867,
  "runtime_ci_low": 0.1338816928195324,
  "runtime_slope": 0.24607659924165515,
  "runtime_sum": 1.0295332419583128,
  "spearman_pvalue": 0.0,
  "spearman_rho": 1.0,
  "step_count": 16
}
