{
  "dataset": "isotropic1024coarse",
  "delta_aic": null,
  "entropy_sum": -0.009772264516457352,
  "mu_sum": 3.878538685301236,
  "protocol": "destroyed",
  "runtime_ci_high": 0.06951298896289965,
  "runtime_ci_low": 0.05246115756248498,
  "runtime_slope": 0.060057134305940174,
  "runtime_sum": 0.2321481872855873,
  "spearman_pvalue": 0.7235441226811103,
  "spearman_rho": 0.09411764705882353,
  "step_count": 16
}
