{
  "dataset": "brownian_beads_02",
  "delta_aic": null,
  "entropy_residual": -6.120344973795787,
  "entropy_sum": -0.07626965180133759,
  "mu_sum": 6.04407532199445,
  "protocol": "destroyed",
  "slope": -0.025704862922621495,
  "slope_ci_high": 28.709208360194847,
  "slope_ci_low": -0.2884823647040518,
  "slope_intercept": -0.001248609887822957,
  "spearman_pvalue": 0.34730467830803335,
  "spearman_rho": -0.3347309635022892,
  "step_count": 9
}
