{
  "cross_domain": {
    "domain_runtime_ratios": {
      "compression": 3.8574288403378185,
      "ldpc": 6.261545982525359,
      "sql": 7.989216911268475
    },
    "domains": [
      "compression",
      "ldpc",
      "sql"
    ],
    "final_runtime_ratio": 5.995161070779946,
    "mean_blind_runtime": 85.29152819827358,
    "mean_sighted_runtime": 14.226728388329606,
    "modules": 14
  },
  "landauer": {
    "max_mu_bits": 0.21640425613334452,
    "min_margin_bits": 0.0,
    "min_work_bits": 0.0,
    "trials_analyzed": 96
  }
}
