{
  "delta_aic_threshold": 10.0,
  "metadata_digest_matches": true,
  "status": true,
  "trial_count": 12,
  "trials": [
    {
      "blind_delta_aic_ok": true,
      "key": {
        "domain": "compression",
        "protocol": "sighted",
        "seed": 0,
        "trial_id": 0
      },
      "ledger": {
        "domain_aic_exponential": -66.8654044464998,
        "domain_aic_polynomial": -66.86389612339619,
        "domain_delta_aic": 0.0015083231036072675,
        "domain_slope": -0.050348724384196554,
        "domain_slope_ci_high": 3.610705247373419e-05,
        "domain_slope_ci_low": -0.10073355582086685,
        "mu_total_bits": 1.2321998218146977,
        "runtime_total": 5.485105000562176,
        "structure_integrity": 1.0
      },
      "sighted_flatness": true,
      "structure_ok": true,
      "summary": {
        "domain_aic_exponential": -66.8654044465,
        "domain_aic_polynomial": -66.8638961234,
        "domain_delta_aic": 0.0015083231,
        "domain_slope": -0.0503487244,
        "domain_slope_ci_high": 3.61071e-05,
        "domain_slope_ci_low": -0.1007335558,
        "mu_total_bits": 1.2321998218,
        "runtime_total": 5.4851050006,
        "structure_integrity": 1.0
      },
      "summary_matches_ledger": true
    },
    {
      "blind_delta_aic_ok": true,
      "key": {
        "domain": "compression",
        "protocol": "sighted",
        "seed": 0,
        "trial_id": 1
      },
      "ledger": {
        "domain_aic_exponential": -66.8654044464998,
        "domain_aic_polynomial": -66.86389612339619,
        "domain_delta_aic": 0.0015083231036072675,
        "domain_slope": -0.050348724384196554,
        "domain_slope_ci_high": 3.610705247373419e-05,
        "domain_slope_ci_low": -0.10073355582086685,
        "mu_total_bits": 1.1783415905806773,
        "runtime_total": 5.48571064655123,
        "structure_integrity": 1.0
      },
      "sighted_flatness": true,
      "structure_ok": true,
      "summary": {
        "domain_aic_exponential": -66.8654044465,
        "domain_aic_polynomial": -66.8638961234,
        "domain_delta_aic": 0.0015083231,
        "domain_slope": -0.0503487244,
        "domain_slope_ci_high": 3.61071e-05,
        "domain_slope_ci_low": -0.1007335558,
        "mu_total_bits": 1.1783415906,
        "runtime_total": 5.4857106466,
        "structure_integrity": 1.0
      },
      "summary_matches_ledger": true
    },
    {
      "blind_delta_aic_ok": true,
      "key": {
        "domain": "compression",
        "protocol": "sighted",
        "seed": 0,
        "trial_id": 2
      },
      "ledger": {
        "domain_aic_exponential": -66.8654044464998,
        "domain_aic_polynomial": -66.86389612339619,
        "domain_delta_aic": 0.0015083231036072675,
        "domain_slope": -0.050348724384196554,
        "domain_slope_ci_high": 3.610705247373419e-05,
        "domain_slope_ci_low": -0.10073355582086685,
        "mu_total_bits": 1.2374255450918514,
        "runtime_total": 5.488856076625169,
        "structure_integrity": 1.0
      },
      "sighted_flatness": true,
      "structure_ok": true,
      "summary": {
        "domain_aic_exponential": -66.8654044465,
        "domain_aic_polynomial": -66.8638961234,
        "domain_delta_aic": 0.0015083231,
        "domain_slope": -0.0503487244,
        "domain_slope_ci_high": 3.61071e-05,
        "domain_slope_ci_low": -0.1007335558,
        "mu_total_bits": 1.2374255451,
        "runtime_total": 5.4888560766,
        "structure_integrity": 1.0
      },
      "summary_matches_ledger": true
    },
    {
      "blind_delta_aic_ok": true,
      "key": {
        "domain": "ldpc",
        "protocol": "sighted",
        "seed": 0,
        "trial_id": 0
      },
      "ledger": {
        "domain_aic_exponential": -55.52941838194428,
        "domain_aic_polynomial": -55.52942037009153,
        "domain_delta_aic": -1.98814724683416e-06,
        "domain_slope": -0.0031180249116625077,
        "domain_slope_ci_high": 0.32364537578811936,
        "domain_slope_ci_low": -0.3298814256114444,
        "mu_total_bits": 1.4336373911201334,
        "runtime_total": 5.818480245783264,
        "structure_integrity": 1.0
      },
      "sighted_flatness": true,
      "structure_ok": true,
      "summary": {
        "domain_aic_exponential": -55.5294183819,
        "domain_aic_polynomial": -55.5294203701,
        "domain_delta_aic": -1.9881e-06,
        "domain_slope": -0.0031180249,
        "domain_slope_ci_high": 0.3236453758,
        "domain_slope_ci_low": -0.3298814256,
        "mu_total_bits": 1.4336373911,
        "runtime_total": 5.8184802458,
        "structure_integrity": 1.0
      },
      "summary_matches_ledger": true
    },
    {
      "blind_delta_aic_ok": true,
      "key": {
        "domain": "ldpc",
        "protocol": "sighted",
        "seed": 0,
        "trial_id": 1
      },
      "ledger": {
        "domain_aic_exponential": -55.52941838194428,
        "domain_aic_polynomial": -55.52942037009153,
        "domain_delta_aic": -1.98814724683416e-06,
        "domain_slope": -0.0031180249116625077,
        "domain_slope_ci_high": 0.32364537578811936,
        "domain_slope_ci_low": -0.3298814256114444,
        "mu_total_bits": 1.4225120086699696,
        "runtime_total": 5.826755283032826,
        "structure_integrity": 1.0
      },
      "sighted_flatness": true,
      "structure_ok": true,
      "summary": {
        "domain_aic_exponential": -55.5294183819,
        "domain_aic_polynomial": -55.5294203701,
        "domain_delta_aic": -1.9881e-06,
        "domain_slope": -0.0031180249,
        "domain_slope_ci_high": 0.3236453758,
        "domain_slope_ci_low": -0.3298814256,
        "mu_total_bits": 1.4225120087,
        "runtime_total": 5.826755283,
        "structure_integrity": 1.0
      },
      "summary_matches_ledger": true
    },
    {
      "blind_delta_aic_ok": true,
      "key": {
        "domain": "ldpc",
        "protocol": "sighted",
        "seed": 0,
        "trial_id": 2
      },
      "ledger": {
        "domain_aic_exponential": -55.52941838194428,
        "domain_aic_polynomial": -55.52942037009153,
        "domain_delta_aic": -1.98814724683416e-06,
        "domain_slope": -0.0031180249116625077,
        "domain_slope_ci_high": 0.32364537578811936,
        "domain_slope_ci_low": -0.3298814256114444,
        "mu_total_bits": 1.390942144842351,
        "runtime_total": 5.81729051854357,
        "structure_integrity": 1.0
      },
      "sighted_flatness": true,
      "structure_ok": true,
      "summary": {
        "domain_aic_exponential": -55.5294183819,
        "domain_aic_polynomial": -55.5294203701,
        "domain_delta_aic": -1.9881e-06,
        "domain_slope": -0.0031180249,
        "domain_slope_ci_high": 0.3236453758,
        "domain_slope_ci_low": -0.3298814256,
        "mu_total_bits": 1.3909421448,
        "runtime_total": 5.8172905185,
        "structure_integrity": 1.0
      },
      "summary_matches_ledger": true
    },
    {
      "blind_delta_aic_ok": true,
      "key": {
        "domain": "compression",
        "protocol": "sighted",
        "seed": 1,
        "trial_id": 0
      },
      "ledger": {
        "domain_aic_exponential": -66.8654044464998,
        "domain_aic_polynomial": -66.86389612339619,
        "domain_delta_aic": 0.0015083231036072675,
        "domain_slope": -0.050348724384196554,
        "domain_slope_ci_high": 3.610705247373419e-05,
        "domain_slope_ci_low": -0.10073355582086685,
        "mu_total_bits": 1.2713481821547084,
        "runtime_total": 5.4881460817779155,
        "structure_integrity": 1.0
      },
      "sighted_flatness": true,
      "structure_ok": true,
      "summary": {
        "domain_aic_exponential": -66.8654044465,
        "domain_aic_polynomial": -66.8638961234,
        "domain_delta_aic": 0.0015083231,
        "domain_slope": -0.0503487244,
        "domain_slope_ci_high": 3.61071e-05,
        "domain_slope_ci_low": -0.1007335558,