{
  "dataset": "optical_tweezers_01",
  "delta_aic": 553.2621289833756,
  "entropy_residual": 0.4500000000000002,
  "entropy_sum": 6.5161652907412115,
  "mu_sum": 6.066165290741211,
  "protocol": "blind",
  "slope": 1.0268671471080524,
  "slope_ci_high": 6.62535225817536,
  "slope_ci_low": -30.518410233431464,
  "slope_intercept": 0.0338925663886972,
  "spearman_pvalue": 7.431743208430708e-21,
  "spearman_rho": 0.9623515200690814,
  "step_count": 9
}
