{
  "dataset": "optical_tweezers_01",
  "delta_aic": null,
  "entropy_residual": 0.0003282930079935298,
  "entropy_sum": 6.066493583749205,
  "mu_sum": 6.066165290741211,
  "protocol": "sighted",
  "slope": 0.9998179386648129,
  "slope_ci_high": 1.0009449765281866,
  "slope_ci_low": 0.9962715687757998,
  "slope_intercept": 0.00010396136494705832,
  "spearman_pvalue": 3.6094916516582618e-183,
  "spearman_rho": 0.9958246164193104,
  "step_count": 9
}
