{
  "bias_final": 0.6931471805599453,
  "coupling": 0.7,
  "k_B": 1.0,
  "ledger_digest_sha256": "8898cd86cefeea113cc3e1e77a7f592127a2d971aa216c13719c3352eadb5ab3",
  "ln2": 0.6931471805599453,
  "num_trials": 6,
  "protocol": "blind",
  "steps": 18
}
