{
  "git_head": "452c0657fc6a3d836c51d834689324f6c31d9bd6",
  "platform": {
    "python": "3.12.3",
    "os": "Linux-6.8.0-1030-azure-x86_64-with-glibc2.39",
    "machine": "x86_64"
  },
  "n": 16,
  "spearman_rho": 0.16986872838731648,
  "r2_baseline_a": 0.047623695074624495,
  "r2_plus_mu": 0.05036193101767472,
  "r2_delta": 0.0027382359430502268,
  "auc_mu_hard": null,
  "hard_threshold_s": 0.2,
  "per_family": {
    "chain": {
      "n": 4.0,
      "spearman_rho": 0.8944271909999159
    },
    "modular": {
      "n": 4.0,
      "spearman_rho": 0.0
    },
    "random": {
      "n": 4.0,
      "spearman_rho": 0.19999999999999996
    },
    "tree": {
      "n": 4.0,
      "spearman_rho": -0.4472135954999579
    }
  }
}