{
  "dataset": "brownian_beads_02",
  "delta_aic": null,
  "entropy_residual": 1.9714029781958686e-05,
  "entropy_sum": 6.044095036024232,
  "mu_sum": 6.04407532199445,
  "protocol": "sighted",
  "slope": 0.9998574305354692,
  "slope_ci_high": 1.000740171898025,
  "slope_ci_low": 0.9970775063924335,
  "slope_intercept": 5.4781876178244815e-05,
  "spearman_pvalue": 3.6094916516582618e-183,
  "spearman_rho": 0.9958246164193104,
  "step_count": 9
}
