{
  "verdicts": {
    "einstein@T=1.0": false
  },
  "diagnostics": {
    "einstein@T=1.0": {
      "mean_diff": 0.251731072007643,
      "std_diff": 0.010645094310894755,
      "n": 80
    }
  }
}