{
  "intercept_tolerance": 0.05,
  "metadata_digest_matches": true,
  "pvalue_threshold": 1e-06,
  "rho_threshold": 0.9,
  "slope_target": 1.0,
  "status": true,
  "trial_count": 2,
  "trials": [
    {
      "entropy_residual": 0.11999980043327696,
      "entropy_sum": 56.11999980043327,
      "intercept": 4.847878498459579e-05,
      "intercept_close": true,
      "key": {
        "T": 0.1,
        "protocol": "sighted",
        "seed": 0,
        "trial_id": 0
      },
      "mu_sum": 55.99999999999999,
      "p_value": 0.0,
      "p_value_ok": true,
      "rho": 1.0,
      "rho_ok": true,
      "series_matches": true,
      "slope": 1.0000342843486212,
      "slope_ci": [
        0.959688330107104,
        1.0266224409422675
      ],
      "slope_covers_target": true,
      "summary_entropy_residual": 0.119999800433,
      "summary_entropy_sum": 56.1199998004,
      "summary_intercept": 4.84788e-05,
      "summary_matches_ledger": true,
      "summary_mu_sum": 56.0,
      "summary_p_value": 0.0,
      "summary_rho": 1.0,
      "summary_slope": 1.0000342843,
      "summary_slope_ci": [
        0.9596883301,
        1.0266224409
      ]
    },
    {
      "entropy_residual": 0.11999980043327341,
      "entropy_sum": 0.6799998004332733,
      "intercept": 0.0009128633060026536,
      "intercept_close": true,
      "key": {
        "T": 10.0,
        "protocol": "sighted",
        "seed": 0,
        "trial_id": 0
      },
      "mu_sum": 0.5599999999999999,
      "p_value": 2.5202105102200728e-123,
      "p_value_ok": true,
      "rho": 0.98,
      "rho_ok": true,
      "series_matches": true,
      "slope": 1.1362297716571015,
      "slope_ci": [
        -0.7612557735858427,
        3.2025355006387923
      ],
      "slope_covers_target": true,
      "summary_entropy_residual": 0.119999800433,
      "summary_entropy_sum": 0.6799998004,
      "summary_intercept": 0.0009128633,
      "summary_matches_ledger": true,
      "summary_mu_sum": 0.56,
      "summary_p_value": 2.52021051022e-123,
      "summary_rho": 0.98,
      "summary_slope": 1.1362297717,
      "summary_slope_ci": [
        -0.7612557736,
        3.2025355006
      ]
    }
  ]
}
