{
  "intercept_tolerance": 0.05,
  "metadata_digest_matches": true,
  "pvalue_threshold": 1e-06,
  "rho_threshold": 0.9,
  "slope_target": 1.0,
  "status": false,
  "trial_count": 1,
  "trials": [
    {
      "entropy_residual": -3.900066131564079,
      "entropy_sum": -7.326343946972406,
      "intercept": -0.1173735278691722,
      "intercept_close": false,
      "key": {
        "T": 1.0,
        "protocol": "sighted",
        "seed": 0,
        "trial_id": 0
      },
      "mu_sum": -3.426277815408327,
      "p_value": 5.038606992893116e-30,
      "p_value_ok": true,
      "rho": 0.95,
      "rho_ok": true,
      "series_matches": true,
      "slope": 0.819008838250988,
      "slope_ci": [
        -1.6234985595635796,
        3.4432287604828886
      ],
      "slope_covers_target": true,
      "summary_entropy_residual": -3.900066131564,
      "summary_entropy_sum": -7.326343947,
      "summary_intercept": -0.1173735279,
      "summary_matches_ledger": true,
      "summary_mu_sum": -3.4262778154,
      "summary_p_value": 5.038606992893e-30,
      "summary_rho": 0.95,
      "summary_slope": 0.8190088383,
      "summary_slope_ci": [
        -1.6234985596,
        3.4432287605
      ]
    }
  ]
}
