{
  "verdicts": {
    "sighted@T=1.0": true
  },
  "diagnostics": {
    "sighted@T=1.0": {
      "mean_diff": 0.022018303766845347,
      "std_diff": 0.012927909904357724,
      "n": 11
    }
  }
}