{
  "dataset": "convection_cells_01",
  "delta_aic": 553.2621289833756,
  "entropy_residual": 0.4500000000000002,
  "entropy_sum": 6.47044073705634,
  "mu_sum": 6.02044073705634,
  "protocol": "blind",
  "slope": 1.0269987398258391,
  "slope_ci_high": 6.657744304817325,
  "slope_ci_low": -30.649458345031626,
  "slope_intercept": 0.03394267456557298,
  "spearman_pvalue": 7.431743208430708e-21,
  "spearman_rho": 0.9623515200690814,
  "step_count": 9
}
