{
  "dataset": "convection_cells_01",
  "delta_aic": null,
  "entropy_residual": -6.0967103888576775,
  "entropy_sum": -0.07626965180133759,
  "mu_sum": 6.02044073705634,
  "protocol": "destroyed",
  "slope": -0.025774308237357522,
  "slope_ci_high": 28.772766880406564,
  "slope_ci_low": -0.2892133343902888,
  "slope_intercept": -0.0012707904041957575,
  "spearman_pvalue": 0.34730467830803335,
  "spearman_rho": -0.3347309635022892,
  "step_count": 9
}
