{
  "dataset": "convection_cells_01",
  "delta_aic": null,
  "entropy_residual": -0.00018474341067253874,
  "entropy_sum": 6.020255993645668,
  "mu_sum": 6.02044073705634,
  "protocol": "sighted",
  "slope": 0.9998879428479154,
  "slope_ci_high": 1.0005818946835212,
  "slope_ci_low": 0.9977006399683269,
  "slope_intercept": 2.0596177911280655e-05,
  "spearman_pvalue": 3.6094916516582618e-183,
  "spearman_rho": 0.9958246164193104,
  "step_count": 9
}
