{
  "dataset": "brownian_beads_02",
  "delta_aic": 553.2621289833756,
  "entropy_residual": 0.4500000000000002,
  "entropy_sum": 6.49407532199445,
  "mu_sum": 6.04407532199445,
  "protocol": "blind",
  "slope": 1.0269304610261236,
  "slope_ci_high": 6.640936770934257,
  "slope_ci_low": -30.581460290499592,
  "slope_intercept": 0.033916781112895644,
  "spearman_pvalue": 7.431743208430708e-21,
  "spearman_rho": 0.9623515200690814,
  "step_count": 9
}
