test_case,true_D,recovered_D,error_abs,error_pct,mu_total,mu_discovery,mu_execution,r_squared,best_model,pde_form
diffusion_D100_n64,0.1,0.10000000000000006,5.551115123125783e-17,5.551115123125783e-14,62.93156856932417,47.965784284662085,14.965784284662087,1.0,diffusion,∂u/∂t = 0.1000 ∇²u
diffusion_D100_n128,0.1,0.10000000000000012,1.1102230246251565e-16,1.1102230246251565e-13,64.93156856932417,48.965784284662085,15.965784284662087,1.0,diffusion,∂u/∂t = 0.1000 ∇²u
diffusion_D200_n64,0.2,0.20000000000000018,1.6653345369377348e-16,8.326672684688674e-14,62.93156856932417,47.965784284662085,14.965784284662087,1.0,diffusion,∂u/∂t = 0.2000 ∇²u
diffusion_D050_n64,0.05,0.04999999999999988,1.249000902703301e-16,2.498001805406602e-13,64.10149357076648,48.55074678538324,15.550746785383243,1.0,diffusion,∂u/∂t = 0.0500 ∇²u
diffusion_D150_n32,0.15,0.1499999999999997,3.0531133177191805e-16,2.0354088784794538e-13,60.93156856932417,46.965784284662085,13.965784284662087,1.0,diffusion,∂u/∂t = 0.1500 ∇²u
