{
  "candidate": {
    "coefficients": [],
    "expression": "grad_next = 0/1",
    "features": [],
    "intercept": {
      "denominator": 1,
      "numerator": 0
    },
    "model_bits": 1.0,
    "residual_bits": 1.4208204388478471,
    "total_bits": 2.420820438847847
  },
  "nusd": {
    "boltzmann_constant": 1.380649e-23,
    "calibrated_mu_bits": 15.579179561152152,
    "calibrated_work_joules": 2.5576581239559765e-06,
    "calibration": {
      "mean_energy_per_mu_bit_joules": 1.6417155434383002e-07,
      "sample_count": 6,
      "sha256": "5e7fc7acf255b9b167d2244c9e9f7657dc63b048795e08f48b5e6f77948ff6a8",
      "source_path": "mu_bit_correlation_data.json",
      "std_energy_per_mu_bit_joules": 1.5043083777127638e-07,
      "total_energy_joules": 9.5882e-06,
      "total_mu_bits": 51.94926889651077
    },
    "epsilon_bits": 0.10353146825498083,
    "landauer_factor_j_per_bit": 2.870978885078724e-21,
    "landauer_work_bound_joules": 4.44302589076166e-20,
    "ln2": 0.6931471805599453,
    "mu_answer_bits": 14.579179561152152,
    "mu_question_bits": 1.0,
    "mu_total_bits": 15.47564809289717,
    "temperature_kelvin": 300.0
  }
}